UniqueTagID,EntitlementIndex,IsEnabled,DisplayName,Description,IsConsumable,Icon,RewardType,Reward(s),EntitlementInfo,SourceType,Notes
DEBUG_LOTE,1,true,NEVER SELL THIS,LORD OF THE ENTITLEMENTS,,,Entitlement,EveryDangThing,ONE ENTITLEMENT TO RULE THEM ALL,Twitch,
DLC_Item_WoodsmanArmor,2,true,@WoodsmanArmor_EntName,@WoodsmanArmor_EntDes,,,ItemSkin,WoodsmanHead+WoodsmanChest+WoodsmanHands+WoodsmanLegs+WoodsmanFeet,@WoodsmanArmor_EntInfo,Preorder,
DLC_Item_WoodsmanThrowingAxe,3,true,@WoodsmanThrowingAxe_EntName,@WoodsmanThrowingAxe_EntDes,,,ItemSkin,WoodsmanHatchet,@WoodsmanThrowingAxe_EntInfo,Preorder,
VenetianArmor,4,true,@VenetianArmor_EntName,@VenetianArmor_EntDes,,,ItemSkin,ThespianHead+ThespianChest+ThespianHands+ThespianLegs+ThespianFeet,@VenetianArmor_EntInfo,Prime,
VenetianSword,5,true,@VenetianSword_EntName,@VenetianSword_EntDes,,,ItemSkin,VioletRage,@VenetianSword_EntInfo,Prime,
STEAM_APP_ID.1200566,47,true,@DigitalArtBook_EntName,@DigitalArtBook_EntDes,,,Entitlement,DigitalArtBook,@DigitalArtBook_EntInfo,Store,
DigitalArtBook,48,true,@DigitalArtBook_EntName,@DigitalArtBook_EntDes,,,Misc,ArtBook,@DigitalArtBook_EntInfo,Store,
Marks of Fortune,90,true,@ui_marks_of_fortune,@ui_marks_of_fortune,true,,FictionalCurrency,1,,Store,
galaxy_rabbit,101,true,Galaxy Rabbit,,,,HousingItem,House_HousingItem_Pet_Entitlement_Rabbit_Galaxy,,Store,
pirate_lrg_treasure_pile,103,true,Pirate Bling,,,,HousingItem,House_HousingItem_Entitlement_Chair_Pirate_LargeTreasurePile,Pirate Bling,Store,
pirate_bone_chandelier,104,true,Pirate Bling,,,,HousingItem,House_HousingItem_Entitlement_Lighting_Pirate_BoneChandelier,Pirate Bling,Store,
pirate_skulltower01,105,true,Pirate Bling,,,,HousingItem,House_HousingItem_Entitlement_Lighting_Pirate_SkullTower01,Pirate Bling,Store,
pirate_skulltower02,106,true,Pirate Bling,,,,HousingItem,House_HousingItem_Entitlement_Lighting_Pirate_SkullTower02,Pirate Bling,Store,
pirate_bird,107,true,Pirate Bling,,,,HousingItem,House_HousingItem_Entitlement_Pet_Pirate_Bird,Pirate Bling,Store,
pirate_cannon,108,true,Pirate Bling,,,,HousingItem,House_HousingItem_Entitlement_Pirate_Cannon,Pirate Bling,Store,
pirate_treasure_map,109,true,Pirate Bling,,,,HousingItem,House_HousingItem_Entitlement_Pirate_Deluxe_TreasureMap,Pirate Bling,Store,
pirate_vase,110,true,Pirate Bling,,,,HousingItem,House_HousingItem_Entitlement_Pirate_FancyVase,Pirate Bling,Store,
pirate_mermaid,111,true,Pirate Bling,,,,HousingItem,House_HousingItem_Entitlement_Pirate_Mermaid_Painting,Pirate Bling,Store,
pirate_sm_treasure_pile,112,true,Pirate Bling,,,,HousingItem,House_HousingItem_Entitlement_Pirate_SmallTreasurePile,Pirate Bling,Store,
pirate_steering_wheel,113,true,Pirate Bling,,,,HousingItem,House_HousingItem_Entitlement_Pirate_SteeringWheel,Pirate Bling,Store,
pirate_jollyroger,114,true,Pirate Bling,,,,HousingItem,House_HousingItem_Entitlement_Wall_Pirate_JollyRoger,Pirate Bling,Store,
Firework1,115,true,@Firework1_EntName,@Firework1_EntDes,true,,Emote,Emote_Firework1,@Firework1_EntInfo,Store,
Firework2,116,true,@Firework2_EntName,@Firework2_EntDes,true,,Emote,Emote_Firework2,@Firework2_EntInfo,Store,
Firework3,117,true,@Firework3_EntName,@Firework3_EntDes,true,,Emote,Emote_Firework3,@Firework3_EntInfo,Store,
Firework4,118,true,@Firework4_EntName,@Firework4_EntDes,true,,Emote,Emote_Firework4,@Firework4_EntInfo,Store,
Firework5,119,true,@Firework5_EntName,@Firework5_EntDes,true,,Emote,Emote_Firework5,@Firework5_EntInfo,Store,
silver_dye,121,true,,,true,,ItemDye,DyeA058,,Store,
shipgray_dye,124,true,,,true,,ItemDye,DyeA027,,Store,
sublimebone_dye,127,true,,,true,,ItemDye,DyeA030,,Store,
bleached_cofee_dye,129,true,,,true,,ItemDye,DyeA032,,Store,
smolderingscarlet_dye,130,true,,,true,,ItemDye,DyeA033,,Store,
blood_dye,131,true,,,true,,ItemDye,DyeA034,,Store,
rouge_dye,132,true,,,true,,ItemDye,DyeA035,,Store,
viola_dye,133,true,,,true,,ItemDye,DyeA036,,Store,
burntsienna_dye,135,true,,,true,,ItemDye,DyeA038,,Store,
silt_dye,136,true,,,true,,ItemDye,DyeA039,,Store,
keylime_dye,139,true,,,true,,ItemDye,DyeA042,,Store,
forestgreen_dye,140,true,,,true,,ItemDye,DyeA043,,Store,
greengrass_dye,141,true,,,true,,ItemDye,DyeA044,,Store,
angelicsatin_dye,143,true,,,true,,ItemDye,DyeA046,,Store,
tradewind_dye,144,true,,,true,,ItemDye,DyeA047,,Store,
hiddenstream_dye,145,true,,,true,,ItemDye,DyeA048,,Store,
bluedsteel_dye,146,true,,,true,,ItemDye,DyeA049,,Store,
fiercecobalt_dye,148,true,,,true,,ItemDye,DyeA051,,Store,
springgrape_dye,149,true,,,true,,ItemDye,DyeA052,,Store,
deepvelvet_dye,152,true,,,true,,ItemDye,DyeA055,,Store,
crushedberry_dye,153,true,,,true,,ItemDye,DyeA056,,Store,
lavender_dye,154,true,,,true,,ItemDye,DyeA057,,Store,
twitchpurple_dye,155,true,,,true,,ItemDye,DyeA023,,Prime,
primeblue_dye,156,true,,,true,,ItemDye,DyeA004,,Prime,
amazonorange_dye,157,true,,,true,,ItemDye,DyeA022,,Prime,
icon_crest_8,158,true,,,,,GuildCrest,icon_crest_8,,Store,
icon_crest_145,159,true,,,,,GuildCrest,icon_crest_145,,Store,
icon_crest_191,160,true,,,,,GuildCrest,icon_crest_191,,Store,
icon_crest_23,161,true,,,,,GuildCrest,icon_crest_23,,Store,
icon_crest_160,162,true,,,,,GuildCrest,icon_crest_160,,Store,
icon_crest_200,163,true,,,,,GuildCrest,icon_crest_200,,Store,
icon_crest_35,164,true,,,,,GuildCrest,icon_crest_35,,Store,
icon_crest_162,165,true,,,,,GuildCrest,icon_crest_162,,Store,
icon_crest_201,166,true,,,,,GuildCrest,icon_crest_201,,Store,
icon_crest_42,167,true,,,,,GuildCrest,icon_crest_42,,Store,
icon_crest_170,168,true,,,,,GuildCrest,icon_crest_170,,Store,
icon_crest_202,169,true,,,,,GuildCrest,icon_crest_202,,Store,
icon_crest_53,170,true,,,,,GuildCrest,icon_crest_53,,Store,
icon_crest_54,171,true,,,,,GuildCrest,icon_crest_54,,Store,
icon_crest_55,172,true,,,,,GuildCrest,icon_crest_55,,Store,
icon_crest_178,175,true,,,,,GuildCrest,icon_crest_178,,Store,
icon_crest_203,176,true,,,,,GuildCrest,icon_crest_203,,Store,
icon_crest_204,177,true,,,,,GuildCrest,icon_crest_204,,Store,
icon_crest_205,178,true,,,,,GuildCrest,icon_crest_205,,Store,
icon_crest_56,179,true,,,,,GuildCrest,icon_crest_56,,Store,
icon_crest_90,180,true,,,,,GuildCrest,icon_crest_90,,Store,
icon_crest_144,181,true,,,,,GuildCrest,icon_crest_144,,Store,
icon_crest_179,182,true,,,,,GuildCrest,icon_crest_179,,Store,
icon_crest_184,183,true,,,,,GuildCrest,icon_crest_184,,Store,
icon_crest_187,184,true,,,,,GuildCrest,icon_crest_187,,Store,
icon_crest_206,185,true,,,,,GuildCrest,icon_crest_206,,Store,
icon_crest_207,186,true,,,,,GuildCrest,icon_crest_207,,Store,
icon_crest_208,187,true,,,,,GuildCrest,icon_crest_208,,Store,
howl_at_dawn,188,true,@VikingSword_EntName,@VikingSword_EntDes,,,ItemSkin,HowlatDawn,@VikingSword_EntInfo,Store,
dragons_coil,189,true,@VikingShield_EntName,@VikingShield_EntDes,,,ItemSkin,DragonsCoil,@VikingShield_EntInfo,Store,
crescent_fang,190,true,@VikingThrowingAxe_EntName,@VikingThrowingAxe_EntDes,,,ItemSkin,CrescentFang,@VikingThrowingAxe_EntInfo,Store,
twin_wolves,191,true,@VikingWarhammer_EntName,@VikingWarhammer_EntDes,,,ItemSkin,TwinWolves,@VikingWarhammer_EntInfo,Store,
lumberjack,192,true,@LumberjackArmor_EntName,@LumberjackArmor_EntDes,,,ItemSkin,LumberjackInvasionHead+LumberjackInvasionChest+LumberjackInvasionHands+LumberjackInvasionLegs+LumberjackInvasionFeet,@LumberjackArmor_EntInfo,Store,
runic_bear,193,true,@VikingHeavyArmor_EntName,@VikingHeavyArmor_EntDes,,,ItemSkin,RunicBearHead+RunicBearChest+RunicBearHands+RunicBearLegs+RunicBearFeet,@VikingHeavyArmor_EntInfo,Store,
runic_jackal,194,true,@VikingMediumArmor_EntName,@VikingMediumArmor_EntDes,,,ItemSkin,RunicJackalHead+RunicJackalChest+RunicJackalHands+RunicJackalLegs+RunicJackalFeet,@VikingMediumArmor_EntInfo,Store,
runic_fox,195,true,@VikingLightArmor_EntName,@VikingLightArmor_EntDes,,,ItemSkin,RunicFoxHead+RunicFoxChest+RunicFoxHands+RunicFoxLegs+RunicFoxFeet,@VikingLightArmor_EntInfo,Store,
suncourt_regalia,196,true,@RoyalCourtLightArmor_EntName,@RoyalCourtLightArmor_EntDes,,,ItemSkin,RoyalCourtLightHead+RoyalCourtLightChest+RoyalCourtLightHands+RoyalCourtLightLegs+RoyalCourtLightFeet,@suncourt_regalia_EntInfo,Store,
jesters_delight,197,true,@RoyalCourtMediumArmor_EntName,@RoyalCourtMediumArmor_EntDes,,,ItemSkin,RoyalCourtMediumHead+RoyalCourtMediumChest+RoyalCourtMediumHands+RoyalCourtMediumLegs+RoyalCourtMediumFeet,@jesters_delight_EntInfo,Store,
deaths_coronation,198,true,@RoyalCourtHeavyArmor_EntName,@RoyalCourtHeavyArmor_EntDes,,,ItemSkin,RoyalCourtHeavyHead+RoyalCourtHeavyChest+RoyalCourtHeavyHands+RoyalCourtHeavyLegs+RoyalCourtHeavyFeet,@deaths_coronation_EntInfo,Store,
crest_of_the_allsight,199,true,@RoyalCourtShield_EntName,@RoyalCourtShield_EntDes,,,ItemSkin,Crestoftheallsight,@crest_of_the_allsight_EntInfo,Store,
gallantry,200,true,@RoyalCourtSword_EntName,@RoyalCourtSword_EntDes,,,ItemSkin,Gallantry,@gallantry_EntInfo,Store,
wicked_tyrant,201,true,@RoyalCourtAxe_EntName,@RoyalCourtAxe_EntDes,,,ItemSkin,WickedTyrant,@wicked_tyrant_EntInfo,Store,
the_golden_colt,202,true,@RoyalCourtFireStaff_EntName,@RoyalCourtFireStaff_EntDes,,,ItemSkin,GoldenColt,@the_golden_colt_EntInfo,Store,
monarchs_might,203,true,@RoyalCourtHammer_EntName,@RoyalCourtHammer_EntDes,,,ItemSkin,MonarchsMight,@monarchs_might_EntInfo,Store,
eyesonyou,204,true,@EyesOnYouEmote_EntName,@EyesOnYouEmote_EntDes,,,Emote,Emote_EyesOnYou,,Store,
coin_toss,205,true,@CoinTossEmote_EntName,@CoinTossEmote_EntDes,,,Emote,Emote_CoinToss,,Store,
thumbs,206,true,@ThumbsEmotes_EntName,@ThumbsEmotes_EntDes,,,Emote,Emote_ThumbsSide+Emote_ThumbsUp+Emote_ThumbsDown,@ThumbsEmotes_EntInfo,Store,
arm_flex,207,true,Arm Flex Emote,,,,Emote,Emote_Flex3,,Store,
applause,208,true,@GolfClapEmote_EntName,@GolfClapEmote_EntDes,,,Emote,Emote_GolfClap,@GolfClapEmote_EntInfo,Store,
twitch_pirate_weapon_sword,209,true,@PirateSword_EntName,@PirateSword_EntDes,,,ItemSkin,GraveStakes,@twitch_pirate_weapon_sword_EntInfo,Prime,
twitch_pirate_emote_throat,210,true,@ThroatslitEmote_EntName,@ThroatslitEmote_EntDes,,,Emote,Emote_ThroatSlit,@twitch_pirate_emote_throat_EntInfo,Prime,
twitch_pirate_emote_piratestance,211,true,@PirateStance_EntName,@PirateStance_EntDes,,,Emote,Emote_PiratePose,@twitch_pirate_emote_piratestance_EntInfo,Prime,
twitch_pirate_icon_102,212,true,@PirateCrest1_EntName,@PirateCrest_EntDes,,,GuildCrest,twitch_pirate_icon_102,@twitch_pirate_icon_102_EntInfo,Prime,
twitch_pirate_icon_103,213,true,@PirateCrest2_EntName,@PirateArmor_EntDes,,,GuildCrest,twitch_pirate_icon_103,@twitch_pirate_icon_103_EntInfo,Prime,
twitch_pirate_icon_104,214,true,@PirateCrest3_EntName,@PirateSword_EntDes,,,GuildCrest,twitch_pirate_icon_104,@twitch_pirate_icon_104_EntInfo,Prime,
twitch_pirate_itemskin,215,true,@twitch_pirate_itemskin_EntName,@twitch_pirate_itemskin_EntDes,,,ItemSkin,TwitchPirateHead+TwitchPirateChest+TwitchPirateHands+TwitchPirateLegs+TwitchPirateFeet,@twitch_pirate_itemskin_EntInfo,Prime,
twitch_robinhood_itemskin,216,true,,,,,ItemSkin,Skin_Head_RobinHood+Skin_Chest_RobinHood+Skin_Hands_RobinHood+Skin_Legs_RobinHood+Skin_Feet_RobinHood,,Prime,
twitch_robinhood_emote_blowkiss,217,true,,,,,Emote,Emote_BlowKiss,,Prime,
twitch_robinhood_emote_fingerwag,218,true,,,,,Emote,Emote_FingerWag,,Prime,
twitch_robinhood_icon_142,219,true,,,,,GuildCrest,twitch_robinhood_icon_142,,Prime,
twitch_robinhood_icon_149,220,true,,,,,GuildCrest,twitch_robinhood_icon_149,,Prime,
twitch_robinhood_icon_157,221,true,,,,,GuildCrest,twitch_robinhood_icon_157,,Prime,
STEAM_APP_ID.1211760,223,true,@PreOrderTitle_EntName,@PreOrderTitle_EntDes,,,PlayerTitle,PlayerTitle_Preorder,@PreOrderTitle_EntInfo,Preorder,
STEAM_APP_ID.1200560,224,true,@FistBumpEmote_EntName,@FistBumpEmote_EntDes,,,Entitlement,DLC_Item_Emote_FistBump,@FistBumpEmote_EntInfo,Preorder,
STEAM_APP_ID.1200561,225,true,@WoodsmanCrests_EntName,@WoodsmanCrests_EntDes,,,Entitlement,DLC_Item_Woodsman_Crest_1+DLC_Item_Woodsman_Crest_2+DLC_Item_Woodsman_Crest_3,@WoodsmanCrests_EntInfo,Preorder,
STEAM_APP_ID.1200562,226,true,@IsabellasAmulet_EntName,@IsabellasAmulet_EntDes,,,InventoryItem,AmuletIsabellaT1,@IsabellasAmulet_EntInfo,Preorder,
STEAM_APP_ID.1200563,227,true,@WoodsmanArmor_EntName,@WoodsmanArmor_EntDes,,,Entitlement,DLC_Item_WoodsmanArmor,@WoodsmanArmor_EntInfo,Preorder,
STEAM_APP_ID.1200564,228,true,@WoodsmanThrowingAxe_EntName,@WoodsmanThrowingAxe_EntDes,,,Entitlement,DLC_Item_WoodsmanThrowingAxe,@WoodsmanThrowingAxe_EntInfo,Store,
STEAM_APP_ID.1200565,229,true,@WoodsmanMastiff_EntName,@WoodsmanMastiff_EntDes,,,Entitlement,DLC_Item_mastiff_housing,@WoodsmanMastiff_EntInfo,Store,
STEAM_APP_ID.1200567,230,true,@RockPaperScissorsEmote_EntName,@RockPaperScissorsEmote_EntDes,,,Entitlement,DLC_Item_Emote_RockPaperScissors,@RockPaperScissorsEmote_EntInfo,Store,
STEAM_APP_ID.1266160,232,true,@AlphaTitle_EntName,@AlphaTitle_EntDes,,,PlayerTitle,PlayerTitle_AlphaTester,@AlphaTitle_EntInfo,Store,
icon_crest_099_Premium,234,true,,,,,GuildCrest,icon_crest_099_Premium,,Store,
PenaltyTest_PartialBan,235,true,Partial Ban,Partial Ban,,,Misc,,,,
EntitlementSkin_WarHammer_Vinespun,236,true,,,,,ItemSkin,Skin_WarHammer_Vinespun,,Twitch,
EntitlementSkin_ShieldT_Vinespun,237,true,,,,,ItemSkin,Skin_ShieldT_Vinespun,,Twitch,
EntitlementSkin_Spear_Vinespun,238,true,,,,,ItemSkin,Skin_Spear_Vinespun,,Twitch,
EntitlementSkin_ShieldR_Vinespun,239,true,,,,,ItemSkin,Skin_ShieldR_Vinespun,,Twitch,
EntitlementSkin_Bow_Vinespun,240,true,,,,,ItemSkin,Skin_Bow_Vinespun,,Twitch,
EntitlementSkin_Firestaff_Vinespun,241,true,,,,,ItemSkin,Skin_Firestaff_Vinespun,,Twitch,
EntitlementSkin_GreatAxe_Vinespun,242,true,,,,,ItemSkin,Skin_GreatAxe_Vinespun,,Twitch,
EntitlementSkin_Hatchet_Vinespun,243,true,,,,,ItemSkin,Skin_Hatchet_Vinespun,,Twitch,
EntitlementSkin_IceGaunt_Vinespun,244,true,,,,,ItemSkin,Skin_IceGaunt_Vinespun,,Twitch,
EntitlementSkin_ShieldK_Vinespun,245,true,,,,,ItemSkin,Skin_ShieldK_Vinespun,,Twitch,
EntitlementSkin_Lifestaff_Vinespun,246,true,,,,,ItemSkin,Skin_Lifestaff_Vinespun,,Twitch,
EntitlementSkin_Longsword_Vinespun,247,true,,,,,ItemSkin,Skin_Longsword_Vinespun,,Twitch,
EntitlementSkin_Musket_Vinespun,248,true,,,,,ItemSkin,Skin_Musket_Vinespun,,Twitch,
EntitlementSkin_Monster_GreatAxe,250,true,,,,,ItemSkin,Skin_Monster_GreatAxe,,Store,
EntitlementSkin_Monster_LifeStaff,251,true,,,,,ItemSkin,Skin_Monster_LifeStaff,,Store,
EntitlementSkin_Monster_WarHammer,252,true,,,,,ItemSkin,Skin_Monster_WarHammer,,Store,
EntitlementSkin_Monster_Musket,253,true,,,,,ItemSkin,Skin_Monster_Musket,,Store,
EntitlementSkin_AnglesDemon_FireStaff,254,true,Fire & Brimstone,,,,ItemSkin,Skin_AnglesDemon_FireStaff,,Store,
EntitlementSkin_AnglesDemon_LifeStaff,255,true,Harmonic Restoration,,,,ItemSkin,Skin_AnglesDemon_LifeStaff,,Store,
EntitlementSkin_AnglesDemon_WarHammer,256,true,Destroyers Wrath,,,,ItemSkin,Skin_AnglesDemon_WarHammer,,Store,
EntitlementSkin_AnglesDemon_Spear,257,true,Divine Vengeance,,,,ItemSkin,Skin_AnglesDemon_Spear,,Store,
EntitlementSkin_GreatAxe_FenrirsFury,258,true,,,,,ItemSkin,Skin_GreatAxe_FenrirsFury,,Store,
EntitlementSkin_Bow_RobinHood,259,true,,,,,ItemSkin,Skin_Bow_RobinHood,,Prime,
Ent_Spear_Harpoon,260,true,,,,,Entitlement,EntitlementSkin_Spear_Harpoon,,Prime,
EntitlementSkin_Spear_Harpoon,260,true,,,,,ItemSkin,Skin_Spear_Harpoon,,Prime,
EntitlementSkin_LightHead_Demon,261,true,,,,,ItemSkin,Skin_LightHead_Demon,,Store,
EntitlementSkin_LightChest_Demon,262,true,,,,,ItemSkin,Skin_LightChest_Demon,,Store,
EntitlementSkin_LightHands_Demon,263,true,,,,,ItemSkin,Skin_LightHands_Demon,,Store,
EntitlementSkin_LightLegs_Demon,264,true,,,,,ItemSkin,Skin_LightLegs_Demon,,Store,
EntitlementSkin_LightFeet_Demon,265,true,,,,,ItemSkin,Skin_LightFeet_Demon,,Store,
EntitlementSkin_MediumHead_Angel,266,true,,,,,ItemSkin,Skin_MediumHead_Angel,,Store,
EntitlementSkin_MediumChest_Angel,267,true,,,,,ItemSkin,Skin_MediumChest_Angel,,Store,
EntitlementSkin_MediumHands_Angel,268,true,,,,,ItemSkin,Skin_MediumHands_Angel,,Store,
EntitlementSkin_MediumLegs_Angel,269,true,,,,,ItemSkin,Skin_MediumLegs_Angel,,Store,
EntitlementSkin_MediumFeet_Angel,270,true,,,,,ItemSkin,Skin_MediumFeet_Angel,,Store,
EntitlementSkin_HeavyHead_Angel,271,true,,,,,ItemSkin,Skin_HeavyHead_Angel,,Store,
EntitlementSkin_HeavyChest_Angel,272,true,,,,,ItemSkin,Skin_HeavyChest_Angel,,Store,
EntitlementSkin_HeavyHands_Angel,273,true,,,,,ItemSkin,Skin_HeavyHands_Angel,,Store,
EntitlementSkin_HeavyLegs_Angel,274,true,,,,,ItemSkin,Skin_HeavyLegs_Angel,,Store,
EntitlementSkin_HeavyFeet_Angel,275,true,,,,,ItemSkin,Skin_HeavyFeet_Angel,,Store,
EntitlementSkin_Light_Demon,278,true,Cambion Husk,,,,ItemSkin,Skin_LightHead_Demon+Skin_LightChest_Demon+Skin_LightHands_Demon+Skin_LightLegs_Demon+Skin_LightFeet_Demon,,Store,
EntitlementSkin_Medium_Angel,279,true,Aegis of Providence ,,,,ItemSkin,Skin_MediumHead_Angel+Skin_MediumChest_Angel+Skin_MediumHands_Angel+Skin_MediumLegs_Angel+Skin_MediumFeet_Angel,,Store,
EntitlementSkin_Heavy_Angel,280,true,Righteous Guardian,,,,ItemSkin,Skin_HeavyHead_Angel+Skin_HeavyChest_Angel+Skin_HeavyHands_Angel+Skin_HeavyLegs_Angel+Skin_HeavyFeet_Angel,,Store,
Icon_Crest_Pack_Smugglers,282,true,,,,,GuildCrest,icon_crest_90+icon_crest_144+icon_crest_178+icon_crest_179,,Store,
Icon_Crest_Pack_Merriment,283,true,,,,,GuildCrest,icon_crest_23+icon_crest_42+icon_crest_145+icon_crest_099_Premium,,Store,
Icon_Crest_Pack_Gesture,284,true,,,,,GuildCrest,icon_crest_184+icon_crest_187+icon_crest_191,,Store,
Icon_Crest_Pack_FullDeck,285,true,,,,,GuildCrest,icon_crest_53+icon_crest_54+icon_crest_55+icon_crest_56,,Store,
Icon_Crest_Pack_WeaponMaster,286,true,,,,,GuildCrest,icon_crest_200+icon_crest_201+icon_crest_202+icon_crest_203+icon_crest_204+icon_crest_205+icon_crest_206+icon_crest_207+icon_crest_208,,Store,
Icon_Crest_Pack_AnimalHead,287,true,,,,,GuildCrest,icon_crest_8+icon_crest_35+icon_crest_160+icon_crest_162+icon_crest_170,,Store,
EntitlementSkin_ClothT5Var2,288,true,,,,,ItemSkin,Skin_Chest_ClothT5Var2+Skin_Feet_ClothT5Var2+Skin_Hands_ClothT5Var2+Skin_Head_ClothT5Var2+Skin_Legs_ClothT5Var2,,Twitch,
EntitlementSkin_SorcererHunterVar2,289,true,,,,,ItemSkin,Skin_Chest_SorcererHunterVar2+Skin_Feet_SorcererHunterVar2+Skin_Hands_SorcererHunterVar2+Skin_Head_SorcererHunterVar2+Skin_Legs_SorcererHunterVar2,,Twitch,
EntitlementSkin_TwitchFisherman,290,true,,,,,ItemSkin,Skin_Chest_TwitchFisherman+Skin_Feet_TwitchFisherman+Skin_Hands_TwitchFisherman+Skin_Head_TwitchFisherman+Skin_Legs_TwitchFisherman,,Twitch,
EntitlementSkin_WoodsmanAlt2,291,true,,,,,ItemSkin,Skin_Chest_WoodsmanAlt2+Skin_Feet_WoodsmanAlt2+Skin_Hands_WoodsmanAlt2+Skin_Head_WoodsmanAlt2+Skin_Legs_WoodsmanAlt2,,Twitch,
EntitlementSkin_SpecialCorruptedVar1,292,true,,,,,ItemSkin,Skin_Chest_SpecialCorruptedVar1+Skin_Feet_SpecialCorruptedVar1+Skin_Hands_SpecialCorruptedVar1+Skin_Head_SpecialCorruptedVar1+Skin_Legs_SpecialCorruptedVar1,,Twitch,
DLC_Item_mastiff_housing,294,true,,,,,HousingItem,House_HousingItem_Pet_Entitlement_Mastiff,,Preorder,
Ent_galaxy_rabbit,294,true,Galaxy Rabbit,,,,Entitlement,galaxy_rabbit,,Store,
Ent_rainbow_tiger,295,false,Rainbow Tiger,,,,Entitlement,rainbow_tiger,,Store,
DLC_Item_Emote_RockPaperScissors,296,true,@RockPaperScissorsEmote_EntName,@RockPaperScissorsEmote_EntDes,,,Emote,Emote_RockPaperScissors,@RockPaperScissorsEmote_EntInfo,Preorder,
DLC_Item_Emote_FistBump,297,true,@FistBumpEmote_EntName,@FistBumpEmote_EntDes,,,Emote,Emote_FistBump,@FistBumpEmote_EntInfo,Preorder,
DLC_Item_Woodsman_Crest_1,298,true,@WoodsmanCrests_EntName,@WoodsmanCrests_EntDes,,,GuildCrest,DLC_Item_Woodsman_Crest_1,@WoodsmanCrests_EntInfo,Preorder,
Ent_Pirate_Bundle,299,true,,,,,Entitlement,pirate_lrg_treasure_pile+pirate_bone_chandelier+pirate_skulltower01+pirate_skulltower02+pirate_bird+pirate_cannon+pirate_treasure_map+pirate_vase+pirate_mermaid+pirate_sm_treasure_pile+pirate_steering_wheel+pirate_jollyroger,,Store,
Ent_twitch_pirate_weapon_sword,300,true,@PirateSword_EntName,@PirateSword_EntDes,,,Entitlement,twitch_pirate_weapon_sword,@Ent_twitch_pirate_weapon_sword_EntInfo,Prime,
Ent_twitch_pirate_emote_throat,301,true,@ThroatslitEmote_EntName,@ThroatslitEmote_EntDes,,,Entitlement,twitch_pirate_emote_throat,@Ent_twitch_pirate_emote_throat_EntInfo,Prime,
Ent_twitch_pirate_emote_piratestance,302,true,@PirateStance_EntName,@PirateStance_EntDes,,,Entitlement,twitch_pirate_emote_piratestance,@Ent_twitch_pirate_emote_piratestance_EntInfo,Prime,
Ent_twitch_pirate_icon_102,303,true,@PirateCrest1_EntName,@PirateCrest_EntDes,,,Entitlement,twitch_pirate_icon_102,@Ent_twitch_pirate_icon_102_EntInfo,Prime,
Ent_twitch_pirate_icon_103,304,true,@PirateCrest2_EntName,@PirateArmor_EntDes,,,Entitlement,twitch_pirate_icon_103,@Ent_twitch_pirate_icon_103_EntInfo,Prime,
Ent_twitch_pirate_icon_104,305,true,@PirateCrest3_EntName,@PirateSword_EntDes,,,Entitlement,twitch_pirate_icon_104,@Ent_twitch_pirate_icon_104_EntInfo,Prime,
Ent_twitch_pirate_itemskin,306,true,@Ent_twitch_pirate_itemskin_EntName,@Ent_twitch_pirate_itemskin_EntDes,,,Entitlement,twitch_pirate_itemskin,@Ent_twitch_pirate_itemskin_EntInfo,Prime,
Ent_twitch_robinhood_itemskin,307,true,,,,,Entitlement,twitch_robinhood_itemskin,,Prime,
Ent_twitch_robinhood_emote_blowkiss,308,true,,,,,Entitlement,twitch_robinhood_emote_blowkiss,,Prime,
Ent_twitch_robinhood_emote_fingerwag,309,true,,,,,Entitlement,twitch_robinhood_emote_fingerwag,,Prime,
Ent_twitch_robinhood_icon_142,310,true,,,,,Entitlement,twitch_robinhood_icon_142,,Prime,
Ent_twitch_robinhood_icon_149,311,true,,,,,Entitlement,twitch_robinhood_icon_149,,Prime,
Ent_twitch_robinhood_icon_157,312,true,,,,,Entitlement,twitch_robinhood_icon_157,,Prime,
Ent_WarHammer_Vinespun,313,true,,,,,Entitlement,EntitlementSkin_WarHammer_Vinespun,,Twitch,
Ent_ShieldT_Vinespun,314,true,,,,,Entitlement,EntitlementSkin_ShieldT_Vinespun,,Twitch,
Ent_Spear_Vinespun,315,true,,,,,Entitlement,EntitlementSkin_Spear_Vinespun,,Twitch,
Ent_ShieldR_Vinespun,316,true,,,,,Entitlement,EntitlementSkin_ShieldR_Vinespun,,Twitch,
Ent_Bow_Vinespun,317,true,,,,,Entitlement,EntitlementSkin_Bow_Vinespun,,Twitch,
Ent_Firestaff_Vinespun,318,true,,,,,Entitlement,EntitlementSkin_Firestaff_Vinespun,,Twitch,
Ent_GreatAxe_Vinespun,319,true,,,,,Entitlement,EntitlementSkin_GreatAxe_Vinespun,,Twitch,
Ent_Hatchet_Vinespun,320,true,,,,,Entitlement,EntitlementSkin_Hatchet_Vinespun,,Twitch,
Ent_IceGaunt_Vinespun,321,true,,,,,Entitlement,EntitlementSkin_IceGaunt_Vinespun,,Twitch,
Ent_ShieldK_Vinespun,322,true,,,,,Entitlement,EntitlementSkin_ShieldK_Vinespun,,Twitch,
Ent_Lifestaff_Vinespun,323,true,,,,,Entitlement,EntitlementSkin_Lifestaff_Vinespun,,Twitch,
Ent_Longsword_Vinespun,324,true,,,,,Entitlement,EntitlementSkin_Longsword_Vinespun,,Twitch,
Ent_Musket_Vinespun,325,true,,,,,Entitlement,EntitlementSkin_Musket_Vinespun,,Twitch,
Ent_ClothT5Var2,326,true,,,,,Entitlement,EntitlementSkin_ClothT5Var2,,Twitch,
Ent_SorcererHunterVar2,327,true,,,,,Entitlement,EntitlementSkin_SorcererHunterVar2,,Twitch,
Ent_TwitchFisherman,328,true,,,,,Entitlement,EntitlementSkin_TwitchFisherman,,Twitch,
Ent_WoodsmanAlt2,329,true,,,,,Entitlement,EntitlementSkin_WoodsmanAlt2,,Twitch,
Ent_SpecialCorruptedVar1,330,true,,,,,Entitlement,EntitlementSkin_SpecialCorruptedVar1,,Twitch,
Ent_Vinespun,332,true,Vinespun set,,,,Entitlement,EntitlementSkin_Vinespun,,Twitch,
Ent_Bow_RobinHood,333,true,,,,,Entitlement,EntitlementSkin_Bow_RobinHood,,Prime,
DLC_Item_Woodsman_Crest_2,334,true,@WoodsmanCrests_EntName,@WoodsmanCrests_EntDes,,,GuildCrest,DLC_Item_Woodsman_Crest_2,@WoodsmanCrests_EntInfo,Preorder,
DLC_Item_Woodsman_Crest_3,335,true,@WoodsmanCrests_EntName,@WoodsmanCrests_EntDes,,,GuildCrest,DLC_Item_Woodsman_Crest_3,@WoodsmanCrests_EntInfo,Preorder,
EntitlementSkin_Rapier_Vinespun,336,true,,,,,ItemSkin,Skin_Rapier_Vinespun,,Twitch,
Ent_Rapier_Vinespun,337,true,,,,,Entitlement,EntitlementSkin_Rapier_Vinespun,,Twitch,
Ent_Spooky2021_FloatingCandelabra,338,true,,,,,HousingItem,House_HousingItem_Entitlement_Lighting_Spooky2021_FloatingCandelabra,,Store,
Ent_Spooky2021_PumpkinFlirty,339,true,,,,,HousingItem,House_HousingItem_Entitlement_Lighting_Spooky2021_PumpkinFlirty,,Store,
Ent_Spooky2021_PumpkinHappy,340,true,,,,,HousingItem,House_HousingItem_Entitlement_Lighting_Spooky2021_PumpkinHappy,,Store,
Ent_Spooky2021_PumpkinScary,341,true,,,,,HousingItem,House_HousingItem_Entitlement_Lighting_Spooky2021_PumpkinScary,,Store,
Ent_Spooky2021_PumpkinSilly,342,true,,,,,HousingItem,House_HousingItem_Entitlement_Lighting_Spooky2021_PumpkinSilly,,Store,
Ent_Spooky2021_Cauldron,343,true,,,,,HousingItem,House_HousingItem_Entitlement_Spooky2021_Cauldron,,Store,
Ent_Spooky2021_CrystalBall,344,true,,,,,HousingItem,House_HousingItem_Entitlement_Spooky2021_CrystalBall,,Store,
Ent_Spooky2021_Curtains,345,true,,,,,HousingItem,House_HousingItem_Entitlement_Spooky2021_Curtains,,Store,
Ent_Spooky2021_DancingBrooms,346,true,,,,,HousingItem,House_HousingItem_Entitlement_Spooky2021_DancingBrooms,,Store,
Ent_Spooky2021_PotionSet,347,true,,,,,HousingItem,House_HousingItem_Entitlement_Spooky2021_PotionSet,,Store,
Ent_Spooky2021_Tombstone,348,true,,,,,HousingItem,House_HousingItem_Entitlement_Spooky2021_Tombstone,,Store,
Ent_Spooky_Bundle,349,true,,,,,Entitlement,Ent_Spooky2021_Tombstone+Ent_Spooky2021_PotionSet+Ent_Spooky2021_DancingBrooms+Ent_Spooky2021_Curtains+Ent_Spooky2021_Cauldron+Ent_Spooky2021_CrystalBall+Ent_Spooky2021_PumpkinSilly+Ent_Spooky2021_PumpkinScary+Ent_Spooky2021_PumpkinFlirty+Ent_Spooky2021_FloatingCandelabra,,Store,
Ent_Spooky2021_Dog,350,true,,,,,HousingItem,House_HousingItem_Pet_Entitlement_Ghost_Dog,,Store,
Ent_Mask_AngryEarth,351,true,,,,,ItemSkin,Skin_Mask_AngryEarth,,Store,
Ent_Mask_Demon,352,true,,,,,ItemSkin,Skin_Mask_Demon,,Store,
Ent_Mask_PlagueDoctor,353,true,,,,,ItemSkin,Skin_Mask_PlagueDoctor,,Store,
Ent_Mask_HalfWooden,354,true,,,,,ItemSkin,Skin_Mask_HalfWooden,,Store,
Ent_RoyalCourt_IceGauntlet,355,true,,,,,ItemSkin,Skin_RoyalCourt_IceGauntlet,,Store,
Ent_Monster_Rapier,356,true,,,,,ItemSkin,Skin_Monster_Rapier,,Store,
Ent_Monster_SkinningKnife,357,true,,,,,ItemSkin,Skin_Monster_SkinningKnife,,Store,
Ent_Monster_Sickle,358,true,,,,,ItemSkin,Skin_Monster_Sickle,,Store,
Ent_Monster_Pickaxe,359,true,,,,,ItemSkin,Skin_Monster_Pickaxe,,Store,
Ent_Monster_LoggingAxe,360,true,,,,,ItemSkin,Skin_Monster_LoggingAxe,,Store,
Ent_Monster_FishingPole,361,true,,,,,ItemSkin,Skin_Monster_FishingPole,,Store,
Ent_Monster_AzothScepter,362,true,,,,,ItemSkin,Skin_Monster_AzothScepter,,Store,
Ent_LegendaryStrength_SkinningKnife,363,true,,,,,ItemSkin,Skin_LegendaryStrength_SkinningKnife,,Store,
Ent_LegendaryStrength_Sickle,364,true,,,,,ItemSkin,Skin_LegendaryStrength_Sickle,,Store,
Ent_LegendaryStrength_Pickaxe,365,true,,,,,ItemSkin,Skin_LegendaryStrength_Pickaxe,,Store,
Ent_LegendaryStrength_LoggingAxe,366,true,,,,,ItemSkin,Skin_LegendaryStrength_LoggingAxe,,Store,
Ent_LegendaryStrength_FishingPole,367,true,,,,,ItemSkin,Skin_LegendaryStrength_FishingPole,,Store,
Ent_LegendaryStrength_AzothScepter,368,true,,,,,ItemSkin,Skin_LegendaryStrength_AzothScepter,,Store,
Ent_LegendaryAzoth_SkinningKnife,369,true,,,,,ItemSkin,Skin_LegendaryAzoth_SkinningKnife,,Store,
Ent_LegendaryAzoth_Sickle,370,true,,,,,ItemSkin,Skin_LegendaryAzoth_Sickle,,Store,
Ent_LegendaryAzoth_Pickaxe,371,true,,,,,ItemSkin,Skin_LegendaryAzoth_Pickaxe,,Store,
Ent_LegendaryAzoth_LoggingAxe,372,true,,,,,ItemSkin,Skin_LegendaryAzoth_LoggingAxe,,Store,
Ent_LegendaryAzoth_FishingPole,373,true,,,,,ItemSkin,Skin_LegendaryAzoth_FishingPole,,Store,
Ent_LegendaryAzoth_AzothScepter,374,true,,,,,ItemSkin,Skin_LegendaryAzoth_AzothScepter,,Store,
Ent_Apparel_Monster_Vampire,375,true,,,,,ItemSkin,Skin_Monster_VampireChest+Skin_Monster_VampireFeet+Skin_Monster_VampireHands+Skin_Monster_VampireHead+Skin_Monster_VampireLegs,,Store,
Ent_Apparel_Monster_Mummy,376,true,,,,,ItemSkin,Skin_Monster_MummyChest+Skin_Monster_MummyFeet+Skin_Monster_MummyHands+Skin_Monster_MummyHead+Skin_Monster_MummyLegs,,Store,
Ent_Apparel_Monster_Skeleton,377,true,,,,,ItemSkin,Skin_Monster_SkeletonChest+Skin_Monster_SkeletonFeet+Skin_Monster_SkeletonHands+Skin_Monster_SkeletonHead+Skin_Monster_SkeletonLegs,,Store,
Ent_Monster_VoidGauntlet,378,true,,,,,ItemSkin,Skin_Monster_VoidGauntlet,,Store,
Ent_Emote_Shhh,379,true,,,,,Emote,Emote_Shhh,,Prime,
Ent_Emote_Bow,380,true,,,,,Emote,Emote_Bow,,Prime,
Ent_Emote_Whistle,381,true,,,,,Emote,Emote_Whistle,,Store,
Ent_Emote_Noseblow,383,true,,,,,Emote,Emote_FarmerBlow,,Prime,
Ent_Emote_Fistshake,384,true,,,,,Emote,Emote_FistShake,,Prime,
Ent_Emote_Cry,385,true,,,,,Emote,Emote_Cry1,,Store,
Ent_Emote_ChestPound,386,true,,,,,Emote,Emote_ChestPound,,Store,
Ent_Emote_Impatient,387,true,,,,,Emote,Emote_Impatient,,Store,
Ent_Pet_BlackTiger,389,true,,,,,HousingItem,House_HousingItem_Pet_Entitlement_Tiger_Black,,Store,
icon_crest_096_Twitch,390,true,,,,,GuildCrest,icon_crest_096_Twitch,,Prime,
icon_crest_097_Twitch,391,true,,,,,GuildCrest,icon_crest_097_Twitch,,Prime,
icon_crest_098_Twitch,392,true,,,,,GuildCrest,icon_crest_098_Twitch,,Prime,
Server_Transfer,393,true,,,true,,Service,Server_Transfer,,Store,
EntitlementSkin_WarSpecial,394,true,,,,,ItemSkin,Skin_Chest_WarSpecial+Skin_Head_WarSpecial+Skin_Legs_WarSpecial+Skin_Feet_WarSpecial+Skin_Hands_WarSpecial,,Store,
EntitlementSkin_RoyalCourt_Crown,398,true,,,,,ItemSkin,Skin_RoyalCourt_Crown,,Store,
EntitlementSkin_RoyalCourt_Tiara,399,true,,,,,ItemSkin,Skin_RoyalCourt_Tiara,,Store,
EntitlementSkin_Bow_RoyalCourt,401,true,,,,,ItemSkin,Skin_Bow_RoyalCourt,,Store,
EntitlementSkin_AzothStaff_RoyalCourt,402,true,,,,,ItemSkin,Skin_RoyalCourt_AzothScepter,,Store,
EntitlementSkin_FishingPole_RoyalCourt,403,true,,,,,ItemSkin,Skin_RoyalCourt_FishingPole,,Store,
EntitlementSkin_LoggingAxe_RoyalCourt,404,true,,,,,ItemSkin,Skin_RoyalCourt_LoggingAxe,,Store,
EntitlementSkin_PickAxe_RoyalCourt,405,true,,,,,ItemSkin,Skin_RoyalCourt_Pickaxe,,Store,
EntitlementSkin_Sickle_RoyalCourt,406,true,,,,,ItemSkin,Skin_RoyalCourt_Sickle,,Store,
EntitlementSkin_SkinningKnife_RoyalCourt,407,true,,,,,ItemSkin,Skin_RoyalCourt_SkinningKnife,,Store,
Ent_Housing_RoyalCourt_Throne,408,true,,,,,HousingItem,House_HousingItem_Entitlement_Chair_Royal2021_Throne01,,Store,
Ent_Housing_RoyalCourt_CeilingLight,409,true,,,,,HousingItem,House_HousingItem_Entitlement_Lighting_Royal2021_CeilingLight01,,Store,
Ent_Housing_RoyalCourt_TableLight,410,true,,,,,HousingItem,House_HousingItem_Entitlement_Lighting_Royal2021_TableLight01,,Store,
Ent_Housing_RoyalCourt_WallLight,411,true,,,,,HousingItem,House_HousingItem_Entitlement_Lighting_Royal2021_WallLight01,,Store,
Ent_Housing_RoyalCourt_Baldachin,412,true,,,,,HousingItem,House_HousingItem_Entitlement_Royal2021_Baldachin01,,Store,
Ent_Housing_RoyalCourt_Curtains,413,true,,,,,HousingItem,House_HousingItem_Entitlement_Royal2021_Curtains01,,Store,
Ent_Housing_RoyalCourt_Dais,414,true,,,,,HousingItem,House_HousingItem_Entitlement_Royal2021_Dias01,,Store,
Ent_Housing_RoyalCourt_Pedestal,415,true,,,,,HousingItem,House_HousingItem_Entitlement_Royal2021_Pedestal01,,Store,
Ent_Bundle_RoyalCourt_Housing,416,true,,,,,Entitlement,Ent_Housing_RoyalCourt_Throne+Ent_Housing_RoyalCourt_Pedestal+Ent_Housing_RoyalCourt_CeilingLight+Ent_Housing_RoyalCourt_TableLight+Ent_Housing_RoyalCourt_WallLight+Ent_Housing_RoyalCourt_Baldachin+Ent_Housing_RoyalCourt_Curtains+Ent_Housing_RoyalCourt_Dais,,Store,
Ent_Tool_Bundle_LegendaryAzoth,417,true,,,,,Entitlement,Ent_LegendaryAzoth_AzothScepter+Ent_LegendaryAzoth_FishingPole+Ent_LegendaryAzoth_LoggingAxe+Ent_LegendaryAzoth_Pickaxe+Ent_LegendaryAzoth_Sickle+Ent_LegendaryAzoth_SkinningKnife,,Store,
Ent_Tool_Bundle_LegendaryStrength,418,true,,,,,Entitlement,Ent_LegendaryStrength_AzothScepter+Ent_LegendaryStrength_FishingPole+Ent_LegendaryStrength_LoggingAxe+Ent_LegendaryStrength_Pickaxe+Ent_LegendaryStrength_Sickle+Ent_LegendaryStrength_SkinningKnife,,Store,
Ent_Tool_Bundle_ClassicMonster,419,true,,,,,Entitlement,Ent_Monster_AzothScepter+Ent_Monster_FishingPole+Ent_Monster_LoggingAxe+Ent_Monster_Pickaxe+Ent_Monster_Sickle+Ent_Monster_SkinningKnife,,Store,
Ent_Tool_Bundle_RoyalCourt,420,true,,,,,Entitlement,EntitlementSkin_AzothStaff_RoyalCourt+EntitlementSkin_FishingPole_RoyalCourt+EntitlementSkin_LoggingAxe_RoyalCourt+EntitlementSkin_PickAxe_RoyalCourt+EntitlementSkin_Sickle_RoyalCourt+EntitlementSkin_SkinningKnife_RoyalCourt,,Store,
EntitlementSkin_WinterOutfit01,421,true,,,,,ItemSkin,Skin_Chest_WinterOutfit01+Skin_Head_WinterOutfit01+Skin_Legs_WinterOutfit01+Skin_Feet_WinterOutfit01+Skin_Hands_WinterOutfit01,,Store,
EntitlementSkin_WinterOutfit02,422,true,,,,,ItemSkin,Skin_Chest_WinterOutfit02+Skin_Head_WinterOutfit02+Skin_Legs_WinterOutfit02+Skin_Feet_WinterOutfit02+Skin_Hands_WinterOutfit02,,Store,
EntitlementSkin_WinterOutfit03,423,true,,,,,ItemSkin,Skin_Chest_WinterOutfit03+Skin_Head_WinterOutfit03+Skin_Legs_WinterOutfit03+Skin_Feet_WinterOutfit03+Skin_Hands_WinterOutfit03,,Store,
EntitlementSkin_Rapier_Dec21,424,true,,,,,ItemSkin,Skin_Rapier_Holiday_Dec21,,Store,
EntitlementSkin_Spear_Dec21,425,true,,,,,ItemSkin,Skin_Spear_Holiday_Dec21,,Store,
EntitlementSkin_Bow_Dec21,426,true,,,,,ItemSkin,Skin_Bow_Holiday_Dec21,,Store,
EntitlementSkin_Hatchet_Dec21,427,true,,,,,ItemSkin,Skin_Hatchet_Holiday_Dec21,,Store,
EntitlementSkin_IceGauntlet_Dec21,428,true,,,,,ItemSkin,Skin_IceGaunt_Holiday_Dec21,,Store,
EntitlementSkin_LIfestaff_Dec21,429,true,,,,,ItemSkin,Skin_Lifestaff_Holiday_Dec21,,Store,
EntitlementSkin_SkinningKnife_LegendaryTech,430,true,,,,,ItemSkin,Skin_LegendaryTech_SkinningKnife,,Store,
EntitlementSkin_Sickle_LegendaryTech,431,true,,,,,ItemSkin,Skin_LegendaryTech_Sickle,,Store,
EntitlementSkin_Pickaxe_LegendaryTech,432,true,,,,,ItemSkin,Skin_LegendaryTech_Pickaxe,,Store,
EntitlementSkin_LoggingAxe_LegendaryTech,433,true,,,,,ItemSkin,Skin_LegendaryTech_LoggingAxe,,Store,
EntitlementSkin_FishingPole_LegendaryTech,434,true,,,,,ItemSkin,Skin_LegendaryTech_FishingPole,,Store,
EntitlementSkin_AzothStaff_LegendaryTech,435,true,,,,,ItemSkin,Skin_LegendaryTech_AzothScepter,,Store,
Ent_Tool_Bundle_LegendaryTech,436,true,,,,,Entitlement,EntitlementSkin_AzothStaff_LegendaryTech+EntitlementSkin_FishingPole_LegendaryTech+EntitlementSkin_LoggingAxe_LegendaryTech+EntitlementSkin_Pickaxe_LegendaryTech+EntitlementSkin_Sickle_LegendaryTech+EntitlementSkin_SkinningKnife_LegendaryTech,,Store,
EntitlementSkin_SkinningKnife_Winter21,437,true,,,,,ItemSkin,Skin_WinterConvergence_SkinningKnife,,Store,
EntitlementSkin_Sickle_Winter21,438,true,,,,,ItemSkin,Skin_WinterConvergence_Sickle,,Store,
EntitlementSkin_Pickaxe_Winter21,439,true,,,,,ItemSkin,Skin_WinterConvergence_Pickaxe,,Store,
EntitlementSkin_LoggingAxe_Winter21,440,true,,,,,ItemSkin,Skin_WinterConvergence_LoggingAxe,,Store,
EntitlementSkin_FishingPole_Winter21,441,true,,,,,ItemSkin,Skin_WinterConvergence_FishingPole,,Store,
EntitlementSkin_AzothStaff_Winter21,442,true,,,,,ItemSkin,Skin_WinterConvergence_AzothScepter,,Store,
Ent_Tool_Bundle_Winter21,443,true,,,,,Entitlement,EntitlementSkin_AzothStaff_Winter21+EntitlementSkin_FishingPole_Winter21+EntitlementSkin_LoggingAxe_Winter21+EntitlementSkin_Pickaxe_Winter21+EntitlementSkin_Sickle_Winter21+EntitlementSkin_SkinningKnife_Winter21,,Store,
EntitlementSkin_Abyssal,444,true,,,,,ItemSkin,Skin_Chest_Abyssal+Skin_Head_Abyssal+Skin_Legs_Abyssal+Skin_Feet_Abyssal+Skin_Hands_Abyssal,,Store,
EntitlementSkin_Vogue,446,true,,,,,ItemSkin,Skin_Chest_Vogue+Skin_Head_Vogue+Skin_Legs_Vogue+Skin_Feet_Vogue+Skin_Hands_Vogue,,Store,
EntitlementSkin_AutumnKing,447,true,,,,,ItemSkin,Skin_Chest_AutumnKing+Skin_Head_AutumnKing+Skin_Legs_AutumnKing+Skin_Feet_AutumnKing+Skin_Hands_AutumnKing,,Prime,
Server_Transfer_Limiter_Timed,448,true,,,,,Service,,,Store,
Character_Rename,449,true,,,,,Service,,,Store,
EntitlementTitle_Stoic,450,true,,,,,PlayerTitle,PlayerTitle_Stoic,,Store,
Entitlement_CampSkin_Winter02_A,451,true,,,,,CampSkin,CampSkin_Winter02_A,,Store,
Ent_Emote_LegKickDance,452,true,,,,,Emote,Emote_RussianDance,,Store,
Ent_Emote_Shiver,453,true,,,,,Emote,Emote_Shiver,,Store,
Entitlement_CampSkin_Winter03_A,454,true,,,,,CampSkin,CampSkin_Winter03_A,,Store,
Ent_Emote_BellyLaugh,455,true,,,,,Emote,Emote_BellyLaugh,,Store,
Ent_Emote_GivePresent,456,true,,,,,Emote,Emote_GivePresent,,Store,
Ent_Housing_Winter21_Chandelier,457,true,,,,,HousingItem,House_HousingItem_Entitlement_Lighting_Winter2021_Chandelier,,Store,
Ent_Housing_Winter21_Garland,458,true,,,,,HousingItem,House_HousingItem_Entitlement_Winter2021_Garland,,Store,
Ent_Housing_Winter21_GingerbreadHouse,459,true,,,,,HousingItem,House_HousingItem_Entitlement_Winter2021_GingerbreadHouse,,Store,
Ent_Housing_Winter21_HolidayTree,460,true,,,,,HousingItem,House_HousingItem_Entitlement_Winter2021_HolidayTree,,Store,
Ent_Housing_Winter21_Mistletoe,461,true,,,,,HousingItem,House_HousingItem_Entitlement_Winter2021_Mistletoe,,Store,
Ent_Housing_Winter21_PackagePile,462,true,,,,,HousingItem,House_HousingItem_Entitlement_Winter2021_PackagePile_A,,Store,
Ent_Housing_Winter21_Poinsettia,463,true,,,,,HousingItem,House_HousingItem_Entitlement_Winter2021_Poinsettia,,Store,
Ent_Housing_Winter21_Snowman,464,true,,,,,HousingItem,House_HousingItem_Entitlement_Winter2021_Snowman,,Store,
Ent_Housing_Winter21_Wreath,465,true,,,,,HousingItem,House_HousingItem_Entitlement_Winter2021_Wreath_A,,Store,
Ent_Housing_Winter21_Bundle,466,true,,,,,Entitlement,Ent_Housing_Winter21_Chandelier+Ent_Housing_Winter21_Garland+Ent_Housing_Winter21_GingerbreadHouse+Ent_Housing_Winter21_HolidayTree+Ent_Housing_Winter21_PackagePile+Ent_Housing_Winter21_Snowman,,Store,
Ent_Pet_RednoseDeer,467,true,,,,,HousingItem,House_HousingItem_Pet_Entitlement_Deer_RedNose,,Store,
EntitlementSkin_Chest_WinterWanderer,472,true,,,,,ItemSkin,Skin_Chest_WC_Cloak,,Store,
Ent_Venetian_Crest_Pack,491,true,,,,,Entitlement,icon_crest_096_Twitch+icon_crest_097_Twitch+icon_crest_098_Twitch,,Prime,
PenaltyTest_PenaltyEconomyLocked,495,true,Partial Ban,Partial Ban,,,Misc,,,,
EntitlementTitle_TurkeyTerror,508,true,,,,,PlayerTitle,PlayerTitle_TurkeyTerror,,Store,
EntitlementSkin_WinterOutfit02_Chest,531,true,,,,,ItemSkin,Skin_Chest_WinterOutfit02,,Store,
EntitlementSkin_WinterOutfit02_Head,532,true,,,,,ItemSkin,Skin_Head_WinterOutfit02,,Store,
EntitlementSkin_WinterOutfit02_Legs,533,true,,,,,ItemSkin,Skin_Legs_WinterOutfit02,,Store,
EntitlementSkin_WinterOutfit02_Feet,534,true,,,,,ItemSkin,Skin_Feet_WinterOutfit02,,Store,
EntitlementSkin_WinterOutfit02_Hands,535,true,,,,,ItemSkin,Skin_Hands_WinterOutfit02,,Store,
EntitlementSkin_EpicStory_GreenRobe,538,true,,,,,ItemSkin,Skin_Chest_WoT_GreenNynaeve,,Twitch,
EntitlementSkin_EpicStory_RedScarf,539,true,,,,,ItemSkin,Skin_Chest_WoT_RedScarf,,Twitch,
EntitlementSkin_EpicStory_WhiteRobe,540,true,,,,,ItemSkin,Skin_Chest_WoT_WhiteRobe,,Twitch,
EntitlementSkin_EpicStory_BrownCloak,541,true,,,,,ItemSkin,Skin_Chest_WoT_BrownCloak,,Twitch,
EntitlementSkin_EpicStory_Rapier,542,true,,,,,ItemSkin,Skin_Rapier_WoT,,Twitch,
EntitlementSkin_EpicStory_Sword,543,true,,,,,ItemSkin,Skin_Longsword_WoT,,Twitch,
icon_crest_212,544,true,,,,,GuildCrest,icon_crest_212,,Twitch,
Ent_EpicStory_GreenRobe,545,true,,,,,Entitlement,EntitlementSkin_EpicStory_GreenRobe,,Twitch,
Ent_EpicStory_RedScarf,546,true,,,,,Entitlement,EntitlementSkin_EpicStory_RedScarf,,Twitch,
Ent_EpicStory_WhiteRobe,547,true,,,,,Entitlement,EntitlementSkin_EpicStory_WhiteRobe,,Twitch,
Ent_EpicStory_BrownCloak,548,true,,,,,Entitlement,EntitlementSkin_EpicStory_BrownCloak,,Twitch,
Ent_EpicStory_Rapier,549,true,,,,,Entitlement,EntitlementSkin_EpicStory_Rapier,,Twitch,
Ent_EpicStory_Sword,550,true,,,,,Entitlement,EntitlementSkin_EpicStory_Sword,,Twitch,
Ent_EpicStory_Crest,551,true,,,,,Entitlement,icon_crest_212,,Twitch,
