WhisperId,TriggerType,RequiredAchievementId,TimelineId,Duration,GameEvent,StartSFX,StopSFX,AudioPreload,VoiceOver,Subtitle,AchievementId,UseVFX,VfxId
whisper_test_01,GAME_EVENT,,Whisper_Timeline_01,15,,Play_SFX_Whisper_Start_03,Play_SFX_Whispers_TailOut,whispers_isabela,Play_01_Whisper_FTUE_01,,whisper_test_01,true,whisper_vfx_test
whisper_test_02,GAME_EVENT,,,15,,Play_SFX_Whisper_Start_03,Play_SFX_Whispers_TailOut,whispers_isabela,Play_01_Whisper_FTUE_02,,whisper_test_02,true,whisper_vfx_01
whisper_test_03,GAME_EVENT,,Whisper_Timeline_01,15,,Play_SFX_Whisper_Start_03,Play_SFX_Whispers_TailOut,whispers_isabela,Play_01_Whisper_FTUE_04,,whisper_test_03,false,
06A_WW_whisper_01,GAME_EVENT,,Whisper_Timeline_06A_WW_whisper_01,15,,Play_SFX_Whisper_Start_03,Play_SFX_Whispers_TailOut,whispers_isabela,Play_06A_MSQ_03_VisitMarket_whisper_text,,06A_WW_whisper_01,true,whisper_vfx_01
06A_WW_whisper_02,GAME_EVENT,,Whisper_Timeline_06A_WW_whisper_02,15,,Play_SFX_Whisper_Start_03,Play_SFX_Whispers_TailOut,whispers_isabela,Play_06A_MSQ_10_TalkToSpeaker_whisper,,06A_WW_whisper_02,true,whisper_vfx_01
06A_WW_whisper_03,GAME_EVENT,,Whisper_Timeline_06A_WW_whisper_03,15,,Play_SFX_Whisper_Start_03,Play_SFX_Whispers_TailOut,whispers_isabela,Play_06A_MSQ_13_ReturnMiradorJewel_whisper_text,,06A_WW_whisper_03,true,whisper_vfx_01
06A_WW_whisper_04,GAME_EVENT,,Whisper_Timeline_06A_WW_whisper_04,15,,Play_SFX_Whisper_Start_03,Play_SFX_Whispers_TailOut,whispers_isabela,Play_06A_MSQ_18_ReturnSiriusJewel_whisper_text,,06A_WW_whisper_04,true,whisper_vfx_01
06A_WW_VoicedLoreNote_01,GAME_EVENT,,,15,,,,,Play_06_Windsward_Body_18_01_LoreNote,,06A_WW_VoicedLoreNote_01,false,
06A_WW_VoicedLoreNote_02,GAME_EVENT,,,15,,,,,Play_06_Windsward_Body_18_02_LoreNote,,06A_WW_VoicedLoreNote_02,false,
06A_WW_VoicedLoreNote_03,GAME_EVENT,,,15,,,,,Play_06_Windsward_Body_18_03_LoreNote,,06A_WW_VoicedLoreNote_03,false,
01_Whisper_FTUE_01,GAME_EVENT,,Whisper_Timeline_FTUE_01,15,01_Whisper_FTUE_01_event,Play_SFX_Whisper_Start_03,Play_SFX_Whispers_TailOut,whispers_isabela,Play_01_Whisper_FTUE_01,,01_Whisper_FTUE_01,true,whisper_vfx_01
01_Whisper_FTUE_02,GAME_EVENT,,Whisper_Timeline_FTUE_02,15,01_Whisper_FTUE_02_event,Play_SFX_Whisper_Start_03,Play_SFX_Whispers_TailOut,whispers_isabela,Play_01_Whisper_FTUE_02,,01_Whisper_FTUE_02,true,whisper_vfx_01
01_Whisper_FTUE_04,GAME_EVENT,,Whisper_Timeline_FTUE_04,15,01_Whisper_FTUE_04_event,Play_SFX_Whisper_Start_03,Play_SFX_Whispers_TailOut,whispers_isabela,Play_01_Whisper_FTUE_04,,01_Whisper_FTUE_04,true,whisper_vfx_01
01_Whisper_FTUE_05,GAME_EVENT,,Whisper_Timeline_FTUE_05,15,01_Whisper_FTUE_05_event,Play_SFX_Whisper_Start_03,Play_SFX_Whispers_TailOut,whispers_isabela,Play_01_Whisper_FTUE_05,,01_Whisper_FTUE_05,true,whisper_vfx_01
01_Whisper_Beach_01,GAME_EVENT,,Whisper_Timeline_Beach_01,15,01_Whisper_Beach_01_event,Play_SFX_Whisper_Start_03,Play_SFX_Whispers_TailOut,whispers_isabela,Play_01_Whisper_Beach_01,,01_Whisper_Beach_01,true,whisper_vfx_01
01_Whisper_Beach_02,GAME_EVENT,,Whisper_Timeline_Beach_02,15,01_Whisper_Beach_02_event,Play_SFX_Whisper_Start_03,Play_SFX_Whispers_TailOut,whispers_isabela,Play_01_Whisper_Beach_02,,01_Whisper_Beach_02,true,whisper_vfx_01
01_Whisper_Beach_03,GAME_EVENT,,Whisper_Timeline_Beach_03,15,01_Whisper_Beach_03_event,Play_SFX_Whisper_Start_03,Play_SFX_Whispers_TailOut,whispers_isabela,Play_01_Whisper_Beach_03,,01_Whisper_Beach_03,true,whisper_vfx_01
01_Whisper_Beach_04,GAME_EVENT,,Whisper_Timeline_Beach_04,15,01_Whisper_Beach_04_event,Play_SFX_Whisper_Start_03,Play_SFX_Whispers_TailOut,whispers_isabela,Play_01_Whisper_Beach_04,,01_Whisper_Beach_04,true,whisper_vfx_01
01_Whisper_Beach_05,GAME_EVENT,,Whisper_Timeline_Beach_05,15,01_Whisper_Beach_05_event,Play_SFX_Whisper_Start_03,Play_SFX_Whispers_TailOut,whispers_isabela,Play_01_Whisper_Beach_05,,01_Whisper_Beach_05,true,whisper_vfx_01
01_Whisper_Beach_06,GAME_EVENT,,Whisper_Timeline_Beach_06,15,01_Whisper_Beach_06_event,Play_SFX_Whisper_Start_03,Play_SFX_Whispers_TailOut,whispers_isabela,Play_01_Whisper_Beach_06,,01_Whisper_Beach_06,true,whisper_vfx_01
01_Whisper_Beach_07,GAME_EVENT,,Whisper_Timeline_Beach_07,15,01_Whisper_Beach_07_event,Play_SFX_Whisper_Start_03,Play_SFX_Whispers_TailOut,whispers_isabela,Play_01_Whisper_Beach_07,,01_Whisper_Beach_07,true,whisper_vfx_01
12A_MB_Whisper_01,GAME_EVENT,,Whisper_Timeline_12A_MB_Whisper_01,13.77,,Play_SFX_Whisper_Start_03,Play_SFX_Whispers_TailOut,whispers_isabela,Play_12A_Whisper_MonarchsBluffs_01,,12A_MB_Whisper_01,true,whisper_vfx_01
12A_MB_Whisper_02,GAME_EVENT,,Whisper_Timeline_12A_MB_Whisper_02,13.66,,Play_SFX_Whisper_Start_03,Play_SFX_Whispers_TailOut,whispers_isabela,Play_12A_Whisper_MonarchsBluffs_02,,12A_MB_Whisper_02,true,whisper_vfx_01
12A_MB_Whisper_03,GAME_EVENT,,Whisper_Timeline_12A_MB_Whisper_03,13.7,,Play_SFX_Whisper_Start_03,Play_SFX_Whispers_TailOut,whispers_isabela,Play_12A_Whisper_MonarchsBluffs_03,,12A_MB_Whisper_03,true,whisper_vfx_01
12A_MB_Whisper_04,GAME_EVENT,,Whisper_Timeline_12A_MB_Whisper_04,13.52,,Play_SFX_Whisper_Start_03,Play_SFX_Whispers_TailOut,whispers_isabela,Play_12A_Whisper_MonarchsBluffs_04,,12A_MB_Whisper_04,true,whisper_vfx_01
98_Covenant_Whisper_01,GAME_EVENT,,Whisper_Timeline_98_Covenant_Whisper_01,24,,Play_SFX_Whisper_Start_03,Play_SFX_Whispers_TailOut,whispers_isabela,Play_98_Isabella_Covenant,,98_Covenant_Whisper_01,true,whisper_vfx_01
98_Marauders_Whisper_01,GAME_EVENT,,Whisper_Timeline_98_Marauders_Whisper_01,23,,Play_SFX_Whisper_Start_03,Play_SFX_Whispers_TailOut,whispers_isabela,Play_98_Isabella_Marauder,,98_Marauders_Whisper_01,true,whisper_vfx_01
98_Syndicate_Whisper_01,GAME_EVENT,,Whisper_Timeline_98_Syndicate_Whisper_01,22,,Play_SFX_Whisper_Start_03,Play_SFX_Whispers_TailOut,whispers_isabela,Play_98_Isabella_Syndicate,,98_Syndicate_Whisper_01,true,whisper_vfx_01
99A_MSQ_01A_VoicedLoreNote_01,GAME_EVENT,,,23,,,,,Play_99A_MSQ_SoulwardenIntro_Body_01_01,,,false,
99A_MSQ_01A_VoicedLoreNote_02,GAME_EVENT,,,25,,,,,Play_99A_MSQ_SoulwardenIntro_Body_01_02,,,false,
99A_MSQ_01A_VoicedLoreNote_03,GAME_EVENT,,,29,,,,,Play_99A_MSQ_SoulwardenIntro_Body_01_03,,,false,
99A_MSQ_01A_VoicedLoreNote_04,GAME_EVENT,,,13,,,,,Play_99A_MSQ_SoulwardenIntro_Body_01_04,,,false,
99A_MSQ_01B_VoicedLoreNote_01,GAME_EVENT,,,15,,,,,Play_99A_MSQ_SoulwardenIntro_Body_02_01,,,false,
99A_MSQ_01B_VoicedLoreNote_02,GAME_EVENT,,,21,,,,,Play_99A_MSQ_SoulwardenIntro_Body_02_02,,,false,
99A_MSQ_01B_VoicedLoreNote_03,GAME_EVENT,,,21,,,,,Play_99A_MSQ_SoulwardenIntro_Body_02_03,,,false,
99A_MSQ_03_VoicedLoreNote_01,GAME_EVENT,,,24,,,,,Play_99A_MSQ_SoulwardenIntro_Body_03_01,,,false,
99A_MSQ_03_VoicedLoreNote_02,GAME_EVENT,,,38,,,,,Play_99A_MSQ_SoulwardenIntro_Body_03_02,,,false,
99A_MSQ_03_VoicedLoreNote_03,GAME_EVENT,,,26,,,,,Play_99A_MSQ_SoulwardenIntro_Body_03_03,,,false,
99A_IsabellaWhisper_01,GAME_EVENT,,Whisper_Timeline_99A_IsabellaWhisper_01,4,,Play_SFX_Whisper_Start_03,Play_SFX_Whispers_TailOut,whispers_isabela,Play_99A_MSQ_01_00_IsabellaWhisper,,,true,whisper_vfx_01
99A_IsabellaWhisper_02,GAME_EVENT,,Whisper_Timeline_99A_IsabellaWhisper_02,6,,Play_SFX_Whisper_Start_03,Play_SFX_Whispers_TailOut,whispers_isabela,Play_99A_MSQ_01B_03_IsabellaWhisper,,,true,whisper_vfx_01
99A_IsabellaWhisper_03,GAME_EVENT,,Whisper_Timeline_99A_IsabellaWhisper_03,8,,Play_SFX_Whisper_Start_03,Play_SFX_Whispers_TailOut,whispers_isabela,Play_99A_MSQ_03_01A_IsabellaWhisper,,,true,whisper_vfx_01
99A_IsabellaWhisper_04,GAME_EVENT,,Whisper_Timeline_99A_IsabellaWhisper_04,7,,Play_SFX_Whisper_Start_03,Play_SFX_Whispers_TailOut,whispers_isabela,Play_99A_MSQ_07_01A_IsabellaWhisper,,,true,whisper_vfx_01
99A_IsabellaWhisper_05,GAME_EVENT,,Whisper_Timeline_99A_IsabellaWhisper_05,8,,Play_SFX_Whisper_Start_03,Play_SFX_Whispers_TailOut,whispers_isabela,Play_99A_MSQ_07_03_IsabellaWhisper,,,true,whisper_vfx_01
99A_IsabellaWhisper_06,GAME_EVENT,,Whisper_Timeline_99A_IsabellaWhisper_06,8,,Play_SFX_Whisper_Start_03,Play_SFX_Whispers_TailOut,whispers_isabela,Play_99A_MSQ_11_02_IsabellaWhisper,,,true,whisper_vfx_01
99A_IsabellaWhisper_07,GAME_EVENT,,Whisper_Timeline_99A_IsabellaWhisper_07,10,,Play_SFX_Whisper_Start_03,Play_SFX_Whispers_TailOut,whispers_isabela,Play_99A_MSQ_13_01A_IsabellaWhisper,,,true,whisper_vfx_01
99A_IsabellaWhisper_08,GAME_EVENT,,Whisper_Timeline_99A_IsabellaWhisper_08,15,,Play_SFX_Whisper_Start_03,Play_SFX_Whispers_TailOut,whispers_isabela,Play_99A_MSQ_13_03_IsabellaWhisper,,,true,whisper_vfx_01
99A_IsabellaWhisper_09,GAME_EVENT,,Whisper_Timeline_99A_IsabellaWhisper_09,2,,Play_SFX_Whisper_Start_03,Play_SFX_Whispers_TailOut,whispers_isabela,Play_99A_MSQ_15_03_IsabellaWhisper,,,true,whisper_vfx_01
16_BS_Whisper_04,GAME_EVENT,,Whisper_Timeline_16_BS_Whisper_04,15,,Play_SFX_Whisper_Start_03,Play_SFX_Whispers_TailOut,whispers_isabela,Play_1625_0701_challengingpharaoh_Imhotep_Taunt1,,16_BS_Whisper_04,false,
16_BS_Whisper_05,GAME_EVENT,,Whisper_Timeline_16_BS_Whisper_05,15,,,,,Play_1625_0701_challengingpharaoh_Imhotep_Taunt2,,16_BS_Whisper_05,false,
16_BS_Whisper_06,GAME_EVENT,,Whisper_Timeline_16_BS_Whisper_06,15,,,,,Play_1625_0701_challengingpharaoh_Imhotep_Taunt3,,16_BS_Whisper_06,false,
16_BS_Whisper_07,GAME_EVENT,,Whisper_Timeline_16_BS_Whisper_07,15,,,,,Play_1625_0701_challengingpharaoh_Imhotep_Taunt4,,16_BS_Whisper_07,false,
16_BS_Whisper_08,GAME_EVENT,,Whisper_Timeline_16_BS_Whisper_08,15,,,,,Play_1625_0701_challengingpharaoh_Imhotep_Taunt5,,16_BS_Whisper_08,false,
16_BS_Whisper_ImhotepJournalA,GAME_EVENT,,,15,,,,,Play_Tales_of_Brimstone_Sands_Body_18_01,,16_BS_Whisper_ImhotepJournalA,false,
16_BS_Whisper_ImhotepJournalB,GAME_EVENT,,,15,,,,,Play_Tales_of_Brimstone_Sands_Body_18_02,,16_BS_Whisper_ImhotepJournalB,false,
01_Watcher_FTUE_01,GAME_EVENT,,,9,01_Watcher_FTUE_01_event,,,,Play_01_Watcher_FTUE_01,,S_beachintro_cutscene,false,
12A_MB_Whisper_LoreNote_01,GAME_EVENT,,,15,,,,,Play_Lore_Notes_Lochnir_Khalladan1,,12A_MB_LoreNote_01,false,
12A_MB_Whisper_LoreNote_02,GAME_EVENT,,,15,,,,,Play_Lore_Notes_Lochnir_Khalladan2,,12A_MB_LoreNote_02,false,
12A_MSQ_07_Miner1_subtitle,GAME_EVENT,,,7.7892,,,,,,@Miners_Shazaan_line1,12A_MSQ_Miner1_subtitle,false,
12A_MSQ_07_Miner2_subtitle,GAME_EVENT,,,5.05,,,,,,@Miners_Tomira_line1,12A_MSQ_Miner2_subtitle,false,
12A_MSQ_07_Miner3_subtitle,GAME_EVENT,,,5.4193,,,,,,@Miners_Chandu_line1,12A_MSQ_Miner3_subtitle,false,
99C_Isabella_whisper_WF_01,GAME_EVENT,,Whisper_Timeline_99C_Isabella_whisper_WF_01,15,,Play_SFX_Whisper_Start_03,Play_SFX_Whispers_TailOut,whispers_isabela,Play_99C_MSQ_02_Karburg_Isabella_whisper,,99C_Isabella_whisper_WF_01,true,whisper_vfx_01
99C_Isabella_whisper_WF_02,GAME_EVENT,,Whisper_Timeline_99C_Isabella_whisper_WF_02,15,,Play_SFX_Whisper_Start_03,Play_SFX_Whispers_TailOut,whispers_isabela,Play_99C_MSQ_06_Isabella_Whisper,,99C_Isabella_whisper_WF_02,true,whisper_vfx_01
99C_Isabella_whisper_WF_03,GAME_EVENT,,Whisper_Timeline_99C_Isabella_whisper_WF_03,15,,Play_SFX_Whisper_Start_03,Play_SFX_Whispers_TailOut,whispers_isabela,Play_99C_MSQ_11_Lepus_Isabella_whisper,,99C_Isabella_whisper_WF_03,true,whisper_vfx_01
99C_Morgaine_VoicedLoreNote_01,GAME_EVENT,,,15,,,,,Play_13_WeaverFen_Body_11_01_LoreNote,,99C_Morgaine_VoicedLoreNote_01,false,
99C_Morgaine_VoicedLoreNote_02,GAME_EVENT,,,15,,,,,Play_13_WeaverFen_Body_11_02_LoreNote,,99C_Morgaine_VoicedLoreNote_02,false,
99C_Morgaine_VoicedLoreNote_03,GAME_EVENT,,,15,,,,,Play_13_WeaverFen_Body_11_03_LoreNote,,99C_Morgaine_VoicedLoreNote_03,false,
99C_Morgaine_VoicedLoreNote_04,GAME_EVENT,,,15,,,,,Play_13_WeaverFen_Body_11_04_LoreNote,,99C_Morgaine_VoicedLoreNote_04,false,
99C_Morgaine_VoicedLoreNote_05,GAME_EVENT,,,15,,,,,Play_lore_13_WeaverFen_Body_11_05_LoreNote,,99C_Morgaine_VoicedLoreNote_05,false,
99C_Morgaine_VoicedLoreNote_06,GAME_EVENT,,,15,,,,,Play_lore_13_WeaverFen_Body_11_06_LoreNote,,99C_Morgaine_VoicedLoreNote_06,false,
99B_Isabella_whisper_BW_01,GAME_EVENT,,Whisper_Timeline_99B_Isabella_whisper_BW_01,15,,Play_SFX_Whisper_Start_03,Play_SFX_Whispers_TailOut,whispers_isabela,Play_99B_Isabella_Whisper_02,,99B_Isabella_whisper_BW_01,true,whisper_vfx_01
99B_Isabella_whisper_BW_02,GAME_EVENT,,Whisper_Timeline_99B_Isabella_whisper_BW_02,15,,Play_SFX_Whisper_Start_03,Play_SFX_Whispers_TailOut,whispers_isabela,Play_99B_Isabella_Whisper_03,,99B_Isabella_whisper_BW_02,true,whisper_vfx_01
99B_Umberto_VoicedLoreNote_01,GAME_EVENT,,,15,,,,,Play_99B_MSQ_01_umberto_lorenote_1,,99B_Umberto_VoicedLoreNote_01,false,
99B_Umberto_VoicedLoreNote_02,GAME_EVENT,,,15,,,,,Play_99B_MSQ_01_umberto_lorenote_2,,99B_Umberto_VoicedLoreNote_02,false,
99B_Umberto_VoicedLoreNote_03,GAME_EVENT,,,15,,,,,Play_99B_MSQ_01_umberto_lorenote_3,,99B_Umberto_VoicedLoreNote_03,false,
99B_Umberto_VoicedLoreNote_04,GAME_EVENT,,,15,,,,,Play_99B_MSQ_01_umberto_lorenote_4,,99B_Umberto_VoicedLoreNote_04,false,
99B_Umberto_VoicedLoreNote_05,GAME_EVENT,,,15,,,,,Play_99B_MSQ_03_umberto_lorenote_5,,99B_Umberto_VoicedLoreNote_05,false,
99B_Umberto_VoicedLoreNote_07,GAME_EVENT,,,15,,,,,Play_99B_MSQ_06_umberto_lorenote_7,,99B_Umberto_VoicedLoreNote_07,false,
99B_Umberto_VoicedLoreNote_08,GAME_EVENT,,,15,,,,,Play_99B_MSQ_06_umberto_lorenote_8,,99B_Umberto_VoicedLoreNote_08,false,
99B_Moira_VoicedLoreNote_01,GAME_EVENT,,,15,,,,,Play_99B_MSQ_07_moira_lorenote_1,,99B_Moira_VoicedLoreNote_01,false,
99D_Isabella_whisper_GC_00,GAME_EVENT,,Whisper_Timeline_99D_Isabella_whisper_GC_00,12,,Play_SFX_Whisper_Start_03,Play_SFX_Whispers_TailOut,whispers_isabela,Play_npc_99D_Ruins_Isabella_Whisper,,99D_Isabella_whisper_GC_00,true,whisper_vfx_01
99D_Isabella_whisper_GC_01,GAME_EVENT,,Whisper_Timeline_99D_Isabella_whisper_GC_01,13,,Play_SFX_Whisper_Start_03,Play_SFX_Whispers_TailOut,whispers_isabela,Play_npc_99D_Isabella_whisper_01,,99D_Isabella_whisper_GC_01,true,whisper_vfx_01
99D_Isabella_whisper_GC_02,GAME_EVENT,,Whisper_Timeline_99D_Isabella_whisper_GC_02,11,,Play_SFX_Whisper_Start_03,Play_SFX_Whispers_TailOut,whispers_isabela,Play_npc_99D_Isabella_whisper_02,,99D_Isabella_whisper_GC_02,true,whisper_vfx_01
99D_Isabella_whisper_GC_03,GAME_EVENT,,Whisper_Timeline_99D_Isabella_whisper_GC_03,10,,Play_SFX_Whisper_Start_03,Play_SFX_Whispers_TailOut,whispers_isabela,Play_npc_99D_Isabella_whisper_03,,99D_Isabella_whisper_GC_03,true,whisper_vfx_01
99D_Thorpe_VoicedLoreNote_00,GAME_EVENT,,,15,,,,,Play_lore_99D_Ruins_Thorpe_VONote,,99D_Thorpe_VoicedLoreNote_00,false,
99D_Thorpe_VoicedLoreNote_01,GAME_EVENT,,,15,,,,,Play_lore_99D_Thorpe_VoicedLoreNote_01,,99D_Thorpe_VoicedLoreNote_01,false,
99D_Thorpe_VoicedLoreNote_02,GAME_EVENT,,,15,,,,,Play_lore_99D_Thorpe_VoicedLoreNote_02,,99D_Thorpe_VoicedLoreNote_02,false,
99D_Thorpe_VoicedLoreNote_03,GAME_EVENT,,,15,,,,,Play_lore_99D_Thorpe_VoicedLoreNote_03,,99D_Thorpe_VoicedLoreNote_03,false,
99D_Thorpe_VoicedLoreNote_04,GAME_EVENT,,,15,,,,,Play_lore_99D_Thorpe_VoicedLoreNote_04,,99D_Thorpe_VoicedLoreNote_04,false,
99D_Thorpe_VoicedLoreNote_05,GAME_EVENT,,,15,,,,,Play_lore_99D_Thorpe_VoicedLoreNote_05,,99D_Thorpe_VoicedLoreNote_05,false,
99E_Myrddin_VoicedLoreNote_01,GAME_EVENT,,,15,,,,,Play_npc_14_Edengrove_Body_01_01,,99E_Myrddin_VoicedLoreNote_01,false,
99E_Myrddin_VoicedLoreNote_02,GAME_EVENT,,,15,,,,,Play_npc_14_Edengrove_Body_01_02,,99E_Myrddin_VoicedLoreNote_02,false,
99E_Myrddin_VoicedLoreNote_03,GAME_EVENT,,,15,,,,,Play_npc_14_Edengrove_Body_01_03,,99E_Myrddin_VoicedLoreNote_03,false,
99E_Myrddin_VoicedLoreNote_04,GAME_EVENT,,,15,,,,,Play_npc_14_Edengrove_Body_01_04,,99E_Myrddin_VoicedLoreNote_04,false,
99E_Myrddin_VoicedLoreNote_05,GAME_EVENT,,,15,,,,,Play_npc_14_Edengrove_Body_01_05,,99E_Myrddin_VoicedLoreNote_05,false,
99E_Isabella_whisper_EG_01,GAME_EVENT,,Whisper_Timeline_99E_Isabella_whisper_EG_01,9,,Play_SFX_Whisper_Start_03,Play_SFX_Whispers_TailOut,whispers_isabela,Play_npc_99E_Isabella_Whisper_01,,99E_Isabella_whisper_EG_01,true,whisper_vfx_01
99E_Isabella_whisper_EG_02,GAME_EVENT,,Whisper_Timeline_99E_Isabella_whisper_EG_02,13,,Play_SFX_Whisper_Start_03,Play_SFX_Whispers_TailOut,whispers_isabela,Play_npc_99E_Isabella_Whisper_02,,99E_Isabella_whisper_EG_02,true,whisper_vfx_01
99E_Isabella_whisper_EG_03,GAME_EVENT,,Whisper_Timeline_99E_Isabella_whisper_EG_03,8,,Play_SFX_Whisper_Start_03,Play_SFX_Whispers_TailOut,whispers_isabela,Play_npc_99E_Isabella_Whisper_03,,99E_Isabella_whisper_EG_03,true,whisper_vfx_01
99E_Isabella_whisper_EG_04,GAME_EVENT,,Whisper_Timeline_99E_Isabella_whisper_EG_04,10,,Play_SFX_Whisper_Start_03,Play_SFX_Whispers_TailOut,whispers_isabela,Play_npc_99E_Isabella_Whisper_04,,99E_Isabella_whisper_EG_04,true,whisper_vfx_01
99E_Isabella_whisper_EG_05,GAME_EVENT,,Whisper_Timeline_99E_Isabella_whisper_EG_05,12,,Play_SFX_Whisper_Start_03,Play_SFX_Whispers_TailOut,whispers_isabela,Play_npc_99E_Isabella_Whisper_05,,99E_Isabella_whisper_EG_05,true,whisper_vfx_01
99E_Isabella_whisper_EG_06,GAME_EVENT,,Whisper_Timeline_99E_Isabella_whisper_EG_06,12,,Play_SFX_Whisper_Start_03,Play_SFX_Whispers_TailOut,whispers_isabela,Play_npc_99E_Isabella_Whisper_06,,99E_Isabella_whisper_EG_06,true,whisper_vfx_01
99E_Adiana_Whisper_01,GAME_EVENT,,Whisper_Timeline_99E_Adiana_Shrine_01,35,,Play_SFX_Whispers_Start_Artemis_03,Play_SFX_Whispers_TailOut_Artemis,Whispers_Artemis,Play_npc_99E_Adiana_Edengrove_Shrine_1,,,true,wFX_whisper_Adiana
99E_Adiana_Whisper_02,GAME_EVENT,,Whisper_Timeline_99E_Adiana_Shrine_02,36,,Play_SFX_Whispers_Start_Artemis_03,Play_SFX_Whispers_TailOut_Artemis,Whispers_Artemis,Play_npc_99E_Adiana_Edengrove_Shrine_2,,,true,wFX_whisper_Adiana
99E_Adiana_Whisper_03,GAME_EVENT,,Whisper_Timeline_99E_Adiana_Shrine_03,35,,Play_SFX_Whispers_Start_Artemis_03,Play_SFX_Whispers_TailOut_Artemis,Whispers_Artemis,Play_npc_99E_Adiana_Edengrove_Shrine_3,,,true,wFX_whisper_Adiana
99E_02_Morgaine_Bark,GAME_EVENT,,Whisper_Timeline_99E_02_Morgaine_Bark,6,,,,,Play_npc_99E_MSQ_02_Morgaine_bark,,,false,
99E_CrystalCave_Whisper_01,GAME_EVENT,,Whisper_Timeline_99E_02_CaveObserve_01,5,,,,,Play_npc_99E_MSQ_02_Myrddin_VO_Clue1,,,false,
99E_CrystalCave_Whisper_02,GAME_EVENT,,Whisper_Timeline_99E_02_CaveObserve_02,6,,,,,Play_npc_99E_MSQ_02_Myrddin_VO_Clue2,,,false,
99E_CrystalCave_Whisper_03,GAME_EVENT,,Whisper_Timeline_99E_02_CaveObserve_03,8,,,,,Play_npc_99E_MSQ_02_Myrddin_VO_Clue3,,,false,
99E_MyrddinHint_Whisper_01,GAME_EVENT,,Whisper_Timeline_99E_05_MyrddinClue_01,11,,,,,Play_npc_99E_MSQ_05_Myrddin_VO_Clue1,,,false,
99E_MyrddinHint_Whisper_02,GAME_EVENT,,Whisper_Timeline_99E_05_MyrddinClue_02,9,,,,,Play_npc_99E_MSQ_05_Myrddin_VO_Clue2,,,false,
94_Shirzad_Whisper,GAME_EVENT,,Whisper_Timeline_94_BeastWhisper_1,15,,,,,Play_npc_9401_lionwhisper,,,false,
9405_CrossBridge_Whisper,GAME_EVENT,,Whisper_Timeline_9405_CrossBridge,15,,,,,Play_npc_9405_EvilLionWhisper,,,false,
98_Roose_CovenantQ4_Subtitle,GAME_EVENT,,,6,,,,,,@98_Roose_CovenantQ4_Subtitle,98_Roose_CovenantQ4_Subtitle,false,
95_s04_01_IceVarang_hint,GAME_EVENT,,,6,95_s04_01_IceVarang_hint,,,,,@95_s04_01_SearchRing_IceVarang_hint,,false,
95_s04_01_HearMorgaine_hint,GAME_EVENT,,,6,95_s04_01_HearMorgaine_hint,,,,,@95_s04_01_SearchRing_HearMorgaine_hint,,false,
95_s04_01_MordredTracks1_hint,GAME_EVENT,,,6,95_s04_01_MordredTracks1_interact,,,,,@95_s04_01_SearchRing_MordredTracks1_hint,,false,
95_s04_01_MordredTracks4_hint,GAME_EVENT,,,6,95_s04_01_MordredTracks4_interact,,,,,@95_s04_01_SearchRing_MordredTracks4_hint,,false,
95_s04_01_CrackedShell_hint,GAME_EVENT,,,6,95_s04_01_CrackedShell_hint,,,,,@95_s04_01_SearchRing_CrackedShell_hint,,false,
95_s04_01_EmptyPedestal_hint,GAME_EVENT,,,6,95_s04_01_RingPedestal_interact,,,,,@95_s04_01_SearchRing_EmptyPedestal_hint,,false,
95_s04_03_Boat_hint,GAME_EVENT,,,6,95_s04_03_Boat_hint,,,,,@95_s04_03_EnterCastle_Boat_hint,,false,
95_s04_03_ZanderMumbling_hint,GAME_EVENT,,,6,95_s04_03_ZanderMumbling_hint,,,,,@95_S04_03_EnterCastle_ZanderMumbling_hint,,false,
95_s04_03_FrozenStatues_hint,GAME_EVENT,,,11,95_s04_03_FrozenStatues_hint,,,,,@95_S04_03_EnterCastle_FrozenStatues_hint,,false,
95_s04_01_MordredPedestal_VLN,GAME_EVENT,,,6,95_s04_01_MordredPedestal_VLN,,,,play_lore_95_s04_01_SearchRing_Mordred_LORE_Pedestal,,,false,
95_s04_06_MordredFallsNote_VLN,GAME_EVENT,,,6,95_s04_06_MordredFallsNote_VLN,,,,play_lore_95_s04_06_StopDevice_Mordred_LORE_FallsJournal,,,false,
95_s04_04_ArtoriusMissive_VLN,GAME_EVENT,,,6,95_s04_04_ArtoriusMissive_VLN,,,,play_lore_95_s04_04_FightMage_Artorius_LORE_ForgiveMordred,,,false,
95_s04_02_DaichiSeals_VLN,GAME_EVENT,,,6,95_s04_02_DaichiSeals_VLN,,,,play_lore_95_s04_02_GetDaichi_Jubei_LORE_Seals,,,false,
95_s04_03_IdrisCrownStolen_VLN,GAME_EVENT,,,6,95_s04_03_IdrisCrownStolen_VLN,,,,play_lore_95_s04_03_EnterCastle_Idris_LORE,,,false,
95_s04_04_Jehan_01_VLN,GAME_EVENT,,,6,95_s04_04_Jehan_01_VLN,,,,play_lore_95_s04_04_FightMage_Jehan_LORE_BecomingAncient_E01,,,false,
95_s04_04_Jehan_02_VLN,GAME_EVENT,,,6,95_s04_04_Jehan_02_VLN,,,,play_lore_95_s04_04_FightMage_Jehan_LORE_BecomingAncient_E02,,,false,
95_s04_04_Jehan_03_VLN,GAME_EVENT,,,6,95_s04_04_Jehan_03_VLN,,,,play_lore_95_s04_04_FightMage_Jehan_LORE_BecomingAncient_E03,,,false,
95_s04_04_Jehan_04_VLN,GAME_EVENT,,,6,95_s04_04_Jehan_04_VLN,,,,play_lore_95_s04_04_FightMage_Jehan_LORE_BecomingAncient_E04,,,false,
95_s04_04_MordredTryStaff_hint,GAME_EVENT,,,8,95_s04_04_MordredTryStaff_hint,,,,,@95_S04_04_FightMage_MordredTryStaff_hint,,false,
95_s04_04_PorticullisUnlocked_hint,GAME_EVENT,,,1,95_s04_04_PorticullisUnlocked_hint,,,,,@95_S04_04_FightMage_PorticullisUnlocked_hint,,false,
95_s04_04_MagicDoorMovement_hint,GAME_EVENT,,,6,95_s04_04_MagicDoorMovement_hint,,,,,@95_S04_04_FightMage_MagicDoorMovement_hint,,false,
95_s04_06_SeeFallsLore_hint,GAME_EVENT,,,6,95_s04_06_SeeFallsLore_hint,,,,,@95_S04_06_StopDevice_SeeFallsLore_hint,,false,
95_s04_06_SeeFirstRune_hint,GAME_EVENT,,,6,95_s04_06_SeeFirstRune_hint,,,,,@95_S04_06_StopDevice_SeeFirstRune_hint,,false,
95_s04_06_CollectFirstRune_hint,GAME_EVENT,,,6,95_s04_06_CollectFirstRune_hint,,,,,@95_S04_06_StopDevice_CollectFirstRune_hint,,false,
95_s04_06_CollectSecondRune_hint,GAME_EVENT,,,6,95_s04_06_SecondRune_Interact,,,,,@95_S04_06_StopDevice_CollectSecondRune_hint,,false,
95_s04_06_SeeEntrance_hint,GAME_EVENT,,,6,95_s04_06_SeeEntrance_hint,,,,,@95_S04_06_StopDevice_SeeEntrance_hint,,false,
95_s04_06_SeeLizardArt_hint,GAME_EVENT,,,6,95_s04_06_SeeLizardArt_hint,,,,,@95_S04_06_StopDevice_SeeLizardArt_hint,,false,
95_s04_06_SolvedPuzzle_hint,GAME_EVENT,,,6,95_s04_06_SolvedPuzzle_hint,,,,,@95_S04_06_StopDevice_SolvedPuzzle_hint,,false,
95_s04_06_EnterMordredTrial_hint,GAME_EVENT,,,9,95_s04_06_EnterMordredTrial_hint,,,,,@95_S04_06_StopDevice_EnterMordredTrial_hint,,false,
95_s04_01_Survivors_hint,GAME_EVENT,,,6,95_s04_01_Survivors_hint,,,,,@95_s04_01_SearchRing_Survivors_hint,,false,
95_s04_01_SearchCabin_hint,GAME_EVENT,,,9,95_s04_01_SearchCabin_hint,,,,,@95_s04_01_SearchRing_SearchCabin_hint,,false,
95_s04_01_PedestalLore_hint,GAME_EVENT,,,9,95_s04_01_PedestalLore_hint,,,,,@95_s04_01_SearchRing_PedestalLore_hint,,false,
09A_M1_WhisperPlant_Whisper,GAME_EVENT,,Whisper_Timeline_09A_M1_Plant,25.3212,09A_M1_WhisperPlant_Interact,Play_SFX_Whispers_Start_Artemis_03,Play_SFX_Whispers_TailOut_Artemis,Whispers_Artemis,play_npc_09A_ArtemisPlant_CampHargest,,,true,wFX_whisper_Adiana
09A_WhisperPlant_Nyhart,GAME_EVENT,,Whisper_Timeline_09A_Plant_Nyhart,14.9435,09A_WhisperPlant_Nyhart_Interact,Play_SFX_Whispers_Start_Artemis_03,Play_SFX_Whispers_TailOut_Artemis,Whispers_Artemis,play_npc_09A_ArtemisPlant_Nyhart,,,true,wFX_whisper_Adiana
09A_WhisperPlant_Dayspring,GAME_EVENT,,Whisper_Timeline_09A_Plant_Dayspring,20.8305,09A_WhisperPlant_Dayspring_Interact,Play_SFX_Whispers_Start_Artemis_03,Play_SFX_Whispers_TailOut_Artemis,Whispers_Artemis,play_npc_09A_ArtemisPlant_Dayspring,,,true,wFX_whisper_Adiana
09A_WhisperPlant_Settlement,GAME_EVENT,,Whisper_Timeline_09A_Plant_Settlement,19.9976,09A_WhisperPlant_Settlement_Interact,Play_SFX_Whispers_Start_Artemis_03,Play_SFX_Whispers_TailOut_Artemis,Whispers_Artemis,play_npc_09A_ArtemisPlant_Settlement,,,true,wFX_whisper_Adiana
09A_WhisperPlant_Tanglesnap,GAME_EVENT,,Whisper_Timeline_09A_Plant_Tanglesnap,20.09,09A_WhisperPlant_Tanglesnap_Interact,Play_SFX_Whispers_Start_Artemis_03,Play_SFX_Whispers_TailOut_Artemis,Whispers_Artemis,play_npc_09A_ArtemisPlant_Tanglesnap,,,true,wFX_whisper_Adiana
09A_WhisperPlant_Mammoths,GAME_EVENT,,Whisper_Timeline_09A_Plant_Mammoths,20.0731,09A_WhisperPlant_Mammoths_Interact,Play_SFX_Whispers_Start_Artemis_03,Play_SFX_Whispers_TailOut_Artemis,Whispers_Artemis,play_npc_09A_ArtemisPlant_Mammoths,,,true,wFX_whisper_Adiana
09A_WhisperPlant_Mahantaram,GAME_EVENT,,Whisper_Timeline_09A_Plant_Mahantaram,21.9363,09A_WhisperPlant_Mahantaram_Interact,Play_SFX_Whispers_Start_Artemis_03,Play_SFX_Whispers_TailOut_Artemis,Whispers_Artemis,play_npc_09A_ArtemisPlant_Mahantaram,,,true,wFX_whisper_Adiana
09A_WhisperPlant_Medusa,GAME_EVENT,,Whisper_Timeline_09A_Plant_Medusa,19.4798,09A_WhisperPlant_Medusa_Interact,Play_SFX_Whispers_Start_Artemis_03,Play_SFX_Whispers_TailOut_Artemis,Whispers_Artemis,play_npc_09A_ArtemisPlant_Medusa,,,true,wFX_whisper_Adiana
09A_WhisperPlant_ScalefangEnclave,GAME_EVENT,,Whisper_Timeline_09A_Plant_ScalefangEnclave,20.0309,09A_WhisperPlant_ScalefangEnclave_Interact,Play_SFX_Whispers_Start_Artemis_03,Play_SFX_Whispers_TailOut_Artemis,Whispers_Artemis,play_npc_09A_ArtemisPlant_ScalefangEnclave,,,true,wFX_whisper_Adiana
09A_WhisperPlant_LightsCrown,GAME_EVENT,,Whisper_Timeline_09A_Plant_LightsCrown,17.0254,09A_WhisperPlant_LightsCrown_Interact,Play_SFX_Whispers_Start_Artemis_03,Play_SFX_Whispers_TailOut_Artemis,Whispers_Artemis,play_npc_09A_ArtemisPlant_LightsCrown,,,true,wFX_whisper_Adiana
09A_WhisperPlant_ElafryPyrgo,GAME_EVENT,,Whisper_Timeline_09A_Plant_ElafryPyrgo,17.9883,09A_WhisperPlant_ElafryPyrgo_Interact,Play_SFX_Whispers_Start_Artemis_03,Play_SFX_Whispers_TailOut_Artemis,Whispers_Artemis,play_npc_09A_ArtemisPlant_ElafryPyrgo,,,true,wFX_whisper_Adiana
09A_WhisperPlant_Letum,GAME_EVENT,,Whisper_Timeline_09A_Plant_Letum,22.4651,09A_WhisperPlant_Letum_Interact,Play_SFX_Whispers_Start_Artemis_03,Play_SFX_Whispers_TailOut_Artemis,Whispers_Artemis,play_npc_09A_ArtemisPlant_Letum,,,true,wFX_whisper_Adiana
09A_M2_VOLoreNote_Oakes_01,GAME_EVENT,,,15,09A_M2_VOLoreNote_Oakes_01_Interact,,,,Play_npc_09A_M2_Page_1,,,false,
09A_M2_VOLoreNote_Oakes_02,GAME_EVENT,,,15,09A_M2_VOLoreNote_Oakes_02_Interact,,,,Play_npc_09A_M2_Page_2,,,false,
09A_M2_VOLoreNote_Oakes_03,GAME_EVENT,,,15,09A_M2_VOLoreNote_Oakes_03_Interact,,,,Play_npc_09A_M2_Page_3,,,false,
09A_M2_VOLoreNote_Oakes_04,GAME_EVENT,,,15,09A_M2_VOLoreNote_Oakes_04_Interact,,,,Play_npc_09A_M2_Page_4,,,false,
09A_M2_VOLoreNote_Oakes_05,GAME_EVENT,,,15,09A_M2_VOLoreNote_Oakes_05_Interact,,,,Play_npc_09A_M2_Page_5,,,false,
09A_M3_RescueRangerA_Subtitle,GAME_EVENT,,,8,09A_M3_RescueRangerA_Subtitle_Interact,,,,,@09A_Ranger_Bark_1,,false,
09A_M3_RescueRangerB_Subtitle,GAME_EVENT,,,8,09A_M3_RescueRangerB_Subtitle_Interact,,,,,@09A_Ranger_Bark_2,,false,
09A_M3_RescueRangerC_Subtitle,GAME_EVENT,,,8,09A_M3_RescueRangerC_Subtitle_Interact,,,,,@09A_Ranger_Bark_3,,false,
09A_M3_VOLoreNote_Riches,GAME_EVENT,,,15,09A_M3_VOLoreNote_Riches_Interact,,,,Play_npc_09A_M3_SurvivalistRiches_VOLoreNote,,,false,
09A_S2_TrappedRangerA_Subtitle,GAME_EVENT,,,8,09A_S2_RescueRangerA_Subtitle_Interact,,,,,@09A_RangerRescue_Bark_1,,false,
09A_S2_TrappedRangerB_Subtitle,GAME_EVENT,,,8,09A_S2_RescueRangerB_Subtitle_Interact,,,,,@09A_RangerRescue_Bark_2,,false,
09A_S2_TrappedRangerC_Subtitle,GAME_EVENT,,,8,09A_S2_RescueRangerC_Subtitle_Interact,,,,,@09A_RangerRescue_Bark_3,,false,
09A_S2_TrappedRangerD_Subtitle,GAME_EVENT,,,8,09A_S2_RescueRangerD_Subtitle_Interact,,,,,@09A_RangerRescue_Bark_4,,false,
09A_M6_JihoonKim_VoiceLoreNote01,GAME_EVENT,,,15,,,,,Play_lore_09A_FirstLight_Body_03_01,,09A_JihoonKim_VoiceLoreNote01,false,
09A_M6_JihoonKim_VoiceLoreNote02,GAME_EVENT,,,15,,,,,Play_lore_09A_FirstLight_Body_03_02,,09A_JihoonKim_VoiceLoreNote02,false,
09A_M6_JihoonKim_VoiceLoreNote03,GAME_EVENT,,,15,,,,,Play_lore_09A_FirstLight_Body_03_03,,09A_JihoonKim_VoiceLoreNote03,false,
14_SQ_05_plant_subtitle_01,GAME_EVENT,,,8,14_SQ_05_plant_subtitle_01_Interact,,,,,@14_SQ_05_plant_subtitle_01,,false,
14_SQ_05_plant_subtitle_02,GAME_EVENT,,,8,14_SQ_05_plant_subtitle_02_Interact,,,,,@14_SQ_05_plant_subtitle_02,,false,
14_SQ_05_plant_subtitle_03,GAME_EVENT,,,8,14_SQ_05_plant_subtitle_03_Interact,,,,,@14_SQ_05_plant_subtitle_03,,false,
