ConsumableID,AddStatusEffects,StatusEffectMod,DurationOverrides,MinDurationModifier,MaxDurationModifier,DurationScaleFactor,MinPotencyModifier,MaxPotencyModifier,PotencyScaleFactor,RemoveStatusEffects,RemoveStatusEffectCategories,DisplayStatusEffect,UseCount,WeaponUseCount,DisableUseInCombat,AfflictionDamage,BaseDamageModifier,BaseDamageType,DamageType,Damage,DMGVitalsCategory,OnUseAffliction,StatMultipliers,RequiredItemClass,MannequinTag,EquipAbility,CooldownDuration,CooldownId
WaterT1,EatRawFood,1,,,,,,,,,,,,,,,,,,,,,,,Drink,,,
MeatGameT1,EatRawFood,1,,,,,,,,,,,,,,,,,,,,,,,Eat,,,
MassiveTurkeyLegT5,EatRawFood,1,,,,,,,,,,,,,,,,,,,,,,,Eat,,,
CactusFleshT1,EatRawFood,1,,,,,,,,,,,,,,,,,,,,,,,Eat,,,
VenisonT1,EatRawFood,1,,,,,,,,,,,,,,,,,,,,,,,Eat,,,
PorkT1,EatRawFood,1,,,,,,,,,,,,,,,,,,,,,,,Eat,,,
TurkeyBreastT1,EatRawFood,1,,,,,,,,,,,,,,,,,,,,,,,Eat,,,
TurkeyThighT1,EatRawFood,1,,,,,,,,,,,,,,,,,,,,,,,Eat,,,
BearFlankT1,EatRawFood,1,,,,,,,,,,,,,,,,,,,,,,,Eat,,,
HamHockT1,EatRawFood,1,,,,,,,,,,,,,,,,,,,,,,,Eat,,,
RabbitT1,EatRawFood,1,,,,,,,,,,,,,,,,,,,,,,,Eat,,,
VenisonTenderloinT1,EatRawFood,1,,,,,,,,,,,,,,,,,,,,,,,Eat,,,
WolfLoinT1,EatRawFood,1,,,,,,,,,,,,,,,,,,,,,,,Eat,,,
PrimeRedMeatT1,EatRawFood,1,,,,,,,,,,,,,,,,,,,,,,,Eat,,,
PorkBellyT1,EatRawFood,1,,,,,,,,,,,,,,,,,,,,,,,Eat,,,
FishRoeT1,EatRawFood,1,,,,,,,,,,,,,,,,,,,,,,,Eat,,,
MeatSquidT1,EatRawFood,1,,,,,,,,,,,,,,,,,,,,,,,Eat,,,
MeatT1,EatRawFood,1,,,,,,,,,,,,,,,,,,,,,,,Eat,,,
RedMeatT1,EatRawFood,1,,,,,,,,,,,,,,,,,,,,,,,Eat,,,
FishT1,EatRawFood,1,,,,,,,,,,,,,,,,,,,,,,,Eat,,,
FishT2,EatRawFood,1,,,,,,,,,,,,,,,,,,,,,,,Eat,,,
FishT3,EatRawFood,1,,,,,,,,,,,,,,,,,,,,,,,Eat,,,
FishT4,EatRawFood,1,,,,,,,,,,,,,,,,,,,,,,,Eat,,,
WheatT1,EatRawFood,1,,,,,,,,,,,,,,,,,,,,,,,Eat,,,
GrainT1,EatRawFood,1,,,,,,,,,,,,,,,,,,,,,,,Eat,,,
EggT1,EatRawFood,1,,,,,,,,,,,,,,,,,,,,,,,Eat,,,
PoultryT1,EatRawFood,1,,,,,,,,,,,,,,,,,,,,,,,Eat,,,
StrawberryT1,EatRawFood,1,,,,,,,,,,,,,,,,,,,,,,,Eat,,,
CranberryT1,EatRawFood,1,,,,,,,,,,,,,,,,,,,,,,,Eat,,,
BroccoliT1,EatRawFood,1,,,,,,,,,,,,,,,,,,,,,,,Eat,,,
MelonT1,EatRawFood,1,,,,,,,,,,,,,,,,,,,,,,,Eat,,,
SquashT1,EatRawFood,1,,,,,,,,,,,,,,,,,,,,,,,Eat,,,
FruitT1,EatRawFood,1,,,,,,,,,,,,,,,,,,,,,,,Eat,,,
VegetableT1,EatRawFood,1,,,,,,,,,,,,,,,,,,,,,,,Eat,,,
NutT1,EatRawFood,1,,,,,,,,,,,,,,,,,,,,,,,Eat,,,
BerryT1,EatRawFood,1,,,,,,,,,,,,,,,,,,,,,,,Eat,,,
JuniperBerryT5,EatRawFood,1,,,,,,,,,,,,,,,,,,,,,,,Eat,,,
BlueberryT1,EatRawFood,1,,,,,,,,,,,,,,,,,,,,,,,Eat,,,
BarleyT1,EatRawFood,1,,,,,,,,,,,,,,,,,,,,,,,Eat,,,
PotatoT1,EatRawFood,1,,,,,,,,,,,,,,,,,,,,,,,Eat,,,
CornT1,EatRawFood,1,,,,,,,,,,,,,,,,,,,,,,,Eat,,,
CarrotT1,EatRawFood,1,,,,,,,,,,,,,,,,,,,,,,,Eat,,,
CabbageT1,EatRawFood,1,,,,,,,,,,,,,,,,,,,,,,,Eat,,,
HoneyT1,EatRawFood,1,,,,,,,,,,,,,,,,,,,,,,,Eat,,,
HardtackT1,FoodInitialRecoveryT1+FoodRecoveryT1,1,,,,,,,,,FoodInitialRecovery+Recovery,,,,,,,,,,,,,,Eat,,,
MushroomT1,EatRawFood,1,,,,,,,,,,,,,,,,,,,,,,,Eat,,,
CauliflowerT1,EatRawFood,1,,,,,,,,,,,,,,,,,,,,,,,Eat,,,
CheeseT1,EatRawFood,1,,,,,,,,,,,,,,,,,,,,,,,Eat,,,
BreadT1,EatRawFood,1,,,,,,,,,,,,,,,,,,,,,,,Eat,,,
SausageT1,EatRawFood,1,,,,,,,,,,,,,,,,,,,,,,,Eat,,,
PastaT1,EatRawFood,1,,,,,,,,,,,,,,,,,,,,,,,Eat,,,
PastryCrustT1,EatRawFood,1,,,,,,,,,,,,,,,,,,,,,,,Eat,,,
ButterT1,EatRawFood,1,,,,,,,,,,,,,,,,,,,,,,,Eat,,,
OrangeT1,EatRawFood,1,,,,,,,,,,,,,,,,,,,,,,,Eat,,,
LemonT1,EatRawFood,1,,,,,,,,,,,,,,,,,,,,,,,Eat,,,
AppleT1,EatRawFood,1,,,,,,,,,,,,,,,,,,,,,,,Eat,,,
StringBeanT1,EatRawFood,1,,,,,,,,,,,,,,,,,,,,,,,Eat,,,
CoconutT1,EatRawFood,1,,,,,,,,,,,,,,,,,,,,,,,Eat,,,
MilkT1,EatRawFood,1,,,,,,,,,,,,,,,,,,,,,,,Drink,,,
TomatoT1,EatRawFood,1,,,,,,,,,,,,,,,,,,,,,,,Eat,,,
OnionT1,EatRawFood,1,,,,,,,,,,,,,,,,,,,,,,,Eat,,,
EnrichedRedMeatT5,EatRawFood,1,,,,,,,,,,,,,,,,,,,,,,,Eat,,,
EnrichedMeatPortionT5,EatRawFood,1,,,,,,,,,,,,,,,,,,,,,,,Eat,,,
ScorpionMeatT5,EatRawFood,1,,,,,,,,,,,,,,,,,,,,,,,Eat,,,
ArmadilloMeatT5,EatRawFood,1,,,,,,,,,,,,,,,,,,,,,,,Eat,,,
PotionHealthT1,PotionHeal,1,0,0,0,1,,,,,,,,,,,,,,,,,,,Potion,,30,PotionHealth
PotionHealthBT1,PotionHeal,1,0,0,0,1,,,,,,,,,,,,,,,,,,,Potion,,30,PotionHealth
PotionHealthT2,PotionHealT2,1,0,0,0,1,,,,,,,,,,,,,,,,,,,Potion,,30,PotionHealth
PotionHealthT3,PotionHealT3,1,0,0,0,1,,,,,,,,,,,,,,,,,,,Potion,,30,PotionHealth
PotionHealthT4,PotionHealT4,1,0,0,0,1,,,,,,,,,,,,,,,,,,,Potion,,30,PotionHealth
PotionHealthT5,PotionHealT5,1,0,0,0,1,,,,,,,,,,,,,,,,,,,Potion,,30,PotionHealth
PotionManaT1,PotionMana,1,0,0,0,1,,,,,,,,,,,,,,,,,,,Potion,,15,PotionMana
PotionManaT2,PotionManaT2,1,0,0,0,1,,,,,,,,,,,,,,,,,,,Potion,,15,PotionMana
PotionManaT3,PotionManaT3,1,0,0,0,1,,,,,,,,,,,,,,,,,,,Potion,,15,PotionMana
PotionManaT4,PotionManaT4,1,0,0,0,1,,,,,,,,,,,,,,,,,,,Potion,,15,PotionMana
PotionManaT5,PotionManaT5,1,0,0,0,1,,,,,,,,,,,,,,,,,,,Potion,,15,PotionMana
PotionRegenT1,MinorPotionRegen,1,10,0,0,1,,,,,,,,,,,,,,,,,,,Potion,,30,PotionRegen
PotionRegenT2,MajorPotionRegen,1,10,0,0,1,,,,,,,,,,,,,,,,,,,Potion,,30,PotionRegen
PotionRegenT3,GreaterPotionRegen,1,10,0,0,1,,,,,,,,,,,,,,,,,,,Potion,,30,PotionRegen
PotionRegenT4,GrandPotionRegen,1,10,0,0,1,,,,,,,,,,,,,,,,,,,Potion,,30,PotionRegen
PotionEnduranceT1,MajorPotionEndurance,1,60,0,0,1,,,,,Boost,,,,,,,,,,,,,,Potion,,,
PotionEnduranceT2,GreaterPotionEndurance,1,60,0,0,1,,,,,Boost,,,,,,,,,,,,,,Potion,,,
PotionEnduranceT3,GrandPotionEndurance,1,60,0,0,1,,,,,Boost,,,,,,,,,,,,,,Potion,,,
PotionFocusT1,MinorPotionFocus,1,60,0,0,1,,,,,Focus,,,,,,,,,,,,,,Potion,,,
PotionFocusT2,MajorPotionFocus,1,60,0,0,1,,,,,Focus,,,,,,,,,,,,,,Potion,,,
PotionFocusT3,GreaterPotionFocus,1,60,0,0,1,,,,,Focus,,,,,,,,,,,,,,Potion,,,
PotionFocusT4,GrandPotionFocus,1,60,0,0,1,,,,,Focus,,,,,,,,,,,,,,Potion,,,
PotionStalwartT1,MinorPotionStalwart,1,60,0,0,1,,,,,,,,,,,,,,,,,,,Potion,,,
PotionStalwartT2,MajorPotionStalwart,1,60,0,0,1,,,,,,,,,,,,,,,,,,,Potion,,,
PotionStalwartT3,GrandPotionStalwart,1,60,0,0,1,,,,,,,,,,,,,,,,,,,Potion,,,
PotionEncumbranceT1,MajorPotionEncumbrance,1,120,0,0,1,,,,,Boost,,,,,,,,,,,,,,Potion,,,
PotionEncumbranceT2,GreaterPotionEncumbrance,1,150,0,0,1,,,,,Boost,,,,,,,,,,,,,,Potion,,,
PotionEncumbranceT3,GrandPotionEncumbrance,1,180,0,0,1,,,,,Boost,,,,,,,,,,,,,,Potion,,,
PotionCleanseFTW,Cleanse,1,5,0,0,1,,,,MinorCurseAbsorb+MajorCurseAbsorb+GreaterCurseAbsorb+GrandCurseAbsorb+MinorPoisonAbsorb+MajorPoisonAbsorb+GreaterPoisonAbsorb+GrandPoisonAbsorb+MinorDiseaseAbsorb+MajorDiseaseAbsorb+GreaterDiseaseAbsorb+GrandDiseaseAbsorb+MinorBleedAbsorb+MajorBleedAbsorb+GreaterBleedAbsorb+GrandBleedAbsorb+MinorFrostbiteAbsorb+MajorFrostbiteAbsorb+GreaterFrostbiteAbsorb+GrandFrostbiteAbsorb,,,,,,,,,,,,AfflictionCurse=-1000+AfflictionPoison=-1000+AfflictionDisease=-1000+AfflictionBleed=-1000+AfflictionFrostbite=-1000,,,Potion,,30,PotionCleanse
PotionHasteFTW,PotionHaste,1,20,0,0,1,,,,,,,,,,,,,,,,,,,Potion,,60,PotionHaste
BlessedWater,GrandDrinkStaminaRegen,1,120,0,0,1,,,,,,,,,,,,,,,,,,,Potion,,,
PotionHealthFTW,PotionHealT5,1,0,0,0,1,,,,,,,,,,,,,,,,,,,Potion,,30,PotionHealth
PotionManaFTW,PotionManaT5,1,0,0,0,1,,,,,,,,,,,,,,,,,,,Potion,,15,PotionMana
TinctureCorruptionT2,MinorCurseAbsorb,1,300,0,0,1,,,,,ResistTincture,,,,,,,,,,,AfflictionCurse=-9999,,,Potion,,,
TinctureCorruptionT3,MajorCurseAbsorb,1,300,0,0,1,,,,,ResistTincture,,,,,,,,,,,AfflictionCurse=-9999,,,Potion,,,
TinctureCorruptionT4,GreaterCurseAbsorb,1,300,0,0,1,,,,,ResistTincture,,,,,,,,,,,AfflictionCurse=-9999,,,Potion,,,
TinctureCorruptionT5,GrandCurseAbsorb,1,300,0,0,1,,,,,ResistTincture,,,,,,,,,,,AfflictionCurse=-9999,,,Potion,,,
TinctureBlightT2,MinorBlightAbsorb,1,300,0,0,1,,,,,ResistTincture,,,,,,,,,,,AfflictionBlight=-9999,,,Potion,,,
TinctureBlightT3,MajorBlightAbsorb,1,300,0,0,1,,,,,ResistTincture,,,,,,,,,,,AfflictionBlight=-9999,,,Potion,,,
TinctureBlightT4,GreaterBlightAbsorb,1,300,0,0,1,,,,,ResistTincture,,,,,,,,,,,AfflictionBlight=-9999,,,Potion,,,
TinctureBlightT5,GrandBlightAbsorb,1,300,0,0,1,,,,,ResistTincture,,,,,,,,,,,AfflictionBlight=-9999,,,Potion,,,
TinctureFreezingT2,MinorFrostbiteAbsorb,1,300,0,0,1,,,,,ResistTincture,,,,,,,,,,,AfflictionFrostbite=-9999,,,Potion,,,
TinctureFreezingT3,MajorFrostbiteAbsorb,1,300,0,0,1,,,,,ResistTincture,,,,,,,,,,,AfflictionFrostbite=-9999,,,Potion,,,
TinctureFreezingT4,GreaterFrostbiteAbsorb,1,300,0,0,1,,,,,ResistTincture,,,,,,,,,,,AfflictionFrostbite=-9999,,,Potion,,,
TinctureFreezingT5,GrandFrostbiteAbsorb,1,300,0,0,1,,,,,ResistTincture,,,,,,,,,,,AfflictionFrostbite=-9999,,,Potion,,,
CoatingBeastT2,,1,1500,0,0,1,,,,,,WeaponCoatingEffect_Beasts_T2,,,,,,,,,Beast=.09,,,,WeaponOil,,,
CoatingBeastT3,,1,1800,0,0,1,,,,,,WeaponCoatingEffect_Beasts_T3,,,,,,,,,Beast=.11,,,,WeaponOil,,,
CoatingBeastT4,,1,2100,0,0,1,,,,,,WeaponCoatingEffect_Beasts_T4,,,,,,,,,Beast=.13,,,,WeaponOil,,,
CoatingBeastT5,,1,2400,0,0,1,,,,,,WeaponCoatingEffect_Beasts_T5,,,,,,,,,Beast=.15,,,,WeaponOil,,,
CoatingLostT2,,1,1500,0,0,1,,,,,,WeaponCoatingEffect_Lost_T2,,,,,,,,,Lost=.09,,,,WeaponOil,,,
CoatingLostT3,,1,1800,0,0,1,,,,,,WeaponCoatingEffect_Lost_T3,,,,,,,,,Lost=.11,,,,WeaponOil,,,
CoatingLostT4,,1,2100,0,0,1,,,,,,WeaponCoatingEffect_Lost_T4,,,,,,,,,Lost=.13,,,,WeaponOil,,,
CoatingLostT5,,1,2400,0,0,1,,,,,,WeaponCoatingEffect_Lost_T5,,,,,,,,,Lost=.15,,,,WeaponOil,,,
CoatingCorruptedT2,,1,1500,0,0,1,,,,,,WeaponCoatingEffect_Corrupted_T2,,,,,,,,,Corrupted=.09,,,,WeaponOil,,,
CoatingCorruptedT3,,1,1800,0,0,1,,,,,,WeaponCoatingEffect_Corrupted_T3,,,,,,,,,Corrupted=.11,,,,WeaponOil,,,
CoatingCorruptedT4,,1,2100,0,0,1,,,,,,WeaponCoatingEffect_Corrupted_T4,,,,,,,,,Corrupted=.13,,,,WeaponOil,,,
CoatingCorruptedT5,,1,2400,0,0,1,,,,,,WeaponCoatingEffect_Corrupted_T5,,,,,,,,,Corrupted=.15,,,,WeaponOil,,,
CoatingAncientT2,,1,1500,0,0,1,,,,,,WeaponCoatingEffect_Ancient_T2,,,,,,,,,Ancient=.09,,,,WeaponOil,,,
CoatingAncientT3,,1,1800,0,0,1,,,,,,WeaponCoatingEffect_Ancient_T3,,,,,,,,,Ancient=.11,,,,WeaponOil,,,
CoatingAncientT4,,1,2100,0,0,1,,,,,,WeaponCoatingEffect_Ancient_T4,,,,,,,,,Ancient=.13,,,,WeaponOil,,,
CoatingAncientT5,,1,2400,0,0,1,,,,,,WeaponCoatingEffect_Ancient_T5,,,,,,,,,Ancient=.15,,,,WeaponOil,,,
CoatingAngryEarthT2,,1,1500,0,0,1,,,,,,WeaponCoatingEffect_AngryEarth_T2,,,,,,,,,AngryEarth=.09,,,,WeaponOil,,,
CoatingAngryEarthT3,,1,1800,0,0,1,,,,,,WeaponCoatingEffect_AngryEarth_T3,,,,,,,,,AngryEarth=.11,,,,WeaponOil,,,
CoatingAngryEarthT4,,1,2100,0,0,1,,,,,,WeaponCoatingEffect_AngryEarth_T4,,,,,,,,,AngryEarth=.13,,,,WeaponOil,,,
CoatingAngryEarthT5,,1,2400,0,0,1,,,,,,WeaponCoatingEffect_AngryEarth_T5,,,,,,,,,AngryEarth=.15,,,,WeaponOil,,,
CoatingAeternianT2,,1,1500,0,0,1,,,,,,WeaponCoatingEffect_Aeternian_T2,,,,,,,,,human=.09,,,,WeaponOil,,,
CoatingAeternianT3,,1,1800,0,0,1,,,,,,WeaponCoatingEffect_Aeternian_T3,,,,,,,,,human=.11,,,,WeaponOil,,,
CoatingAeternianT4,,1,2100,0,0,1,,,,,,WeaponCoatingEffect_Aeternian_T4,,,,,,,,,human=.13,,,,WeaponOil,,,
CoatingAeternianT5,,1,2400,0,0,1,,,,,,WeaponCoatingEffect_Aeternian_T5,,,,,,,,,human=.15,,,,WeaponOil,,,
Imbue_DEBUG,,1,300,0,0,1,,,,,,,10,,,,,,,,,,,,WeaponOil,,,
FactionPotionHealthT2,PotionHealT2,1,0,0,0,1,,,,,,,,,,,,,,,,,,,Potion,,30,PotionHealth
FactionPotionHealthT3,PotionHealT3,1,0,0,0,1,,,,,,,,,,,,,,,,,,,Potion,,30,PotionHealth
FactionPotionHealthT4,PotionHealT4,1,0,0,0,1,,,,,,,,,,,,,,,,,,,Potion,,30,PotionHealth
FactionPotionManaT2,PotionManaT2,1,0,0,0,1,,,,,,,,,,,,,,,,,,,Potion,,15,PotionMana
FactionPotionManaT3,PotionManaT3,1,0,0,0,1,,,,,,,,,,,,,,,,,,,Potion,,15,PotionMana
FactionPotionManaT4,PotionManaT4,1,0,0,0,1,,,,,,,,,,,,,,,,,,,Potion,,15,PotionMana
FactionCoatingBeastT2,,1,1500,0,0,1,,,,,,WeaponCoatingEffect_Beasts_T2,,,,,,,,,Beast=.09,,,,WeaponOil,,,
FactionCoatingBeastT3,,1,1800,0,0,1,,,,,,WeaponCoatingEffect_Beasts_T3,,,,,,,,,Beast=.11,,,,WeaponOil,,,
FactionCoatingBeastT4,,1,2100,0,0,1,,,,,,WeaponCoatingEffect_Beasts_T4,,,,,,,,,Beast=.13,,,,WeaponOil,,,
FactionCoatingLostT2,,1,1500,0,0,1,,,,,,WeaponCoatingEffect_Lost_T2,,,,,,,,,Lost=.09,,,,WeaponOil,,,
FactionCoatingLostT3,,1,1800,0,0,1,,,,,,WeaponCoatingEffect_Lost_T3,,,,,,,,,Lost=.11,,,,WeaponOil,,,
FactionCoatingLostT4,,1,2100,0,0,1,,,,,,WeaponCoatingEffect_Lost_T4,,,,,,,,,Lost=.13,,,,WeaponOil,,,
FactionCoatingCorruptedT2,,1,1500,0,0,1,,,,,,WeaponCoatingEffect_Corrupted_T2,,,,,,,,,Corrupted=.09,,,,WeaponOil,,,
FactionCoatingCorruptedT3,,1,1800,0,0,1,,,,,,WeaponCoatingEffect_Corrupted_T3,,,,,,,,,Corrupted=.11,,,,WeaponOil,,,
FactionCoatingCorruptedT4,,1,2100,0,0,1,,,,,,WeaponCoatingEffect_Corrupted_T4,,,,,,,,,Corrupted=.13,,,,WeaponOil,,,
FactionCoatingAncientT2,,1,1500,0,0,1,,,,,,WeaponCoatingEffect_Ancient_T2,,,,,,,,,Ancient=.09,,,,WeaponOil,,,
FactionCoatingAncientT3,,1,1800,0,0,1,,,,,,WeaponCoatingEffect_Ancient_T3,,,,,,,,,Ancient=.11,,,,WeaponOil,,,
FactionCoatingAncientT4,,1,2100,0,0,1,,,,,,WeaponCoatingEffect_Ancient_T4,,,,,,,,,Ancient=.13,,,,WeaponOil,,,
FactionCoatingAngryEarthT2,,1,1500,0,0,1,,,,,,WeaponCoatingEffect_AngryEarth_T2,,,,,,,,,AngryEarth=.09,,,,WeaponOil,,,
FactionCoatingAngryEarthT3,,1,1800,0,0,1,,,,,,WeaponCoatingEffect_AngryEarth_T3,,,,,,,,,AngryEarth=.11,,,,WeaponOil,,,
FactionCoatingAngryEarthT4,,1,2100,0,0,1,,,,,,WeaponCoatingEffect_AngryEarth_T4,,,,,,,,,AngryEarth=.13,,,,WeaponOil,,,
FactionTinctureCorruptionT2,MinorCurseAbsorb,1,300,0,0,1,,,,,ResistTincture,,,,,,,,,,,AfflictionCurse=-9999,,,Potion,,,
FactionTinctureCorruptionT3,MajorCurseAbsorb,1,300,0,0,1,,,,,ResistTincture,,,,,,,,,,,AfflictionCurse=-9999,,,Potion,,,
FactionTinctureCorruptionT4,GreaterCurseAbsorb,1,300,0,0,1,,,,,ResistTincture,,,,,,,,,,,AfflictionCurse=-9999,,,Potion,,,
FactionTinctureBlightT2,MinorBlightAbsorb,1,300,0,0,1,,,,,ResistTincture,,,,,,,,,,,AfflictionBlight=-9999,,,Potion,,,
FactionTinctureBlightT3,MajorBlightAbsorb,1,300,0,0,1,,,,,ResistTincture,,,,,,,,,,,AfflictionBlight=-9999,,,Potion,,,
FactionTinctureBlightT4,GreaterBlightAbsorb,1,300,0,0,1,,,,,ResistTincture,,,,,,,,,,,AfflictionBlight=-9999,,,Potion,,,
BandageT2,,1,0,0,0,1,,,,,Bleed,,,,,,,,,,,,,,Bandage,,,
PotionCurePoisonT1,,1,0,0,0,1,,,,,Poison,,,,,,,,,,,,,,Potion,,,
PotionCureBurningT1,,1,0,0,0,1,,,,,Burn,,,,,,,,,,,,,,Potion,,,
PotionCureShockT1,,1,0,0,0,1,,,,,Shock,,,,,,,,,,,,,,Potion,,,
PotionCureDiseaseT1,,1,0,0,0,1,,,,,Disease,,,,,,,,,,,,,,Potion,,,
PotionCureSlowT1,,1,0,0,0,1,,,,,Slow,,,,,,,,,,,,,,Potion,,,
PotionCureSilenceT1,,1,0,0,0,1,,,,,Silence,,,,,,,,,,,,,,Potion,,,
PotionCureRendT1,,1,0,0,0,1,,,,,Rend,,,,,,,,,,,,,,Potion,,,
PotionCureWeakenT1,,1,0,0,0,1,,,,,Weaken,,,,,,,,,,,,,,Potion,,,
PotionBoostFireAbsT3,PotionBoostFireAbsT3,1,30,0,0,1,,,,,DefBoost,,,,,,,,,,,,,,Potion,,120,AbsorbBoost
PotionBoostFireAbsT4,PotionBoostFireAbsT4,1,30,0,0,1,,,,,DefBoost,,,,,,,,,,,,,,Potion,,120,AbsorbBoost
PotionBoostFireAbsT5,PotionBoostFireAbsT5,1,30,0,0,1,,,,,DefBoost,,,,,,,,,,,,,,Potion,,120,AbsorbBoost
PotionBoostArcaneAbsT3,PotionBoostArcaneAbsT3,1,30,0,0,1,,,,,DefBoost,,,,,,,,,,,,,,Potion,,120,AbsorbBoost
PotionBoostArcaneAbsT4,PotionBoostArcaneAbsT4,1,30,0,0,1,,,,,DefBoost,,,,,,,,,,,,,,Potion,,120,AbsorbBoost
PotionBoostArcaneAbsT5,PotionBoostArcaneAbsT5,1,30,0,0,1,,,,,DefBoost,,,,,,,,,,,,,,Potion,,120,AbsorbBoost
PotionBoostNatureAbsT3,PotionBoostNatureAbsT3,1,30,0,0,1,,,,,DefBoost,,,,,,,,,,,,,,Potion,,120,AbsorbBoost
PotionBoostNatureAbsT4,PotionBoostNatureAbsT4,1,30,0,0,1,,,,,DefBoost,,,,,,,,,,,,,,Potion,,120,AbsorbBoost
PotionBoostNatureAbsT5,PotionBoostNatureAbsT5,1,30,0,0,1,,,,,DefBoost,,,,,,,,,,,,,,Potion,,120,AbsorbBoost
PotionBoostLightningAbsT3,PotionBoostLightningAbsT3,1,30,0,0,1,,,,,DefBoost,,,,,,,,,,,,,,Potion,,120,AbsorbBoost
PotionBoostLightningAbsT4,PotionBoostLightningAbsT4,1,30,0,0,1,,,,,DefBoost,,,,,,,,,,,,,,Potion,,120,AbsorbBoost
PotionBoostLightningAbsT5,PotionBoostLightningAbsT5,1,30,0,0,1,,,,,DefBoost,,,,,,,,,,,,,,Potion,,120,AbsorbBoost
PotionBoostVoidAbsT3,PotionBoostVoidAbsT3,1,30,0,0,1,,,,,DefBoost,,,,,,,,,,,,,,Potion,,120,AbsorbBoost
PotionBoostVoidAbsT4,PotionBoostVoidAbsT4,1,30,0,0,1,,,,,DefBoost,,,,,,,,,,,,,,Potion,,120,AbsorbBoost
PotionBoostVoidAbsT5,PotionBoostVoidAbsT5,1,30,0,0,1,,,,,DefBoost,,,,,,,,,,,,,,Potion,,120,AbsorbBoost
PotionFamilyWardLostT3,PotionFamilyWardLostT3,1,,0,0,1,,,,,DefBoost,,,,,,,,,,,,,,Potion,,120,AbsorbBoost
PotionFamilyWardLostT4,PotionFamilyWardLostT4,1,,0,0,1,,,,,DefBoost,,,,,,,,,,,,,,Potion,,120,AbsorbBoost
PotionFamilyWardLostT5,PotionFamilyWardLostT5,1,,0,0,1,,,,,DefBoost,,,,,,,,,,,,,,Potion,,120,AbsorbBoost
PotionFamilyWardCorruptedT3,PotionFamilyWardCorruptedT3,1,,0,0,1,,,,,DefBoost,,,,,,,,,,,,,,Potion,,120,AbsorbBoost
PotionFamilyWardCorruptedT4,PotionFamilyWardCorruptedT4,1,,0,0,1,,,,,DefBoost,,,,,,,,,,,,,,Potion,,120,AbsorbBoost
PotionFamilyWardCorruptedT5,PotionFamilyWardCorruptedT5,1,,0,0,1,,,,,DefBoost,,,,,,,,,,,,,,Potion,,120,AbsorbBoost
PotionFamilyWardAngryEarthT3,PotionFamilyWardAngryEarthT3,1,,0,0,1,,,,,DefBoost,,,,,,,,,,,,,,Potion,,120,AbsorbBoost
PotionFamilyWardAngryEarthT4,PotionFamilyWardAngryEarthT4,1,,0,0,1,,,,,DefBoost,,,,,,,,,,,,,,Potion,,120,AbsorbBoost
PotionFamilyWardAngryEarthT5,PotionFamilyWardAngryEarthT5,1,,0,0,1,,,,,DefBoost,,,,,,,,,,,,,,Potion,,120,AbsorbBoost
PotionFamiliyWardAncientT3,PotionFamilyWardAncientT3,1,,0,0,1,,,,,DefBoost,,,,,,,,,,,,,,Potion,,120,AbsorbBoost
PotionFamiliyWardAncientT4,PotionFamilyWardAncientT4,1,,0,0,1,,,,,DefBoost,,,,,,,,,,,,,,Potion,,120,AbsorbBoost
PotionFamiliyWardAncientT5,PotionFamilyWardAncientT5,1,,0,0,1,,,,,DefBoost,,,,,,,,,,,,,,Potion,,120,AbsorbBoost
PotionFamilyWardBeastT3,PotionFamilyWardBeastT3,1,,0,0,1,,,,,DefBoost,,,,,,,,,,,,,,Potion,,120,AbsorbBoost
PotionFamilyWardBeastT4,PotionFamilyWardBeastT4,1,,0,0,1,,,,,DefBoost,,,,,,,,,,,,,,Potion,,120,AbsorbBoost
PotionFamilyWardBeastT5,PotionFamilyWardBeastT5,1,,0,0,1,,,,,DefBoost,,,,,,,,,,,,,,Potion,,120,AbsorbBoost
PotionFamilyWardAeternianT3,PotionFamilyWardAeternianT3,1,,0,0,1,,,,,DefBoost,,,,,,,,,,,,,,Potion,,120,AbsorbBoost
PotionFamilyWardAeternianT4,PotionFamilyWardAeternianT4,1,,0,0,1,,,,,DefBoost,,,,,,,,,,,,,,Potion,,120,AbsorbBoost
PotionFamilyWardAeternianT5,PotionFamilyWardAeternianT5,1,,0,0,1,,,,,DefBoost,,,,,,,,,,,,,,Potion,,120,AbsorbBoost
PotionGypsumYellow,PotionGypsumYellow,1,,0,0,1,,,,,,,,,,,,,,,,,,,Potion,,120,Gypsum
FoodHealthRecoveryT1,FoodInitialRecoveryT1+FoodRecoveryT1,1,,,,,,,,,Recovery+FoodInitialRecovery,,,,,,,,,,,,,,Eat,,,
FoodCorruptedT1,FoodCorruptedT1+FoodRecoveryT1,1,,,,,,,,,Family,,,,,,,,,,,,,,Eat,,,
FoodLostT1,FoodLostT1+FoodRecoveryT1,1,,,,,,,,,Family,,,,,,,,,,,,,,Eat,,,
FoodAngryEarthT1,FoodAngryEarthT1+FoodRecoveryT1,1,,,,,,,,,Family,,,,,,,,,,,,,,Eat,,,
FoodBeastT1,FoodBeastT1+FoodRecoveryT1,1,,,,,,,,,Family,,,,,,,,,,,,,,Eat,,,
FoodAncientT1,FoodAncientT1+FoodRecoveryT1,1,,,,,,,,,Family,,,,,,,,,,,,,,Eat,,,
FoodManaT1,FoodManaT1+FoodRecoveryT1,1,,,,,,,,,Regen+Recovery,,,,,,,,,,,,,,Eat,,,
FoodDefenseT1,FoodDefenseT1+FoodRecoveryT1,1,,,,,,,,,Regen+Recovery,,,,,,,,,,,,,,Eat,,,
FoodWeaponsmithT1,FoodWeaponsmithT1+FoodRecoveryT1,1,,,,,,,,,TradeSkill+Recovery,,,,,,,,,,,,,,Eat,,,
FoodJewelcrafterT1,FoodJewelcrafterT1+FoodRecoveryT1,1,,,,,,,,,TradeSkill+Recovery,,,,,,,,,,,,,,Eat,,,
FoodEngineerT1,FoodEngineerT1+FoodRecoveryT1,1,,,,,,,,,TradeSkill+Recovery,,,,,,,,,,,,,,Eat,,,
FoodArcanistT1,FoodArcanistT1+FoodRecoveryT1,1,,,,,,,,,TradeSkill+Recovery,,,,,,,,,,,,,,Eat,,,
FoodArmorerT1,FoodArmorerT1+FoodRecoveryT1,1,,,,,,,,,TradeSkill+Recovery,,,,,,,,,,,,,,Eat,,,
FoodMinerT1,FoodMinerT1+FoodRecoveryT1,1,,,,,,,,,TradeSkill+Recovery,,,,,,,,,,,,,,Eat,,,
FoodHarvesterT1,FoodHarvesterT1+FoodRecoveryT1,1,,,,,,,,,TradeSkill+Recovery,,,,,,,,,,,,,,Eat,,,
FoodHunterT1,FoodHunterT1+FoodRecoveryT1,1,,,,,,,,,TradeSkill+Recovery,,,,,,,,,,,,,,Eat,,,
FoodLumberjackT1,FoodLumberjackT1+FoodRecoveryT1,1,,,,,,,,,TradeSkill+Recovery,,,,,,,,,,,,,,Eat,,,
FoodHealthRecoveryT2,FoodInitialRecoveryT2+FoodRecoveryT2,1,,,,,,,,,Recovery+FoodInitialRecovery,,,,,,,,,,,,,,Eat,,,
FoodCorruptedT2,FoodCorruptedT2+FoodRecoveryT2,1,,,,,,,,,Family,,,,,,,,,,,,,,Eat,,,
FoodLostT2,FoodLostT2+FoodRecoveryT2,1,,,,,,,,,Family,,,,,,,,,,,,,,Eat,,,
FoodAngryEarthT2,FoodAngryEarthT2+FoodRecoveryT2,1,,,,,,,,,Family,,,,,,,,,,,,,,Eat,,,
FoodBeastT2,FoodBeastT2+FoodRecoveryT2,1,,,,,,,,,Family,,,,,,,,,,,,,,Eat,,,
FoodAncientT2,FoodAncientT2+FoodRecoveryT2,1,,,,,,,,,Family,,,,,,,,,,,,,,Eat,,,
FoodManaT2,FoodManaT2+FoodRecoveryT2,1,,,,,,,,,Regen+Recovery,,,,,,,,,,,,,,Eat,,,
FoodDefenseT2,FoodDefenseT2+FoodRecoveryT2,1,,,,,,,,,Regen+Recovery,,,,,,,,,,,,,,Drink,,,
FoodWeaponsmithT2,FoodWeaponsmithT2+FoodRecoveryT2,1,,,,,,,,,TradeSkill+Recovery,,,,,,,,,,,,,,Eat,,,
FoodJewelcrafterT2,FoodJewelcrafterT2+FoodRecoveryT2,1,,,,,,,,,TradeSkill+Recovery,,,,,,,,,,,,,,Eat,,,
FoodEngineerT2,FoodEngineerT2+FoodRecoveryT2,1,,,,,,,,,TradeSkill+Recovery,,,,,,,,,,,,,,Eat,,,
FoodArcanistT2,FoodArcanistT2+FoodRecoveryT2,1,,,,,,,,,TradeSkill+Recovery,,,,,,,,,,,,,,Eat,,,
FoodArmorerT2,FoodArmorerT2+FoodRecoveryT2,1,,,,,,,,,TradeSkill+Recovery,,,,,,,,,,,,,,Drink,,,
FoodMinerT2,FoodMinerT2+FoodRecoveryT2,1,,,,,,,,,TradeSkill+Recovery,,,,,,,,,,,,,,Eat,,,
FoodHarvesterT2,FoodHarvesterT2+FoodRecoveryT2,1,,,,,,,,,TradeSkill+Recovery,,,,,,,,,,,,,,Eat,,,
FoodHunterT2,FoodHunterT2+FoodRecoveryT2,1,,,,,,,,,TradeSkill+Recovery,,,,,,,,,,,,,,Eat,,,
FoodLumberjackT2,FoodLumberjackT2+FoodRecoveryT2,1,,,,,,,,,TradeSkill+Recovery,,,,,,,,,,,,,,Eat,,,
FoodHealthRecoveryT3,FoodInitialRecoveryT3+FoodRecoveryT3,1,,,,,,,,,Recovery+FoodInitialRecovery,,,,,,,,,,,,,,Eat,,,
FoodCorruptedT3,FoodCorruptedT3+FoodRecoveryT3,1,,,,,,,,,Family,,,,,,,,,,,,,,Eat,,,
FoodLostT3,FoodLostT3+FoodRecoveryT3,1,,,,,,,,,Family,,,,,,,,,,,,,,Eat,,,
FoodAngryEarthT3,FoodAngryEarthT3+FoodRecoveryT3,1,,,,,,,,,Family,,,,,,,,,,,,,,Eat,,,
FoodBeastT3,FoodBeastT3+FoodRecoveryT3,1,,,,,,,,,Family,,,,,,,,,,,,,,Eat,,,
FoodAncientT3,FoodAncientT3+FoodRecoveryT3,1,,,,,,,,,Family,,,,,,,,,,,,,,Eat,,,
FoodManaT3,FoodManaT3+FoodRecoveryT3,1,,,,,,,,,Regen+Recovery,,,,,,,,,,,,,,Eat,,,
FoodDefenseT3,FoodDefenseT3+FoodRecoveryT3,1,,,,,,,,,Regen+Recovery,,,,,,,,,,,,,,Eat,,,
FoodWeaponsmithT3,FoodWeaponsmithT3+FoodRecoveryT3,1,,,,,,,,,TradeSkill+Recovery,,,,,,,,,,,,,,Eat,,,
FoodJewelcrafterT3,FoodJewelcrafterT3+FoodRecoveryT3,1,,,,,,,,,TradeSkill+Recovery,,,,,,,,,,,,,,Drink,,,
FoodEngineerT3,FoodEngineerT3+FoodRecoveryT3,1,,,,,,,,,TradeSkill+Recovery,,,,,,,,,,,,,,Eat,,,
FoodArcanistT3,FoodArcanistT3+FoodRecoveryT3,1,,,,,,,,,TradeSkill+Recovery,,,,,,,,,,,,,,Eat,,,
FoodArmorerT3,FoodArmorerT3+FoodRecoveryT3,1,,,,,,,,,TradeSkill+Recovery,,,,,,,,,,,,,,Drink,,,
FoodMinerT3,FoodMinerT3+FoodRecoveryT3,1,,,,,,,,,TradeSkill+Recovery,,,,,,,,,,,,,,Eat,,,
FoodHarvesterT3,FoodHarvesterT3+FoodRecoveryT3,1,,,,,,,,,TradeSkill+Recovery,,,,,,,,,,,,,,Eat,,,
FoodHunterT3,FoodHunterT3+FoodRecoveryT3,1,,,,,,,,,TradeSkill+Recovery,,,,,,,,,,,,,,Eat,,,
FoodLumberjackT3,FoodLumberjackT3+FoodRecoveryT3,1,,,,,,,,,TradeSkill+Recovery,,,,,,,,,,,,,,Eat,,,
FoodHealthRecoveryT4,FoodInitialRecoveryT4+FoodRecoveryT4,1,,,,,,,,,Recovery+FoodInitialRecovery,,,,,,,,,,,,,,Eat,,,
FoodCorruptedT4,FoodCorruptedT4+FoodRecoveryT4,1,,,,,,,,,Family,,,,,,,,,,,,,,Eat,,,
FoodLostT4,FoodLostT4+FoodRecoveryT4,1,,,,,,,,,Family,,,,,,,,,,,,,,Eat,,,
FoodAngryEarthT4,FoodAngryEarthT4+FoodRecoveryT4,1,,,,,,,,,Family,,,,,,,,,,,,,,Eat,,,
FoodBeastT4,FoodBeastT4+FoodRecoveryT4,1,,,,,,,,,Family,,,,,,,,,,,,,,Eat,,,
FoodAncientT4,FoodAncientT4+FoodRecoveryT4,1,,,,,,,,,Family,,,,,,,,,,,,,,Eat,,,
FoodManaT4,FoodManaT4+FoodRecoveryT4,1,,,,,,,,,Regen+Recovery,,,,,,,,,,,,,,Drink,,,
FoodDefenseT4,FoodDefenseT4+FoodRecoveryT4,1,,,,,,,,,Regen+Recovery,,,,,,,,,,,,,,Eat,,,
FoodWeaponsmithT4,FoodWeaponsmithT4+FoodRecoveryT4,1,,,,,,,,,TradeSkill+Recovery,,,,,,,,,,,,,,Eat,,,
FoodJewelcrafterT4,FoodJewelcrafterT4+FoodRecoveryT4,1,,,,,,,,,TradeSkill+Recovery,,,,,,,,,,,,,,Eat,,,
FoodEngineerT4,FoodEngineerT4+FoodRecoveryT4,1,,,,,,,,,TradeSkill+Recovery,,,,,,,,,,,,,,Eat,,,
FoodArcanistT4,FoodArcanistT4+FoodRecoveryT4,1,,,,,,,,,TradeSkill+Recovery,,,,,,,,,,,,,,Drink,,,
FoodArmorerT4,FoodArmorerT4+FoodRecoveryT4,1,,,,,,,,,TradeSkill+Recovery,,,,,,,,,,,,,,Drink,,,
FoodMinerT4,FoodMinerT4+FoodRecoveryT4,1,,,,,,,,,TradeSkill+Recovery,,,,,,,,,,,,,,Eat,,,
FoodHarvesterT4,FoodHarvesterT4+FoodRecoveryT4,1,,,,,,,,,TradeSkill+Recovery,,,,,,,,,,,,,,Eat,,,
FoodHunterT4,FoodHunterT4+FoodRecoveryT4,1,,,,,,,,,TradeSkill+Recovery,,,,,,,,,,,,,,Eat,,,
FoodLumberjackT4,FoodLumberjackT4+FoodRecoveryT4,1,,,,,,,,,TradeSkill+Recovery,,,,,,,,,,,,,,Eat,,,
FoodHealthRecoveryT5,FoodInitialRecoveryT5+FoodRecoveryT5,1,,,,,,,,,Recovery+FoodInitialRecovery,,,,,,,,,,,,,,Eat,,,
FoodCorruptedT5,FoodCorruptedT5+FoodRecoveryT5,1,,,,,,,,,Family,,,,,,,,,,,,,,Eat,,,
FoodLostT5,FoodLostT5+FoodRecoveryT5,1,,,,,,,,,Family,,,,,,,,,,,,,,Eat,,,
FoodAngryEarthT5,FoodAngryEarthT5+FoodRecoveryT5,1,,,,,,,,,Family,,,,,,,,,,,,,,Eat,,,
FoodBeastT5,FoodBeastT5+FoodRecoveryT5,1,,,,,,,,,Family,,,,,,,,,,,,,,Eat,,,
FoodAncientT5,FoodAncientT5+FoodRecoveryT5,1,,,,,,,,,Family,,,,,,,,,,,,,,Eat,,,
FoodManaT5,FoodManaT5+FoodRecoveryT5,1,,,,,,,,,Regen+Recovery,,,,,,,,,,,,,,Eat,,,
FoodDefenseT5,FoodDefenseT5+FoodRecoveryT5,1,,,,,,,,,Regen+Recovery,,,,,,,,,,,,,,Drink,,,
FoodWeaponsmithT5,FoodWeaponsmithT5+FoodRecoveryT5,1,,,,,,,,,TradeSkill+Recovery,,,,,,,,,,,,,,Eat,,,
FoodJewelcrafterT5,FoodJewelcrafterT5+FoodRecoveryT5,1,,,,,,,,,TradeSkill+Recovery,,,,,,,,,,,,,,Eat,,,
FoodEngineerT5,FoodEngineerT5+FoodRecoveryT5,1,,,,,,,,,TradeSkill+Recovery,,,,,,,,,,,,,,Eat,,,
FoodArcanistT5,FoodArcanistT5+FoodRecoveryT5,1,,,,,,,,,TradeSkill+Recovery,,,,,,,,,,,,,,Drink,,,
FoodArmorerT5,FoodArmorerT5+FoodRecoveryT5,1,,,,,,,,,TradeSkill+Recovery,,,,,,,,,,,,,,Eat,,,
FoodMinerT5,FoodMinerT5+FoodRecoveryT5,1,,,,,,,,,TradeSkill+Recovery,,,,,,,,,,,,,,Eat,,,
FoodHarvesterT5,FoodHarvesterT5+FoodRecoveryT5,1,,,,,,,,,TradeSkill+Recovery,,,,,,,,,,,,,,Eat,,,
FoodHunterT5,FoodHunterT5+FoodRecoveryT5,1,,,,,,,,,TradeSkill+Recovery,,,,,,,,,,,,,,Eat,,,
FoodLumberjackT5,FoodLumberjackT5+FoodRecoveryT5,1,,,,,,,,,TradeSkill+Recovery,,,,,,,,,,,,,,Eat,,,
BaitFreshBreadT1,,,,,,,,,,,,,1,,,,,,,,,,,,WeaponOil,,,
BaitFreshMeatT1,,,,,,,,,,,,,1,,,,,,,,,,,,WeaponOil,,,
BaitSaltFishT1,,,,,,,,,,,,,1,,,,,,,,,,,,WeaponOil,,,
BaitSaltCheeseT1,,,,,,,,,,,,,1,,,,,,,,,,,,WeaponOil,,,
BaitFreshClamT2,,,,,,,,,,,,,1,,,,,,,,,,,,WeaponOil,,,
BaitFreshWoodliceT2,,,,,,,,,,,,,1,,,,,,,,,,,,WeaponOil,,,
BaitSaltSnailT2,,,,,,,,,,,,,1,,,,,,,,,,,,WeaponOil,,,
BaitSaltNightcrawlerT2,,,,,,,,,,,,,1,,,,,,,,,,,,WeaponOil,,,
BaitFreshOysterT3,,,,,,,,,,,,,1,,,,,,,,,,,,WeaponOil,,,
BaitFreshFireflyT3,,,,,,,,,,,,,1,,,,,,,,,,,,WeaponOil,,,
BaitSaltElectricEelT3,,,,,,,,,,,,,1,,,,,,,,,,,,WeaponOil,,,
BaitSaltGlowwormT3,,,,,,,,,,,,,1,,,,,,,,,,,,WeaponOil,,,
CritterCallT1,,1,30,0,0,1,0,5.25,1500,,,,1,,,,,,,,,,,,Call,,,
Toy_FrenzyPotion,Toy_FrenzyPotion,1,0,0,0,1,,,,,,,,,,,,,,,,,,,Potion,,,
Toy_Grenade,,1,300,0,0,1,,,,,,,,,,,,,,,,,,,Call,,,
Toy_PotionOfHuntersVision,AllVision,1,,0,0,1,0,0,1,,,,1,,,,,,,,,,,,Potion,,60,HuntersVision
FoodSTRT2,FoodSTRT2+FoodRecoveryT2,,,,,,,,,,Attributes+Recovery,,,,,,,,,,,,,,Eat,,,
FoodSTRT3,FoodSTRT3+FoodRecoveryT3,,,,,,,,,,Attributes+Recovery,,,,,,,,,,,,,,Eat,,,
FoodSTRT4,FoodSTRT4+FoodRecoveryT4,,,,,,,,,,Attributes+Recovery,,,,,,,,,,,,,,Eat,,,
FoodSTRT5,FoodSTRT5+FoodRecoveryT5,,,,,,,,,,Attributes+Recovery,,,,,,,,,,,,,,Eat,,,
FoodSTRT5b,FoodSTRT5b+FoodRecoveryT5b,,,,,,,,,,Attributes+Recovery,,,,,,,,,,,,,,Eat,,,
FoodSTRDEXT2,FoodSTRDEXT2+FoodRecoveryT2,,,,,,,,,,Attributes+Recovery,,,,,,,,,,,,,,Eat,,,
FoodSTRDEXT3,FoodSTRDEXT3+FoodRecoveryT3,,,,,,,,,,Attributes+Recovery,,,,,,,,,,,,,,Eat,,,
FoodSTRDEXT4,FoodSTRDEXT4+FoodRecoveryT4,,,,,,,,,,Attributes+Recovery,,,,,,,,,,,,,,Eat,,,
FoodSTRDEXT5,FoodSTRDEXT5+FoodRecoveryT5,,,,,,,,,,Attributes+Recovery,,,,,,,,,,,,,,Eat,,,
FoodSTRINTT2,FoodSTRINTT2+FoodRecoveryT2,,,,,,,,,,Attributes+Recovery,,,,,,,,,,,,,,Eat,,,
FoodSTRINTT3,FoodSTRINTT3+FoodRecoveryT3,,,,,,,,,,Attributes+Recovery,,,,,,,,,,,,,,Eat,,,
FoodSTRINTT4,FoodSTRINTT4+FoodRecoveryT4,,,,,,,,,,Attributes+Recovery,,,,,,,,,,,,,,Eat,,,
FoodSTRINTT5,FoodSTRINTT5+FoodRecoveryT5,,,,,,,,,,Attributes+Recovery,,,,,,,,,,,,,,Eat,,,
FoodSTRCONT2,FoodSTRCONT2+FoodRecoveryT2,,,,,,,,,,Attributes+Recovery,,,,,,,,,,,,,,Eat,,,
FoodSTRCONT3,FoodSTRCONT3+FoodRecoveryT3,,,,,,,,,,Attributes+Recovery,,,,,,,,,,,,,,Eat,,,
FoodSTRCONT4,FoodSTRCONT4+FoodRecoveryT4,,,,,,,,,,Attributes+Recovery,,,,,,,,,,,,,,Eat,,,
FoodSTRCONT5,FoodSTRCONT5+FoodRecoveryT5,,,,,,,,,,Attributes+Recovery,,,,,,,,,,,,,,Eat,,,
FoodSTRFOCT2,FoodSTRFOCT2+FoodRecoveryT2,,,,,,,,,,Attributes+Recovery,,,,,,,,,,,,,,Eat,,,
FoodSTRFOCT3,FoodSTRFOCT3+FoodRecoveryT3,,,,,,,,,,Attributes+Recovery,,,,,,,,,,,,,,Eat,,,
FoodSTRFOCT4,FoodSTRFOCT4+FoodRecoveryT4,,,,,,,,,,Attributes+Recovery,,,,,,,,,,,,,,Eat,,,
FoodSTRFOCT5,FoodSTRFOCT5+FoodRecoveryT5,,,,,,,,,,Attributes+Recovery,,,,,,,,,,,,,,Eat,,,
FoodDEXSTRT2,FoodDEXSTRT2+FoodRecoveryT2,,,,,,,,,,Attributes+Recovery,,,,,,,,,,,,,,Eat,,,
FoodDEXSTRT3,FoodDEXSTRT3+FoodRecoveryT3,,,,,,,,,,Attributes+Recovery,,,,,,,,,,,,,,Eat,,,
FoodDEXSTRT4,FoodDEXSTRT4+FoodRecoveryT4,,,,,,,,,,Attributes+Recovery,,,,,,,,,,,,,,Eat,,,
FoodDEXSTRT5,FoodDEXSTRT5+FoodRecoveryT5,,,,,,,,,,Attributes+Recovery,,,,,,,,,,,,,,Eat,,,
FoodDEXT2,FoodDEXT2+FoodRecoveryT2,,,,,,,,,,Attributes+Recovery,,,,,,,,,,,,,,Eat,,,
FoodDEXT3,FoodDEXT3+FoodRecoveryT3,,,,,,,,,,Attributes+Recovery,,,,,,,,,,,,,,Eat,,,
FoodDEXT4,FoodDEXT4+FoodRecoveryT4,,,,,,,,,,Attributes+Recovery,,,,,,,,,,,,,,Eat,,,
FoodDEXT5,FoodDEXT5+FoodRecoveryT5,,,,,,,,,,Attributes+Recovery,,,,,,,,,,,,,,Eat,,,
FoodDEXT5b,FoodDEXT5b+FoodRecoveryT5b,,,,,,,,,,Attributes+Recovery,,,,,,,,,,,,,,Eat,,,
FoodDEXINTT2,FoodDEXINTT2+FoodRecoveryT2,,,,,,,,,,Attributes+Recovery,,,,,,,,,,,,,,Eat,,,
FoodDEXINTT3,FoodDEXINTT3+FoodRecoveryT3,,,,,,,,,,Attributes+Recovery,,,,,,,,,,,,,,Eat,,,
FoodDEXINTT4,FoodDEXINTT4+FoodRecoveryT4,,,,,,,,,,Attributes+Recovery,,,,,,,,,,,,,,Eat,,,
FoodDEXINTT5,FoodDEXINTT5+FoodRecoveryT5,,,,,,,,,,Attributes+Recovery,,,,,,,,,,,,,,Eat,,,
FoodDEXCONT2,FoodDEXCONT2+FoodRecoveryT2,,,,,,,,,,Attributes+Recovery,,,,,,,,,,,,,,Eat,,,
FoodDEXCONT3,FoodDEXCONT3+FoodRecoveryT3,,,,,,,,,,Attributes+Recovery,,,,,,,,,,,,,,Eat,,,
FoodDEXCONT4,FoodDEXCONT4+FoodRecoveryT4,,,,,,,,,,Attributes+Recovery,,,,,,,,,,,,,,Eat,,,
FoodDEXCONT5,FoodDEXCONT5+FoodRecoveryT5,,,,,,,,,,Attributes+Recovery,,,,,,,,,,,,,,Eat,,,
FoodDEXFOCT2,FoodDEXFOCT2+FoodRecoveryT2,,,,,,,,,,Attributes+Recovery,,,,,,,,,,,,,,Eat,,,
FoodDEXFOCT3,FoodDEXFOCT3+FoodRecoveryT3,,,,,,,,,,Attributes+Recovery,,,,,,,,,,,,,,Eat,,,
FoodDEXFOCT4,FoodDEXFOCT4+FoodRecoveryT4,,,,,,,,,,Attributes+Recovery,,,,,,,,,,,,,,Eat,,,
FoodDEXFOCT5,FoodDEXFOCT5+FoodRecoveryT5,,,,,,,,,,Attributes+Recovery,,,,,,,,,,,,,,Eat,,,
FoodINTSTRT2,FoodINTSTRT2+FoodRecoveryT2,,,,,,,,,,Attributes+Recovery,,,,,,,,,,,,,,Eat,,,
FoodINTSTRT3,FoodINTSTRT3+FoodRecoveryT3,,,,,,,,,,Attributes+Recovery,,,,,,,,,,,,,,Eat,,,
FoodINTSTRT4,FoodINTSTRT4+FoodRecoveryT4,,,,,,,,,,Attributes+Recovery,,,,,,,,,,,,,,Eat,,,
FoodINTSTRT5,FoodINTSTRT5+FoodRecoveryT5,,,,,,,,,,Attributes+Recovery,,,,,,,,,,,,,,Eat,,,
FoodINTDEXT2,FoodINTDEXT2+FoodRecoveryT2,,,,,,,,,,Attributes+Recovery,,,,,,,,,,,,,,Eat,,,
FoodINTDEXT3,FoodINTDEXT3+FoodRecoveryT3,,,,,,,,,,Attributes+Recovery,,,,,,,,,,,,,,Eat,,,
FoodINTDEXT4,FoodINTDEXT4+FoodRecoveryT4,,,,,,,,,,Attributes+Recovery,,,,,,,,,,,,,,Eat,,,
FoodINTDEXT5,FoodINTDEXT5+FoodRecoveryT5,,,,,,,,,,Attributes+Recovery,,,,,,,,,,,,,,Eat,,,
FoodINTT2,FoodINTT2+FoodRecoveryT2,,,,,,,,,,Attributes+Recovery,,,,,,,,,,,,,,Eat,,,
FoodINTT3,FoodINTT3+FoodRecoveryT3,,,,,,,,,,Attributes+Recovery,,,,,,,,,,,,,,Eat,,,
FoodINTT4,FoodINTT4+FoodRecoveryT4,,,,,,,,,,Attributes+Recovery,,,,,,,,,,,,,,Eat,,,
FoodINTT5,FoodINTT5+FoodRecoveryT5,,,,,,,,,,Attributes+Recovery,,,,,,,,,,,,,,Eat,,,
FoodINTT5b,FoodINTT5b+FoodRecoveryT5b,,,,,,,,,,Attributes+Recovery,,,,,,,,,,,,,,Eat,,,
FoodINTCONT2,FoodINTCONT2+FoodRecoveryT2,,,,,,,,,,Attributes+Recovery,,,,,,,,,,,,,,Eat,,,
FoodINTCONT3,FoodINTCONT3+FoodRecoveryT3,,,,,,,,,,Attributes+Recovery,,,,,,,,,,,,,,Eat,,,
FoodINTCONT4,FoodINTCONT4+FoodRecoveryT4,,,,,,,,,,Attributes+Recovery,,,,,,,,,,,,,,Eat,,,
FoodINTCONT5,FoodINTCONT5+FoodRecoveryT5,,,,,,,,,,Attributes+Recovery,,,,,,,,,,,,,,Eat,,,
FoodINTFOCT2,FoodINTFOCT2+FoodRecoveryT2,,,,,,,,,,Attributes+Recovery,,,,,,,,,,,,,,Eat,,,
FoodINTFOCT3,FoodINTFOCT3+FoodRecoveryT3,,,,,,,,,,Attributes+Recovery,,,,,,,,,,,,,,Eat,,,
FoodINTFOCT4,FoodINTFOCT4+FoodRecoveryT4,,,,,,,,,,Attributes+Recovery,,,,,,,,,,,,,,Eat,,,
FoodINTFOCT5,FoodINTFOCT5+FoodRecoveryT5,,,,,,,,,,Attributes+Recovery,,,,,,,,,,,,,,Eat,,,
FoodCONSTRT2,FoodCONSTRT2+FoodRecoveryT2,,,,,,,,,,Attributes+Recovery,,,,,,,,,,,,,,Eat,,,
FoodCONSTRT3,FoodCONSTRT3+FoodRecoveryT3,,,,,,,,,,Attributes+Recovery,,,,,,,,,,,,,,Eat,,,
FoodCONSTRT4,FoodCONSTRT4+FoodRecoveryT4,,,,,,,,,,Attributes+Recovery,,,,,,,,,,,,,,Eat,,,
FoodCONSTRT5,FoodCONSTRT5+FoodRecoveryT5,,,,,,,,,,Attributes+Recovery,,,,,,,,,,,,,,Eat,,,
FoodCONDEXT2,FoodCONDEXT2+FoodRecoveryT2,,,,,,,,,,Attributes+Recovery,,,,,,,,,,,,,,Eat,,,
FoodCONDEXT3,FoodCONDEXT3+FoodRecoveryT3,,,,,,,,,,Attributes+Recovery,,,,,,,,,,,,,,Eat,,,
FoodCONDEXT4,FoodCONDEXT4+FoodRecoveryT4,,,,,,,,,,Attributes+Recovery,,,,,,,,,,,,,,Eat,,,
FoodCONDEXT5,FoodCONDEXT5+FoodRecoveryT5,,,,,,,,,,Attributes+Recovery,,,,,,,,,,,,,,Eat,,,
FoodCONINTT2,FoodCONINTT2+FoodRecoveryT2,,,,,,,,,,Attributes+Recovery,,,,,,,,,,,,,,Eat,,,
FoodCONINTT3,FoodCONINTT3+FoodRecoveryT3,,,,,,,,,,Attributes+Recovery,,,,,,,,,,,,,,Eat,,,
FoodCONINTT4,FoodCONINTT4+FoodRecoveryT4,,,,,,,,,,Attributes+Recovery,,,,,,,,,,,,,,Eat,,,
FoodCONINTT5,FoodCONINTT5+FoodRecoveryT5,,,,,,,,,,Attributes+Recovery,,,,,,,,,,,,,,Eat,,,
FoodCONT2,FoodCONT2+FoodRecoveryT2,,,,,,,,,,Attributes+Recovery,,,,,,,,,,,,,,Eat,,,
FoodCONT3,FoodCONT3+FoodRecoveryT3,,,,,,,,,,Attributes+Recovery,,,,,,,,,,,,,,Eat,,,
FoodCONT4,FoodCONT4+FoodRecoveryT4,,,,,,,,,,Attributes+Recovery,,,,,,,,,,,,,,Eat,,,
FoodCONT5,FoodCONT5+FoodRecoveryT5,,,,,,,,,,Attributes+Recovery,,,,,,,,,,,,,,Eat,,,
FoodCONT5b,FoodCONT5b+FoodRecoveryT5b,,,,,,,,,,Attributes+Recovery,,,,,,,,,,,,,,Eat,,,
FoodCONFOCT2,FoodCONFOCT2+FoodRecoveryT2,,,,,,,,,,Attributes+Recovery,,,,,,,,,,,,,,Eat,,,
FoodCONFOCT3,FoodCONFOCT3+FoodRecoveryT3,,,,,,,,,,Attributes+Recovery,,,,,,,,,,,,,,Eat,,,
FoodCONFOCT4,FoodCONFOCT4+FoodRecoveryT4,,,,,,,,,,Attributes+Recovery,,,,,,,,,,,,,,Eat,,,
FoodCONFOCT5,FoodCONFOCT5+FoodRecoveryT5,,,,,,,,,,Attributes+Recovery,,,,,,,,,,,,,,Eat,,,
FoodFOCSTRT2,FoodFOCSTRT2+FoodRecoveryT2,,,,,,,,,,Attributes+Recovery,,,,,,,,,,,,,,Eat,,,
FoodFOCSTRT3,FoodFOCSTRT3+FoodRecoveryT3,,,,,,,,,,Attributes+Recovery,,,,,,,,,,,,,,Eat,,,
FoodFOCSTRT4,FoodFOCSTRT4+FoodRecoveryT4,,,,,,,,,,Attributes+Recovery,,,,,,,,,,,,,,Eat,,,
FoodFOCSTRT5,FoodFOCSTRT5+FoodRecoveryT5,,,,,,,,,,Attributes+Recovery,,,,,,,,,,,,,,Eat,,,
FoodFOCDEXT2,FoodFOCDEXT2+FoodRecoveryT2,,,,,,,,,,Attributes+Recovery,,,,,,,,,,,,,,Eat,,,
FoodFOCDEXT3,FoodFOCDEXT3+FoodRecoveryT3,,,,,,,,,,Attributes+Recovery,,,,,,,,,,,,,,Eat,,,
FoodFOCDEXT4,FoodFOCDEXT4+FoodRecoveryT4,,,,,,,,,,Attributes+Recovery,,,,,,,,,,,,,,Eat,,,
FoodFOCDEXT5,FoodFOCDEXT5+FoodRecoveryT5,,,,,,,,,,Attributes+Recovery,,,,,,,,,,,,,,Eat,,,
FoodFOCINTT2,FoodFOCINTT2+FoodRecoveryT2,,,,,,,,,,Attributes+Recovery,,,,,,,,,,,,,,Eat,,,
FoodFOCINTT3,FoodFOCINTT3+FoodRecoveryT3,,,,,,,,,,Attributes+Recovery,,,,,,,,,,,,,,Eat,,,
FoodFOCINTT4,FoodFOCINTT4+FoodRecoveryT4,,,,,,,,,,Attributes+Recovery,,,,,,,,,,,,,,Eat,,,
FoodFOCINTT5,FoodFOCINTT5+FoodRecoveryT5,,,,,,,,,,Attributes+Recovery,,,,,,,,,,,,,,Eat,,,
FoodFOCCONT2,FoodFOCCONT2+FoodRecoveryT2,,,,,,,,,,Attributes+Recovery,,,,,,,,,,,,,,Eat,,,
FoodFOCCONT3,FoodFOCCONT3+FoodRecoveryT3,,,,,,,,,,Attributes+Recovery,,,,,,,,,,,,,,Eat,,,
FoodFOCCONT4,FoodFOCCONT4+FoodRecoveryT4,,,,,,,,,,Attributes+Recovery,,,,,,,,,,,,,,Eat,,,
FoodFOCCONT5,FoodFOCCONT5+FoodRecoveryT5,,,,,,,,,,Attributes+Recovery,,,,,,,,,,,,,,Eat,,,
FoodFOCT2,FoodFOCT2+FoodRecoveryT2,,,,,,,,,,Attributes+Recovery,,,,,,,,,,,,,,Eat,,,
FoodFOCT3,FoodFOCT3+FoodRecoveryT3,,,,,,,,,,Attributes+Recovery,,,,,,,,,,,,,,Eat,,,
FoodFOCT4,FoodFOCT4+FoodRecoveryT4,,,,,,,,,,Attributes+Recovery,,,,,,,,,,,,,,Eat,,,
FoodFOCT5,FoodFOCT5+FoodRecoveryT5,,,,,,,,,,Attributes+Recovery,,,,,,,,,,,,,,Eat,,,
FoodFOCT5b,FoodFOCT5b+FoodRecoveryT5b,,,,,,,,,,Attributes+Recovery,,,,,,,,,,,,,,Eat,,,
FoodDOTT2,FoodDOTT2+FoodRecoveryT2,,,,,,,,,,ResistBoost+Recovery,,,,,,,,,,,,,,Drink,,,
FoodDOTT3,FoodDOTT3+FoodRecoveryT3,,,,,,,,,,ResistBoost+Recovery,,,,,,,,,,,,,,Drink,,,
FoodDOTT4,FoodDOTT4+FoodRecoveryT4,,,,,,,,,,ResistBoost+Recovery,,,,,,,,,,,,,,Drink,,,
FoodDOTT5,FoodDOTT5+FoodRecoveryT5,,,,,,,,,,ResistBoost+Recovery,,,,,,,,,,,,,,Drink,,,
FoodCONLUCT5,FoodCONLUCT5+FoodRecoveryT5,,,,,,,,,,Attributes+Recovery+Luck,,,,,,,,,,,,,,Eat,,,
RabbitSeasonTotem,RabbitSeasonTotem,,,,,,,,,,Luck,,,,,,,,,,,,,,,,,
HoningStoneT2,HoningStoneT2,,,,,,,,,,Boost,,,,,,,,,,,,,,WeaponOil,,,
HoningStoneT3,HoningStoneT3,,,,,,,,,,Boost,,,,,,,,,,,,,,WeaponOil,,,
HoningStoneT4,HoningStoneT4,,,,,,,,,,Boost,,,,,,,,,,,,,,WeaponOil,,,
HoningStoneT5,HoningStoneT5,,,,,,,,,,Boost,,,,,,,,,,,,,,WeaponOil,,,
ProficiencyBoosterT2,ProficiencyBoosterT2,,,,,,,,,,GatherBoost,,,,,,,,,,,,,,Drink,,,
ProficiencyBoosterT3,ProficiencyBoosterT3,,,,,,,,,,GatherBoost,,,,,,,,,,,,,,Drink,,,
ProficiencyBoosterT4,ProficiencyBoosterT4,,,,,,,,,,GatherBoost,,,,,,,,,,,,,,Drink,,,
ProficiencyBoosterT5,ProficiencyBoosterT5,,,,,,,,,,GatherBoost,,,,,,,,,,,,,,Drink,,,
OakfleshBalmT2,OakfleshBalmT2,,,,,,,,,,DefBoost,,,,,,,,,,,,,,Boost,,120,AbsorbBoost
OakfleshBalmT3,OakfleshBalmT3,,,,,,,,,,DefBoost,,,,,,,,,,,,,,Boost,,120,AbsorbBoost
OakfleshBalmT4,OakfleshBalmT4,,,,,,,,,,DefBoost,,,,,,,,,,,,,,Boost,,120,AbsorbBoost
OakfleshBalmT5,OakfleshBalmT5,,,,,,,,,,DefBoost,,,,,,,,,,,,,,Boost,,120,AbsorbBoost
IncenseT2,IncenseT2,,,,,,,,,,ResistBoost,,,,,,,,,,,,,,,,,
IncenseT3,IncenseT3,,,,,,,,,,ResistBoost,,,,,,,,,,,,,,,,,
IncenseT4,IncenseT4,,,,,,,,,,ResistBoost,,,,,,,,,,,,,,,,,
IncenseT5,IncenseT5,,,,,,,,,,ResistBoost,,,,,,,,,,,,,,,,,
GemstoneDustT2,GemstoneDustT2,,,,,,,,,,DefBoost,,,,,,,,,,,,,,Boost,,120,AbsorbBoost
GemstoneDustT3,GemstoneDustT3,,,,,,,,,,DefBoost,,,,,,,,,,,,,,Boost,,120,AbsorbBoost
GemstoneDustT4,GemstoneDustT4,,,,,,,,,,DefBoost,,,,,,,,,,,,,,Boost,,120,AbsorbBoost
GemstoneDustT5,GemstoneDustT5,,,,,,,,,,DefBoost,,,,,,,,,,,,,,Boost,,120,AbsorbBoost
OR_PotionHealth,PotionHealT5,1,0,0,0,1,,,,,,,,,,,,,,,,,,,Potion,,30,PotionHealth
OR_PotionMana,PotionManaT5,1,0,0,0,1,,,,,,,,,,,,,,,,,,,Potion,,20,PotionMana
OR_PotionStamina,GrandPotionEndurance,1,20,0,0,1,,,,,,,,,,,,,,,,,,,Potion,,90,PotionEndurance
OR_FoodSpeed,FoodInitialRecoveryT5+OutpostRush_FoodSpeed,1,,,,,,,,,Recovery+FoodInitialRecovery,,,,,,,,,,,,,,Eat,,,
OR_FoodPvP,FoodInitialRecoveryT5+OutpostRush_FoodPvP,1,,,,,,,,,Recovery+FoodInitialRecovery,,,,,,,,,,,,,,Eat,,,
OR_FoodPvE,FoodInitialRecoveryT5+OutpostRush_FoodPvE,1,,,,,,,,,Recovery+FoodInitialRecovery,,,,,,,,,,,,,,Eat,,,
WCConsumable_SpicedNog,WCConsumable_SpicedNog+FoodRecoveryT3+WCConsumable_Gleamite,,,,,,,,,,Attributes+Recovery,,,,,,,,,,,,,,Drink,,,
WCConsumable_Mealiewrap,WCConsumable_Mealiewrap+FoodRecoveryT3+WCConsumable_Gleamite,,,,,,,,,,Attributes+Recovery,,,,,,,,,,,,,,Eat,,,
WCConsumable_ConvergenceCake,WCConsumable_ConvergenceCake+FoodRecoveryT2+WCConsumable_Gleamite,,,,,,,,,,Attributes+Recovery,,,,,,,,,,,,,,Eat,,,
WCConsumable_ButtercreamPudding,WCConsumable_ButtercreamPudding+FoodRecoveryT2+WCConsumable_Gleamite,,,,,,,,,,Attributes+Recovery,,,,,,,,,,,,,,Drink,,,
WCConsumable_GingersnapCookie,WCConsumable_GingersnapCookie+FoodRecoveryT2+WCConsumable_Gleamite,,,,,,,,,,Attributes+Recovery,,,,,,,,,,,,,,Eat,,,
SummerMedley_GrilledFishPlate,SummerMedley_GrilledFishPlate+FoodRecoveryT2,,,,,,,,,,Attributes+Recovery,,,,,,,,,,,,,,Eat,,,
SummerMedley_Kebabs,SummerMedley_Kebabs+FoodRecoveryT2,,,,,,,,,,Attributes+Recovery,,,,,,,,,,,,,,Eat,,,
SummerMedley_FlatWraps,SummerMedley_FlatWraps+FoodRecoveryT2,,,,,,,,,,Attributes+Recovery,,,,,,,,,,,,,,Eat,,,
SummerMedley_FirecrackerSturgeon,SummerMedley_FirecrackerSturgeon+FoodRecoveryT2,,,,,,,,,,Attributes+Recovery,,,,,,,,,,,,,,Eat,,,
SummerMedley_Caviar,SummerMedley_Caviar+FoodRecoveryT2,,,,,,,,,,Attributes+Recovery,,,,,,,,,,,,,,Eat,,,
SummerMedley_ScaledustDelight,SummerMedley_ScaledustDelight+FoodRecoveryT2,,,,,,,,,,Attributes+Recovery,,,,,,,,,,,,,,Drink,,,
PvPArena_FoodSTRT3,PvPArena_FoodSTRT3+PvPArena_FoodRecoveryT3,,,,,,,,,,Attributes+Recovery,,,,,,,,,,,,,,Eat,,,
PvPArena_FoodSTRT4,PvPArena_FoodSTRT4+PvPArena_FoodRecoveryT4,,,,,,,,,,Attributes+Recovery,,,,,,,,,,,,,,Eat,,,
PvPArena_FoodSTRT5,PvPArena_FoodSTRT5+PvPArena_FoodRecoveryT5,,,,,,,,,,Attributes+Recovery,,,,,,,,,,,,,,Eat,,,
PvPArena_FoodDEXT3,PvPArena_FoodDEXT3+PvPArena_FoodRecoveryT5,,,,,,,,,,Attributes+Recovery,,,,,,,,,,,,,,Eat,,,
PvPArena_FoodDEXT4,PvPArena_FoodDEXT4+PvPArena_FoodRecoveryT5,,,,,,,,,,Attributes+Recovery,,,,,,,,,,,,,,Eat,,,
PvPArena_FoodDEXT5,PvPArena_FoodDEXT5+PvPArena_FoodRecoveryT5,,,,,,,,,,Attributes+Recovery,,,,,,,,,,,,,,Eat,,,
PvPArena_FoodINTT3,PvPArena_FoodINTT3+PvPArena_FoodRecoveryT5,,,,,,,,,,Attributes+Recovery,,,,,,,,,,,,,,Eat,,,
PvPArena_FoodINTT4,PvPArena_FoodINTT4+PvPArena_FoodRecoveryT5,,,,,,,,,,Attributes+Recovery,,,,,,,,,,,,,,Eat,,,
PvPArena_FoodINTT5,PvPArena_FoodINTT5+PvPArena_FoodRecoveryT5,,,,,,,,,,Attributes+Recovery,,,,,,,,,,,,,,Eat,,,
PvPArena_FoodCONT3,PvPArena_FoodCONT3+PvPArena_FoodRecoveryT5,,,,,,,,,,Attributes+Recovery,,,,,,,,,,,,,,Eat,,,
PvPArena_FoodCONT4,PvPArena_FoodCONT4+PvPArena_FoodRecoveryT5,,,,,,,,,,Attributes+Recovery,,,,,,,,,,,,,,Eat,,,
PvPArena_FoodCONT5,PvPArena_FoodCONT5+PvPArena_FoodRecoveryT5,,,,,,,,,,Attributes+Recovery,,,,,,,,,,,,,,Eat,,,
PvPArena_FoodFOCT3,PvPArena_FoodFOCT3+PvPArena_FoodRecoveryT5,,,,,,,,,,Attributes+Recovery,,,,,,,,,,,,,,Eat,,,
PvPArena_FoodFOCT4,PvPArena_FoodFOCT4+PvPArena_FoodRecoveryT5,,,,,,,,,,Attributes+Recovery,,,,,,,,,,,,,,Eat,,,
PvPArena_FoodFOCT5,PvPArena_FoodFOCT5+PvPArena_FoodRecoveryT5,,,,,,,,,,Attributes+Recovery,,,,,,,,,,,,,,Eat,,,
PvPArena_PotionHealthT3,PvPArena_PotionHealT3,1,0,0,0,1,,,,,,,,,,,,,,,,,,,Potion,,30,PotionHealth
PvPArena_PotionHealthT4,PvPArena_PotionHealT4,1,0,0,0,1,,,,,,,,,,,,,,,,,,,Potion,,30,PotionHealth
PvPArena_PotionHealthT5,PvPArena_PotionHealT5,1,0,0,0,1,,,,,,,,,,,,,,,,,,,Potion,,30,PotionHealth
PvPArena_PotionManaT3,PvPArena_PotionManaT3,1,0,0,0,1,,,,,,,,,,,,,,,,,,,Potion,,15,PotionMana
PvPArena_PotionManaT4,PvPArena_PotionManaT4,1,0,0,0,1,,,,,,,,,,,,,,,,,,,Potion,,15,PotionMana
PvPArena_PotionManaT5,PvPArena_PotionManaT5,1,0,0,0,1,,,,,,,,,,,,,,,,,,,Potion,,15,PotionMana
PvPArena_PotionRegenT2,PvPArena_GrandPotionRegen,1,10,0,0,1,,,,,,,,,,,,,,,,,,,Potion,,30,PotionRegen
PvPArena_PotionRegenT3,PvPArena_GrandPotionRegen,1,10,0,0,1,,,,,,,,,,,,,,,,,,,Potion,,30,PotionRegen
PvPArena_PotionRegenT4,PvPArena_GrandPotionRegen,1,10,0,0,1,,,,,,,,,,,,,,,,,,,Potion,,30,PotionRegen
PvPArena_PotionFocusT4,PvPArena_GrandPotionFocus,1,60,0,0,1,,,,,Focus,,,,,,,,,,,,,,Potion,,,
PvPArena_HoningStoneT3,PvPArena_HoningStoneT3,,,,,,,,,,Boost,,,,,,,,,,,,,,WeaponOil,,,
PvPArena_HoningStoneT4,PvPArena_HoningStoneT4,,,,,,,,,,Boost,,,,,,,,,,,,,,WeaponOil,,,
PvPArena_HoningStoneT5,PvPArena_HoningStoneT5,,,,,,,,,,Boost,,,,,,,,,,,,,,WeaponOil,,,
Bot_KillRadius,Dungeon_BotKillRadius,,,,,,,,,,,,,,,,,,,,,,,,,,,
1679_0101_DesertCerate,,,,,,,,,,,,,,,,,,,,,,,,,Potion,,,
QuestReward_MB_Potion_Regen,MajorPotionRegen,1,10,0,0,1,,,,,,,,,,,,,,,,,,,Potion,,30,PotionRegen
Debug_DisableUseInCombat,PotionHealT5,1,0,0,0,1,,,,,,,,,true,,,,,,,,,,Potion,,30,PotionHealth
TinctureAcidT5,Status_TinctureAcidT5,1,300,,,,,,,,,,,,,,,,,,,AfflictionPoison=-1000,,,,,30,AcidCurse
95_s01_07_SearingTemper,,,,,,,,,,,,,,,,,,,,,,,,,WeaponOil,,,
