AbilityID,DisplayName,Description,UICategory,Icon,StatusEffectIcon,Sound,TelegraphStatusEffect,TelegraphCountOffset,OnEquipStatusEffect,EquipWhenUnsheathed,WeaponTag,RequiredAbilityId,RequiredEquippedAbilityId,TreeId,TreeRowPosition,TreeColumnPosition,IsActiveAbility,IsGlobalAbility,IsStackableAbility,IsStackableMax,ScalingStrength,ScalingDexterity,ScalingIntelligence,ScalingSpirit,ScalingConstitution,OnEventPassiveConditionsPass,OnKill,OnExecuted,OnHit,OnBlockedHit,OnHitBehind,OnCrit,OnCritTaken,OnHeadShot,OnLegShot,OnHitTaken,OnBlockedHitTaken,OnBlockBreak,OnTargetBlockBreak,OnDeath,OnDeathsDoor,OnHasDied,OnAttachedSpellTargetDied,OnHealed,OnSelfDamage,OnProjPassedThrough,OnContributedKill,OnHealthChanged,OnUsedConsumable,OnGatheringComplete,OnHitTakenWhileInvulnerable,OnWeaponSwap,OnStatusEffectApplied,OnInActionLongEnough,OnTargetStatusEffectRemoved,OnEventConditionalActivationChance,OnDismount,GatheringTradeskill,EquipLoadCategory,ExcludeFromGameModes,RequireReaction,NumSuccessfulHits,NumConsecutiveHits,MaxConsecutiveHits,ResetConsecutiveOnSuccess,IgnoreResetConsecutiveOnDeath,DisableConsecutivePotency,TrackHitCount,MaxTrackedHitCounts,NumberOfTrackedHits,NumberOfHitsComparisonType,ResetTrackedOnSuccess,AbilityIdToCheckForTrackedHits,DamageIsRanged,DamageIsMelee,AllowSelfDamageForHitEvents,ForceShowNameTag,HasGritActive,TargetHasGritActive,DamageTableRow,RemoteDamageTableRow,RangedAttackName,AttackType,IgnoreDisabledAttackTypes,DamageTypes,DamageCategory,IsInCombatState,IsNotInCombatState,CheckOwnedStatusEffects,StatusEffect,StatusEffectStackSize,StatusEffectComparison,StatusEffectCategories,DontHaveStatusEffect,StatusEffectBeingApplied,CheckStatusEffectsOnTargetOwned,TargetStatusEffect,TargetStatusEffectCategory,TargetStatusEffectStackSize,TargetStatusEffectComparison,TargetCollisionFilters,MyMarker,TargetMarker,MyHealthPercent,MyComparisonType,MyStaminaPercent,MyStaminaComparisonType,MyManaPercent,MyManaComparisonType,TargetHealthPercent,TargetComparisonType,DistFromDefender,DistComparisonType,MaxNumAroundMe,NumAroundMe,NumAroundComparisonType,AbilityOnCooldownOptions,AbilitiesOnCooldown,AbilityCooldownComparisonType,AttachedTargetSpellIds,AbilityList,AbilityTrigger,IsConsumableIds,IsNotConsumableIds,InAction,InActionTime,AfterAction,InSequence,InSequenceTime,AfterSequence,LoadedAmmoCount,LoadedAmmoCountComparisonType,AttackerVitalsCategory,TargetVitalsCategory,DismountReasons,BaseDamage,SetHealthOnFatalDamageTaken,BaseDamageReduction,CritDamageReduction,BlockDamage,BlockDamageReduction,CritDamage,CritChance,HeadshotDamage,HitFromBehindDamage,StaggerDamage,StaggerDamageReduction,HitRateDmg,HitRateDmgReduction,HealthDamageMitigation,ThreatDamage,ArmorPenetration,CritArmorPenetration,HeadshotArmorPenetration,HitFromBehindArmorPenetration,PhysicalArmor,PhysicalArmorMaxHealthMod,ElementalArmor,LinearlyScaleToDistance,RefundAmmoPercentChance,RefundConsumablePercentChance,GiveAzothPercentChance,Azoth,Knockback,KnockbackReduction,WeaponAccuracy,Health,HealthPenaltyPerStackRemoved,DmgPctToHealth,HealScalingValueMultiplier,ConsumableHealMod,MaxHealth,Mana,ManaRate,MaxMana,ManaCostList,ManaCostMult,Stamina,DamageTableRowOverride,StatusEffectDamageTableRowOverride,ForceStatusEffectDamageTableRow,RangedAttackNameOverride,DamageTableStatusEffectOverride,EnableCrit,EnableTaunt,CanBlockRangedOverride,PerStatusEffectOnSelf,PerStatusEffectOnSelfMax,PerStatusEffectOnTarget,PerStatusEffectOnTargetMax,DisableApplyPerStatusEffectStack,DisableScalePerTargetSEStack,ForceTakeStaminaDamage,StaminaCostList,StaminaCostFlatMod,CastSpell,DisableCastSpellDurability,SelfApplyStatusEffect,OtherApplyStatusEffect,SelfApplyStatusEffectDurations,OtherApplyStatusEffectDurations,DoNotUnequipSelfAppliedSE,UseMinAttackInfoForSelfAppliedSE,ModifySelfApplyStatusEffectDuration,NumStatusEffectsToTransfer,StatusEffectCategoryToTransfer,SetPotencyAsCount,MultiplyRemovedByPotency,OnlyChangeOwnedStatusEffects,NumStatusEffectsToRemove,NumTargetStatusEffectsToRemove,NumStatusEffectStacksToRemove,RemoveStatusEffects,StatusEffectsList,StatusEffectCategoriesList,RemoveTargetStatusEffectsList,RemoveTargetStatusEffectCats,ConsumeTargetStatusEffectMult,StatusEffectDurationReduction,StatusEffectDurationCats,StatusEffectDurationMod,StatusEffectDurationMult,TargetStatusEffectDurationList,TargetStatusEffectDurationCats,TargetStatusEffectDurationMod,TargetStatusEffectDurationMult,ActivationCooldown,Duration,CooldownId,CDRImmediatelyOptions,ResetCooldownTimers,CooldownTimer,NumFreeCooldownsPerUse,TargetCooldownExtensionModifier,TargetCooldownsExtensionMultiplier,ConsumableCooldownForReset,ResetConsumableCooldowns,MaxHitCountMultiplier,SetMannequinTag,SetMannequinTagStatus,RepairDustYieldMod,ToolDurabilityLossMod,FastTravelInnCooldownMod,FastTravelAzothCostMod
Global_Flail_SlamAbility_AllyBuff,,,,,,,,,,,,,,,,,false,false,false,,,,,,,false,false,false,false,false,false,false,false,false,false,true,false,false,false,,,,,,,,,,,,,,,,,,,,,,true,,,,,,,,,,,,,,,,,,,,,,,,,,,,,,,,,,,,,,,,,,,,,,,,,,,,,,,,,,,,,,,,,,,,,,,,,,,,,,,,,,,,,,,,,,,,,,,,,,,,,,,,,,,,,,,,,,,,,,,,,,,,,,,,,,,,,,,,,Status_Flail_Slam_Lifesteal_Tracker,Status_Flail_Slam_WeakenStack,,,,,,,,,,,,,,,,,,,,,,,,,,,,,,,,,,,,,,,,,,,,,
Global_Flail_SlamAbility_Lifesteal,,,,,,,,,,,,,,,,,false,false,false,,,,,,,false,false,false,true,false,false,false,false,false,false,false,false,false,false,,,,,,,,,,,,,,,,,,,,,,true,,,,,,,,,,,,,,,,,,,,,,,,,,,,,,,,,,,,,,,,,,,,,,,,,,,,,,,,,,,,,,,,,,,,,,,,,,,,,,,,,,,,,,,,,,,,,,,,,,,,,,,,,,,,0.1,,,,,,,,,,,,,,,,,,,,,,,,,,,,,,,,,,,,,,,,,,,,,,,,,,,,,,,,,,0.1,,,,,,,,,,,,,,,,,
Global_Flail_TripAbility_EnemyDebuff_AllyDoTDurRed,,,,,,,,,,,,,,,,,false,false,false,,,,,,,false,false,false,false,false,false,false,false,false,false,true,false,false,false,,,,,,,,,,,,,,,,,,,,,,true,,,,,,,,,,,,,,,,,,,,,,,,,,,,,,,,,,,,,,,,,,,,,,,,,,,,,,,,,,,,,,,,,,,,,,,,,,,,,,,,,,,,,,,,,,,,,,,,,,,,,,,,,,,,,,,,,,,,,,,,,,,,,,,,,,,,,,,,,,Status_Flail_Trip_AllyDoTDurRed,,,,,,,,,,,,,,,,,,,,,,,,,,,,,,,,,,,,,,,,,,,,,
EquipLoad_CritDmgReduction_Heavy,,,,,,,,,,,,,,,,,false,false,false,,,,,,,,,,,,,,true,,,,,,,,,,,,,,,,,,,,,,,,,,,,,,,,,,,,,,,,,,,,,,,,,,,,,,,,,,,,,,,,,,,,,,,,,,,,,,,,,,,,,,,,,,,,,,,,,,,,,,,,,,0.25,,,,,,,,,,,,,,,,,,,,,,,,,,,,,,,,,,,,,,,,,,,,,,,,,,,,,,,,,,,,,,,,,,,,,,,,,,,,,,,,,,,,,,,,,,,,,,,,,,,,,,,,,
EquipLoad_CritDmgReduction_Medium,,,,,,,,,,,,,,,,,false,false,false,,,,,,,,,,,,,,true,,,,,,,,,,,,,,,,,,,,,,,,,,,,,,,,,,,,,,,,,,,,,,,,,,,,,,,,,,,,,,,,,,,,,,,,,,,,,,,,,,,,,,,,,,,,,,,,,,,,,,,,,,0.2,,,,,,,,,,,,,,,,,,,,,,,,,,,,,,,,,,,,,,,,,,,,,,,,,,,,,,,,,,,,,,,,,,,,,,,,,,,,,,,,,,,,,,,,,,,,,,,,,,,,,,,,,
EquipLoad_CritDmgReduction_Light,,,,,,,,,,,,,,,,,false,false,false,,,,,,,,,,,,,,true,,,,,,,,,,,,,,,,,,,,,,,,,,,,,,,,,,,,,,,,,,,,,,,,,,,,,,,,,,,,,,,,,,,,,,,,,,,,,,,,,,,,,,,,,,,,,,,,,,,,,,,,,,0.15,,,,,,,,,,,,,,,,,,,,,,,,,,,,,,,,,,,,,,,,,,,,,,,,,,,,,,,,,,,,,,,,,,,,,,,,,,,,,,,,,,,,,,,,,,,,,,,,,,,,,,,,,
CURSE 1 MINOR (UNSTABLE),,,,,,,,,,,,,,,,,,,,,,,,,,,,,,,,,,,,,,,,,,,,,,,,,,,,,,,,,,,,,,,,,,,,,,,,,,,,,,,,,,,,,,,,,,,,,,,,,,,,,,,,,,,,,,,,,,,,,,,,,,,,,,,,,,,,,,,,,,,,,,,,,,,,,,,,,,,,,,,,,,,,,,,,,,,,,,,,,,,,,,,,,,,,,,,,,,,,,,,,,,,,,,,,,,,,,,,,,,,,,,,,,,,,,,,,,,,,,,,,,,,,
Mut_Curse1_Fir_Minor,,,,,,,,,"Mut_Curse1_VFX_1_Ability,Mut_Curse1_VFX_2_Ability,Mut_Curse1_VFX_3_Ability",,,,,,,,false,false,false,,,,,,,,,,,,,,,,,,,,,,,,,,,,,,,,,,,,,,,,,,,,,,,,,,,,,,,,,,,,,,,,,,,,,,,,,,,,,,,,,,,,,,,,,,,,,,,,,,,,,,,,,,,,Dodge,,,"Dodge_Roll,Dodge_Roll_Fast,Dodge_Roll_Slow",,,,,,,,,,,,,,,,,,,,,,,,,,,,,,,,,,,,,,,,,,,,,,,,,,,,,,,,,,,,,,,,,,,,"Mut_Curse1_Fir_Minor_Damage,Mut_Curse1_Minor_OrbCount",,,,,,,,,,,,,,,,,,,,,,,,,,,,,,0.5,,,,,,,,,,,,,,,,
Mut_Curse1_Fir_Minor_Spell,,,,,,,,,,,,,,,,,false,false,false,,,,,,,,,,,,,,,,,,,,,,,,,,,,,,,,,,true,,,,,,,,,,,,,,,,,,,,,,,,,,,,,,,,,,,,,Mut_Curse1_VFX_Kill,,,,Mut_Curse1_Fir_Minor_Damage,Mut_Curse1_VFX_Kill,,,,,,,,,,,,,,,,,,,,,,,,,,,,,,,,,,,,,,,,,,,,,,,,,,,,,,,,,,,,,,,,,,,,,,,,,,,,,,,,,,,,,,,,,,,,,,,,,,,,,,,Mut_Curse1_Fir_Minor_Cast_Chain,,,,,,,,,,,,,,,AbilitySpecific,Mut_Curse1_Fir_Minor_Cast,,,,,,,,,,,,,,,,,,,,,,,,,,,,,,
Mut_Curse1_Lig_Minor,,,,,,,,,"Mut_Curse1_VFX_1_Ability,Mut_Curse1_VFX_2_Ability,Mut_Curse1_VFX_3_Ability",,,,,,,,false,false,false,,,,,,,,,,,,,,,,,,,,,,,,,,,,,,,,,,,,,,,,,,,,,,,,,,,,,,,,,,,,,,,,,,,,,,,,,,,,,,,,,,,,,,,,,,,,,,,,,,,,,,,,,,,,Dodge,,,"Dodge_Roll,Dodge_Roll_Fast,Dodge_Roll_Slow",,,,,,,,,,,,,,,,,,,,,,,,,,,,,,,,,,,,,,,,,,,,,,,,,,,,,,,,,,,,,,,,,,,,"Mut_Curse1_Lig_Minor_Damage,Mut_Curse1_Minor_OrbCount",,,,,,,,,,,,,,,,,,,,,,,,,,,,,,0.5,,,,,,,,,,,,,,,,
Mut_Curse1_Lig_Minor_Spell,,,,,,,,,,,,,,,,,false,false,false,,,,,,,,,,,,,,,,,,,,,,,,,,,,,,,,,,true,,,,,,,,,,,,,,,,,,,,,,,,,,,,,,,,,,,,,Mut_Curse1_VFX_Kill,,,,Mut_Curse1_Lig_Minor_Damage,Mut_Curse1_VFX_Kill,,,,,,,,,,,,,,,,,,,,,,,,,,,,,,,,,,,,,,,,,,,,,,,,,,,,,,,,,,,,,,,,,,,,,,,,,,,,,,,,,,,,,,,,,,,,,,,,,,,,,,,Mut_Curse1_Lig_Minor_Cast_Chain,,,,,,,,,,,,,,,AbilitySpecific,Mut_Curse1_Lig_Minor_Cast,,,,,,,,,,,,,,,,,,,,,,,,,,,,,,
Mut_Curse1_Voi_Minor,,,,,,,,,"Mut_Curse1_VFX_1_Ability,Mut_Curse1_VFX_2_Ability,Mut_Curse1_VFX_3_Ability",,,,,,,,false,false,false,,,,,,,,,,,,,,,,,,,,,,,,,,,,,,,,,,,,,,,,,,,,,,,,,,,,,,,,,,,,,,,,,,,,,,,,,,,,,,,,,,,,,,,,,,,,,,,,,,,,,,,,,,,,Dodge,,,"Dodge_Roll,Dodge_Roll_Fast,Dodge_Roll_Slow",,,,,,,,,,,,,,,,,,,,,,,,,,,,,,,,,,,,,,,,,,,,,,,,,,,,,,,,,,,,,,,,,,,,"Mut_Curse1_Voi_Minor_Damage,Mut_Curse1_Minor_OrbCount",,,,,,,,,,,,,,,,,,,,,,,,,,,,,,0.5,,,,,,,,,,,,,,,,
Mut_Curse1_Voi_Minor_Spell,,,,,,,,,,,,,,,,,false,false,false,,,,,,,,,,,,,,,,,,,,,,,,,,,,,,,,,,true,,,,,,,,,,,,,,,,,,,,,,,,,,,,,,,,,,,,,Mut_Curse1_VFX_Kill,,,,Mut_Curse1_Voi_Minor_Damage,Mut_Curse1_VFX_Kill,,,,,,,,,,,,,,,,,,,,,,,,,,,,,,,,,,,,,,,,,,,,,,,,,,,,,,,,,,,,,,,,,,,,,,,,,,,,,,,,,,,,,,,,,,,,,,,,,,,,,,,Mut_Curse1_Voi_Minor_Cast_Chain,,,,,,,,,,,,,,,AbilitySpecific,Mut_Curse1_Voi_Minor_Cast,,,,,,,,,,,,,,,,,,,,,,,,,,,,,,
Mut_Curse1_Nat_Minor,,,,,,,,,"Mut_Curse1_VFX_1_Ability,Mut_Curse1_VFX_2_Ability,Mut_Curse1_VFX_3_Ability",,,,,,,,false,false,false,,,,,,,,,,,,,,,,,,,,,,,,,,,,,,,,,,,,,,,,,,,,,,,,,,,,,,,,,,,,,,,,,,,,,,,,,,,,,,,,,,,,,,,,,,,,,,,,,,,,,,,,,,,,Dodge,,,"Dodge_Roll,Dodge_Roll_Fast,Dodge_Roll_Slow",,,,,,,,,,,,,,,,,,,,,,,,,,,,,,,,,,,,,,,,,,,,,,,,,,,,,,,,,,,,,,,,,,,,"Mut_Curse1_Nat_Minor_Damage,Mut_Curse1_Minor_OrbCount",,,,,,,,,,,,,,,,,,,,,,,,,,,,,,0.5,,,,,,,,,,,,,,,,
Mut_Curse1_Nat_Minor_Spell,,,,,,,,,,,,,,,,,false,false,false,,,,,,,,,,,,,,,,,,,,,,,,,,,,,,,,,,true,,,,,,,,,,,,,,,,,,,,,,,,,,,,,,,,,,,,,Mut_Curse1_VFX_Kill,,,,Mut_Curse1_Nat_Minor_Damage,Mut_Curse1_VFX_Kill,,,,,,,,,,,,,,,,,,,,,,,,,,,,,,,,,,,,,,,,,,,,,,,,,,,,,,,,,,,,,,,,,,,,,,,,,,,,,,,,,,,,,,,,,,,,,,,,,,,,,,,Mut_Curse1_Nat_Minor_Cast_Chain,,,,,,,,,,,,,,,AbilitySpecific,Mut_Curse1_Nat_Minor_Cast,,,,,,,,,,,,,,,,,,,,,,,,,,,,,,
Mut_Curse1_Ice_Minor,,,,,,,,,"Mut_Curse1_VFX_1_Ability,Mut_Curse1_VFX_2_Ability,Mut_Curse1_VFX_3_Ability",,,,,,,,false,false,false,,,,,,,,,,,,,,,,,,,,,,,,,,,,,,,,,,,,,,,,,,,,,,,,,,,,,,,,,,,,,,,,,,,,,,,,,,,,,,,,,,,,,,,,,,,,,,,,,,,,,,,,,,,,Dodge,,,"Dodge_Roll,Dodge_Roll_Fast,Dodge_Roll_Slow",,,,,,,,,,,,,,,,,,,,,,,,,,,,,,,,,,,,,,,,,,,,,,,,,,,,,,,,,,,,,,,,,,,,"Mut_Curse1_Ice_Minor_Damage,Mut_Curse1_Minor_OrbCount",,,,,,,,,,,,,,,,,,,,,,,,,,,,,,0.5,,,,,,,,,,,,,,,,
Mut_Curse1_Ice_Minor_Spell,,,,,,,,,,,,,,,,,false,false,false,,,,,,,,,,,,,,,,,,,,,,,,,,,,,,,,,,true,,,,,,,,,,,,,,,,,,,,,,,,,,,,,,,,,,,,,Mut_Curse1_VFX_Kill,,,,Mut_Curse1_Ice_Minor_Damage,Mut_Curse1_VFX_Kill,,,,,,,,,,,,,,,,,,,,,,,,,,,,,,,,,,,,,,,,,,,,,,,,,,,,,,,,,,,,,,,,,,,,,,,,,,,,,,,,,,,,,,,,,,,,,,,,,,,,,,,Mut_Curse1_Ice_Minor_Cast_Chain,,,,,,,,,,,,,,,AbilitySpecific,Mut_Curse1_Ice_Minor_Cast,,,,,,,,,,,,,,,,,,,,,,,,,,,,,,
Mut_Curse1_VFX_1,,,,,,,,,,,,,,,,,,,,,,,,,,,,,,,,,,,,,,,,,,,,,,,,,,,,,true,,,,,,,,,,,,,,,,,,,,,,,,,,,,,,,,,,,,,Mut_Curse1_Minor_OrbCount,1,Equal,,Mut_Curse1_VFX_1,Mut_Curse1_Minor_OrbCount,,,,,,,,,,,,,,,,,,,,,,,,,,,,,,,,,,,,,,,,,,,,,,,,,,,,,,,,,,,,,,,,,,,,,,,,,,,,,,,,,,,,,,,,,,,,,,,,,,,,,,,Mut_Curse1_VFX_1,,,,,,,,,,,,,,,,,,,,,,,,,,,,,,,,,,,,,,,,,,,,,,
Mut_Curse1_VFX_2,,,,,,,,,,,,,,,,,,,,,,,,,,,,,,,,,,,,,,,,,,,,,,,,,,,,,true,,,,,,,,,,,,,,,,,,,,,,,,,,,,,,,,,,,,,Mut_Curse1_Minor_OrbCount,2,Equal,,Mut_Curse1_VFX_2,Mut_Curse1_Minor_OrbCount,,,,,,,,,,,,,,,,,,,,,,,,,,,,,,,,,,,,,,,,,,,,,,,,,,,,,,,,,,,,,,,,,,,,,,,,,,,,,,,,,,,,,,,,,,,,,,,,,,,,,,,Mut_Curse1_VFX_2,,,,,,,,,,,,,,,,,,,,,,,,,,,,,,,,,,,,,,,,,,,,,,
Mut_Curse1_VFX_3,,,,,,,,,,,,,,,,,,,,,,,,,,,,,,,,,,,,,,,,,,,,,,,,,,,,,true,,,,,,,,,,,,,,,,,,,,,,,,,,,,,,,,,,,,,Mut_Curse1_Minor_OrbCount,3,Equal,,Mut_Curse1_VFX_3,Mut_Curse1_Minor_OrbCount,,,,,,,,,,,,,,,,,,,,,,,,,,,,,,,,,,,,,,,,,,,,,,,,,,,,,,,,,,,,,,,,,,,,,,,,,,,,,,,,,,,,,,,,,,,,,,,,,,,,,,,Mut_Curse1_VFX_3,,,,,,,,,,,,,,,,,,,,,,,,,,,,,,,,,,,,,,,,,,,,,,
CURSE 1 MAJOR (OVERCHARGED),,,,,,,,,,,,,,,,,,,,,,,,,,,,,,,,,,,,,,,,,,,,,,,,,,,,,,,,,,,,,,,,,,,,,,,,,,,,,,,,,,,,,,,,,,,,,,,,,,,,,,,,,,,,,,,,,,,,,,,,,,,,,,,,,,,,,,,,,,,,,,,,,,,,,,,,,,,,,,,,,,,,,,,,,,,,,,,,,,,,,,,,,,,,,,,,,,,,,,,,,,,,,,,,,,,,,,,,,,,,,,,,,,,,,,,,,,,,,,,,,,,,
Mut_Curse1_Fir_Major,,,,,,,,,Mut_Curse1_Fir_Major_Cleanse,,,,,,,,false,false,false,,,,,,,,,,,,,,,,,,,,,,,,,,,,,,,,,,,,,,,,,,,,,,,,,,,,,,,,,,,,,,,,,,,,,,,,,,,,,,,,,,,,,,,,,,,,,,,,,,,,,,,,,,,,Dodge,,,"Dodge_Roll,Dodge_Roll_Fast,Dodge_Roll_Slow",,,,,,,,,,,,,,,,,,,,,,,,,,,,,,,,,,,,,,,,,,,,,,,,,,,,,,,,,,,,,,,,,,,,Mut_Curse1_Fir_Major_Tracker,,,,,,,,,,,,,,,,,,,,,,,,,,,,,,0.5,,,,,,,,,,,,,,,,
Mut_Curse1_Fir_Major_Cleanse,,,,,,,,,,,,,,,,,false,false,false,,,,,,,,,,,,,,,,,,,,,,,,,,,,,,,,,,true,,,,,,,,,,,,,,,,,,,,,,,,,,,,,,,,,,,,,Mut_Curse1_Fir_Minor_Damage,,,,,Mut_Curse1_Fir_Major_Damage_DoT,,,,,,,,,,,,,,,,,,,,,,,,,,,,,,,,,,,,,,,,,,,,,,,,,,,,,,,,,,,,,,,,,,,,,,,,,,,,,,,,,,,,,,,,,,,,,,,,,,,,,,,Mut_Curse1_Fir_Major_Damage_Cleanse,,,,,,,,,,,,,,,,,,,,,,,,,,,,,,,,,,,,,,,,,,,,,,
Mut_Curse1_Fir_Major_Spell,,,,,,,,,,,,,,,,,false,false,false,,,,,,,,,,,,,,,,,,,,,,,,,,,,,,,,,,true,,,,,,,,,,,,,,,,,,,,,,,,,,,,,,,,,,,,,Mut_Curse1_VFX_Kill,,,,"Mut_Curse1_Fir_Major_Damage,Mut_Curse1_Fir_Major_Damage_DoT",Mut_Curse1_VFX_Kill,,,,,,,,,,,,,,,,,,,,,,,,,,,,,,,,,,,,,,,,,,,,,,,,,,,,,,,,,,,,,,,,,,,,,,,,,,,,,,,,,,,,,,,,,,,,,,,,,,,,,,,Mut_Curse1_Fir_Major_Cast_AoE,,,,,,,,,,,,,,,AbilitySpecific,Mut_Curse1_Fir_Major_Cast,,,,,,,,,,,,,,,,,,,,,,,,,,,,,,
Mut_Curse1_Lig_Major,,,,,,,,,Mut_Curse1_Lig_Major_Cleanse,,,,,,,,false,false,false,,,,,,,,,,,,,,,,,,,,,,,,,,,,,,,,,,,,,,,,,,,,,,,,,,,,,,,,,,,,,,,,,,,,,,,,,,,,,,,,,,,,,,,,,,,,,,,,,,,,,,,,,,,,Dodge,,,"Dodge_Roll,Dodge_Roll_Fast,Dodge_Roll_Slow",,,,,,,,,,,,,,,,,,,,,,,,,,,,,,,,,,,,,,,,,,,,,,,,,,,,,,,,,,,,,,,,,,,,Mut_Curse1_Lig_Major_Tracker,,,,,,,,,,,,,,,,,,,,,,,,,,,,,,0.5,,,,,,,,,,,,,,,,
Mut_Curse1_Lig_Major_Cleanse,,,,,,,,,,,,,,,,,false,false,false,,,,,,,,,,,,,,,,,,,,,,,,,,,,,,,,,,true,,,,,,,,,,,,,,,,,,,,,,,,,,,,,,,,,,,,,Mut_Curse1_Lig_Minor_Damage,,,,,Mut_Curse1_Lig_Major_Damage_DoT,,,,,,,,,,,,,,,,,,,,,,,,,,,,,,,,,,,,,,,,,,,,,,,,,,,,,,,,,,,,,,,,,,,,,,,,,,,,,,,,,,,,,,,,,,,,,,,,,,,,,,,Mut_Curse1_Lig_Major_Damage_Cleanse,,,,,,,,,,,,,,,,,,,,,,,,,,,,,,,,,,,,,,,,,,,,,,
Mut_Curse1_Lig_Major_Spell,,,,,,,,,,,,,,,,,false,false,false,,,,,,,,,,,,,,,,,,,,,,,,,,,,,,,,,,true,,,,,,,,,,,,,,,,,,,,,,,,,,,,,,,,,,,,,Mut_Curse1_VFX_Kill,,,,"Mut_Curse1_Lig_Major_Damage,Mut_Curse1_Lig_Major_Damage_DoT",Mut_Curse1_VFX_Kill,,,,,,,,,,,,,,,,,,,,,,,,,,,,,,,,,,,,,,,,,,,,,,,,,,,,,,,,,,,,,,,,,,,,,,,,,,,,,,,,,,,,,,,,,,,,,,,,,,,,,,,Mut_Curse1_Lig_Major_Cast_AoE,,,,,,,,,,,,,,,AbilitySpecific,Mut_Curse1_Lig_Major_Cast,,,,,,,,,,,,,,,,,,,,,,,,,,,,,,
Mut_Curse1_Voi_Major,,,,,,,,,Mut_Curse1_Voi_Major_Cleanse,,,,,,,,false,false,false,,,,,,,,,,,,,,,,,,,,,,,,,,,,,,,,,,,,,,,,,,,,,,,,,,,,,,,,,,,,,,,,,,,,,,,,,,,,,,,,,,,,,,,,,,,,,,,,,,,,,,,,,,,,Dodge,,,"Dodge_Roll,Dodge_Roll_Fast,Dodge_Roll_Slow",,,,,,,,,,,,,,,,,,,,,,,,,,,,,,,,,,,,,,,,,,,,,,,,,,,,,,,,,,,,,,,,,,,,Mut_Curse1_Voi_Major_Tracker,,,,,,,,,,,,,,,,,,,,,,,,,,,,,,0.5,,,,,,,,,,,,,,,,
Mut_Curse1_Voi_Major_Cleanse,,,,,,,,,,,,,,,,,false,false,false,,,,,,,,,,,,,,,,,,,,,,,,,,,,,,,,,,true,,,,,,,,,,,,,,,,,,,,,,,,,,,,,,,,,,,,,Mut_Curse1_Voi_Minor_Damage,,,,,Mut_Curse1_Voi_Major_Damage_DoT,,,,,,,,,,,,,,,,,,,,,,,,,,,,,,,,,,,,,,,,,,,,,,,,,,,,,,,,,,,,,,,,,,,,,,,,,,,,,,,,,,,,,,,,,,,,,,,,,,,,,,,Mut_Curse1_Voi_Major_Damage_Cleanse,,,,,,,,,,,,,,,,,,,,,,,,,,,,,,,,,,,,,,,,,,,,,,
Mut_Curse1_Voi_Major_Spell,,,,,,,,,,,,,,,,,false,false,false,,,,,,,,,,,,,,,,,,,,,,,,,,,,,,,,,,true,,,,,,,,,,,,,,,,,,,,,,,,,,,,,,,,,,,,,Mut_Curse1_VFX_Kill,,,,"Mut_Curse1_Voi_Major_Damage,Mut_Curse1_Voi_Major_Damage_DoT",Mut_Curse1_VFX_Kill,,,,,,,,,,,,,,,,,,,,,,,,,,,,,,,,,,,,,,,,,,,,,,,,,,,,,,,,,,,,,,,,,,,,,,,,,,,,,,,,,,,,,,,,,,,,,,,,,,,,,,,Mut_Curse1_Voi_Major_Cast_AoE,,,,,,,,,,,,,,,AbilitySpecific,Mut_Curse1_Voi_Major_Cast,,,,,,,,,,,,,,,,,,,,,,,,,,,,,,
Mut_Curse1_Nat_Major,,,,,,,,,Mut_Curse1_Nat_Major_Cleanse,,,,,,,,false,false,false,,,,,,,,,,,,,,,,,,,,,,,,,,,,,,,,,,,,,,,,,,,,,,,,,,,,,,,,,,,,,,,,,,,,,,,,,,,,,,,,,,,,,,,,,,,,,,,,,,,,,,,,,,,,Dodge,,,"Dodge_Roll,Dodge_Roll_Fast,Dodge_Roll_Slow",,,,,,,,,,,,,,,,,,,,,,,,,,,,,,,,,,,,,,,,,,,,,,,,,,,,,,,,,,,,,,,,,,,,Mut_Curse1_Nat_Major_Tracker,,,,,,,,,,,,,,,,,,,,,,,,,,,,,,0.5,,,,,,,,,,,,,,,,
Mut_Curse1_Nat_Major_Cleanse,,,,,,,,,,,,,,,,,false,false,false,,,,,,,,,,,,,,,,,,,,,,,,,,,,,,,,,,true,,,,,,,,,,,,,,,,,,,,,,,,,,,,,,,,,,,,,Mut_Curse1_Nat_Minor_Damage,,,,,Mut_Curse1_Nat_Major_Damage_DoT,,,,,,,,,,,,,,,,,,,,,,,,,,,,,,,,,,,,,,,,,,,,,,,,,,,,,,,,,,,,,,,,,,,,,,,,,,,,,,,,,,,,,,,,,,,,,,,,,,,,,,,Mut_Curse1_Nat_Major_Damage_Cleanse,,,,,,,,,,,,,,,,,,,,,,,,,,,,,,,,,,,,,,,,,,,,,,
Mut_Curse1_Nat_Major_Spell,,,,,,,,,,,,,,,,,false,false,false,,,,,,,,,,,,,,,,,,,,,,,,,,,,,,,,,,true,,,,,,,,,,,,,,,,,,,,,,,,,,,,,,,,,,,,,Mut_Curse1_VFX_Kill,,,,"Mut_Curse1_Nat_Major_Damage,Mut_Curse1_Nat_Major_Damage_DoT",Mut_Curse1_VFX_Kill,,,,,,,,,,,,,,,,,,,,,,,,,,,,,,,,,,,,,,,,,,,,,,,,,,,,,,,,,,,,,,,,,,,,,,,,,,,,,,,,,,,,,,,,,,,,,,,,,,,,,,,Mut_Curse1_Nat_Major_Cast_AoE,,,,,,,,,,,,,,,AbilitySpecific,Mut_Curse1_Nat_Major_Cast,,,,,,,,,,,,,,,,,,,,,,,,,,,,,,
Mut_Curse1_Ice_Major,,,,,,,,,Mut_Curse1_Ice_Major_Cleanse,,,,,,,,false,false,false,,,,,,,,,,,,,,,,,,,,,,,,,,,,,,,,,,,,,,,,,,,,,,,,,,,,,,,,,,,,,,,,,,,,,,,,,,,,,,,,,,,,,,,,,,,,,,,,,,,,,,,,,,,,Dodge,,,"Dodge_Roll,Dodge_Roll_Fast,Dodge_Roll_Slow",,,,,,,,,,,,,,,,,,,,,,,,,,,,,,,,,,,,,,,,,,,,,,,,,,,,,,,,,,,,,,,,,,,,Mut_Curse1_Ice_Major_Tracker,,,,,,,,,,,,,,,,,,,,,,,,,,,,,,0.5,,,,,,,,,,,,,,,,
Mut_Curse1_Ice_Major_Cleanse,,,,,,,,,,,,,,,,,false,false,false,,,,,,,,,,,,,,,,,,,,,,,,,,,,,,,,,,true,,,,,,,,,,,,,,,,,,,,,,,,,,,,,,,,,,,,,Mut_Curse1_Ice_Minor_Damage,,,,,Mut_Curse1_Ice_Major_Damage_DoT,,,,,,,,,,,,,,,,,,,,,,,,,,,,,,,,,,,,,,,,,,,,,,,,,,,,,,,,,,,,,,,,,,,,,,,,,,,,,,,,,,,,,,,,,,,,,,,,,,,,,,,Mut_Curse1_Ice_Major_Damage_Cleanse,,,,,,,,,,,,,,,,,,,,,,,,,,,,,,,,,,,,,,,,,,,,,,
Mut_Curse1_Ice_Major_Spell,,,,,,,,,,,,,,,,,false,false,false,,,,,,,,,,,,,,,,,,,,,,,,,,,,,,,,,,true,,,,,,,,,,,,,,,,,,,,,,,,,,,,,,,,,,,,,Mut_Curse1_VFX_Kill,,,,"Mut_Curse1_Ice_Major_Damage,Mut_Curse1_Ice_Major_Damage_DoT",Mut_Curse1_VFX_Kill,,,,,,,,,,,,,,,,,,,,,,,,,,,,,,,,,,,,,,,,,,,,,,,,,,,,,,,,,,,,,,,,,,,,,,,,,,,,,,,,,,,,,,,,,,,,,,,,,,,,,,,Mut_Curse1_Ice_Major_Cast_AoE,,,,,,,,,,,,,,,AbilitySpecific,Mut_Curse1_Ice_Major_Cast,,,,,,,,,,,,,,,,,,,,,,,,,,,,,,
CURSE 2 MAJOR (BLOOD OFFERING),,,,,,,,,,,,,,,,,,,,,,,,,,,,,,,,,,,,,,,,,,,,,,,,,,,,,,,,,,,,,,,,,,,,,,,,,,,,,,,,,,,,,,,,,,,,,,,,,,,,,,,,,,,,,,,,,,,,,,,,,,,,,,,,,,,,,,,,,,,,,,,,,,,,,,,,,,,,,,,,,,,,,,,,,,,,,,,,,,,,,,,,,,,,,,,,,,,,,,,,,,,,,,,,,,,,,,,,,,,,,,,,,,,,,,,,,,,,,,,,,,,,
Mut_Curse2_Fir_Major,,,,,,,,,"Mut_Curse2_Fir_VFX_1_Ability,Mut_Curse2_Fir_VFX_2_Ability,Mut_Curse2_Fir_VFX_3_Ability",,,,,,,,false,false,false,,,,,,,,,,,,,,,,,,,,,,,,,,,,,,,,,,,,,,,,,,,,,,,,,,,,,,,,,,,,,,,,,,,,,,,,,,,Blunderbuss_MortarShotFired,,,,,,,,,,,,,,,,,,,,,,,,,,,,OnPerform,,,,,,,,,,,,,,,,,,,,,,,,,,,,,,,,,,,,,,,,,,,,,,,,,,,,,,,,,,,,,,,,,,,,,,,,,,,,Mut_Curse2_Fir_Major_Damage,,,,,true,,,,,,,,,,,,,,,,,,,,,,,,,,,,,,,,,,,,,,,,,
Mut_Curse2_Fir_Major_Lifesteal,,,,,,,,,,,,,,,,,false,false,false,,,,,,,,,,true,,,,,,,,,,,,,,,,,,,,,,,,,,,,,,,,,,,,,,,,,,,,,,,,,,,,,,,,,,,,,,,,,,,,Mut_Curse2_Fir_Damage,,,NotEqual,,,,,,,,,,,,,,,,,,,,,,,,,,,,,,,,,,,,,,,,,,,,,,,,,,,,,,,,,,,,,,,,,,,,,0.25,,,,,,,,,,,,,,,,,,,,,,,,,,,,,,,,,,,,,,,,,,,,,,,,,,,,,,,,,,,,,,,,,,,,,,,,,,,
Mut_Curse2_Voi_Major,,,,,,,,,"Mut_Curse2_Voi_VFX_1_Ability,Mut_Curse2_Voi_VFX_2_Ability,Mut_Curse2_Voi_VFX_3_Ability",,,,,,,,false,false,false,,,,,,,,,,,,,,,,,,,,,,,,,,,,,,,,,,,,,,,,,,,,,,,,,,,,,,,,,,,,,,,,,,,,,,,,,,,Blunderbuss_MortarShotFired,,,,,,,,,,,,,,,,,,,,,,,,,,,,OnPerform,,,,,,,,,,,,,,,,,,,,,,,,,,,,,,,,,,,,,,,,,,,,,,,,,,,,,,,,,,,,,,,,,,,,,,,,,,,,Mut_Curse2_Voi_Major_Damage,,,,,true,,,,,,,,,,,,,,,,,,,,,,,,,,,,,,,,,,,,,,,,,
Mut_Curse2_Voi_Major_Lifesteal,,,,,,,,,,,,,,,,,false,false,false,,,,,,,,,,true,,,,,,,,,,,,,,,,,,,,,,,,,,,,,,,,,,,,,,,,,,,,,,,,,,,,,,,,,,,,,,,,,,,,Mut_Curse2_Voi_Damage,,,NotEqual,,,,,,,,,,,,,,,,,,,,,,,,,,,,,,,,,,,,,,,,,,,,,,,,,,,,,,,,,,,,,,,,,,,,,0.25,,,,,,,,,,,,,,,,,,,,,,,,,,,,,,,,,,,,,,,,,,,,,,,,,,,,,,,,,,,,,,,,,,,,,,,,,,,
Mut_Curse2_Nat_Major,,,,,,,,,"Mut_Curse2_Nat_VFX_1_Ability,Mut_Curse2_Nat_VFX_2_Ability,Mut_Curse2_Nat_VFX_3_Ability",,,,,,,,false,false,false,,,,,,,,,,,,,,,,,,,,,,,,,,,,,,,,,,,,,,,,,,,,,,,,,,,,,,,,,,,,,,,,,,,,,,,,,,,Blunderbuss_MortarShotFired,,,,,,,,,,,,,,,,,,,,,,,,,,,,OnPerform,,,,,,,,,,,,,,,,,,,,,,,,,,,,,,,,,,,,,,,,,,,,,,,,,,,,,,,,,,,,,,,,,,,,,,,,,,,,Mut_Curse2_Nat_Major_Damage,,,,,true,,,,,,,,,,,,,,,,,,,,,,,,,,,,,,,,,,,,,,,,,
Mut_Curse2_Nat_Major_Lifesteal,,,,,,,,,,,,,,,,,false,false,false,,,,,,,,,,true,,,,,,,,,,,,,,,,,,,,,,,,,,,,,,,,,,,,,,,,,,,,,,,,,,,,,,,,,,,,,,,,,,,,Mut_Curse2_Nat_Damage,,,NotEqual,,,,,,,,,,,,,,,,,,,,,,,,,,,,,,,,,,,,,,,,,,,,,,,,,,,,,,,,,,,,,,,,,,,,,0.25,,,,,,,,,,,,,,,,,,,,,,,,,,,,,,,,,,,,,,,,,,,,,,,,,,,,,,,,,,,,,,,,,,,,,,,,,,,
Mut_Curse2_Ice_Major,,,,,,,,,"Mut_Curse2_Ice_VFX_1_Ability,Mut_Curse2_Ice_VFX_2_Ability,Mut_Curse2_Ice_VFX_3_Ability",,,,,,,,false,false,false,,,,,,,,,,,,,,,,,,,,,,,,,,,,,,,,,,,,,,,,,,,,,,,,,,,,,,,,,,,,,,,,,,,,,,,,,,,Blunderbuss_MortarShotFired,,,,,,,,,,,,,,,,,,,,,,,,,,,,OnPerform,,,,,,,,,,,,,,,,,,,,,,,,,,,,,,,,,,,,,,,,,,,,,,,,,,,,,,,,,,,,,,,,,,,,,,,,,,,,Mut_Curse2_Ice_Major_Damage,,,,,true,,,,,,,,,,,,,,,,,,,,,,,,,,,,,,,,,,,,,,,,,
Mut_Curse2_Ice_Major_Lifesteal,,,,,,,,,,,,,,,,,false,false,false,,,,,,,,,,true,,,,,,,,,,,,,,,,,,,,,,,,,,,,,,,,,,,,,,,,,,,,,,,,,,,,,,,,,,,,,,,,,,,,Mut_Curse2_Ice_Damage,,,NotEqual,,,,,,,,,,,,,,,,,,,,,,,,,,,,,,,,,,,,,,,,,,,,,,,,,,,,,,,,,,,,,,,,,,,,,0.25,,,,,,,,,,,,,,,,,,,,,,,,,,,,,,,,,,,,,,,,,,,,,,,,,,,,,,,,,,,,,,,,,,,,,,,,,,,
Mut_Curse2_Base_Major_Lifesteal,,,,,,,,,,,,,,,,,false,false,false,,,,,,,,,,true,,,,,,,,,,,,,,,,,,,,,,,,,,,,,,,,,,,,,,,,,,,,,,,,,,,,,,,,,,,,,,,,,,,,Mut_Curse2_Fir_Damage,,,NotEqual,,,,,,,,,,,,,,,,,,,,,,,,,,,,,,,,,,,,,,,,,,,,,,,,,,,,,,,,,,,,,,,,,,,,,0.25,,,,,,,,,,,,,,,,,,,,,,,,,,,,,,,,,,,,,,,,,,,,,,,,,,,,,,,,,,,,,,,,,,,,,,,,,,,
Mut_Curse2_Fir_VFX_1,,,,,,,,,,,,,,,,,,,,,,,,,,,,,,,,,,,,,,,,,,,,,,,,,,,,,true,,,,,,,,,,,,,,,,,,,,,,,,,,,,,,,,,,,,,Mut_Curse2_Fir_Major_Damage,1,Equal,,,Mut_Curse2_Fir_Major_Damage,,,,,,,,,,,,,,,,,,,,,,,,,,,,,,,,,,,,,,,,,,,,,,,,,,,,,,,,,,,,,,,,,,,,,,,,,,,,,,,,,,,,,,,,,,,,,,,,,,,,,,,Mut_Curse2_VFX_1,,,,,,,,,,,,,,,,,,,,,,,,,,,,,,,,,,,,,,,,,,,,,,
Mut_Curse2_Fir_VFX_2,,,,,,,,,,,,,,,,,,,,,,,,,,,,,,,,,,,,,,,,,,,,,,,,,,,,,true,,,,,,,,,,,,,,,,,,,,,,,,,,,,,,,,,,,,,Mut_Curse2_Fir_Major_Damage,2,Equal,,,Mut_Curse2_Fir_Major_Damage,,,,,,,,,,,,,,,,,,,,,,,,,,,,,,,,,,,,,,,,,,,,,,,,,,,,,,,,,,,,,,,,,,,,,,,,,,,,,,,,,,,,,,,,,,,,,,,,,,,,,,,Mut_Curse2_VFX_2,,,,,,,,,,,,,,,,,,,,,,,,,,,,,,,,,,,,,,,,,,,,,,
Mut_Curse2_Fir_VFX_3,,,,,,,,,,,,,,,,,,,,,,,,,,,,,,,,,,,,,,,,,,,,,,,,,,,,,true,,,,,,,,,,,,,,,,,,,,,,,,,,,,,,,,,,,,,Mut_Curse2_Fir_Major_Damage,3,Equal,,,Mut_Curse2_Fir_Major_Damage,,,,,,,,,,,,,,,,,,,,,,,,,,,,,,,,,,,,,,,,,,,,,,,,,,,,,,,,,,,,,,,,,,,,,,,,,,,,,,,,,,,,,,,,,,,,,,,,,,,,,,,Mut_Curse2_VFX_3,,,,,,,,,,,,,,,,,,,,,,,,,,,,,,,,,,,,,,,,,,,,,,
Mut_Curse2_Voi_VFX_1,,,,,,,,,,,,,,,,,,,,,,,,,,,,,,,,,,,,,,,,,,,,,,,,,,,,,true,,,,,,,,,,,,,,,,,,,,,,,,,,,,,,,,,,,,,Mut_Curse2_Voi_Major_Damage,1,Equal,,,Mut_Curse2_Voi_Major_Damage,,,,,,,,,,,,,,,,,,,,,,,,,,,,,,,,,,,,,,,,,,,,,,,,,,,,,,,,,,,,,,,,,,,,,,,,,,,,,,,,,,,,,,,,,,,,,,,,,,,,,,,Mut_Curse2_VFX_1,,,,,,,,,,,,,,,,,,,,,,,,,,,,,,,,,,,,,,,,,,,,,,
Mut_Curse2_Voi_VFX_2,,,,,,,,,,,,,,,,,,,,,,,,,,,,,,,,,,,,,,,,,,,,,,,,,,,,,true,,,,,,,,,,,,,,,,,,,,,,,,,,,,,,,,,,,,,Mut_Curse2_Voi_Major_Damage,2,Equal,,,Mut_Curse2_Voi_Major_Damage,,,,,,,,,,,,,,,,,,,,,,,,,,,,,,,,,,,,,,,,,,,,,,,,,,,,,,,,,,,,,,,,,,,,,,,,,,,,,,,,,,,,,,,,,,,,,,,,,,,,,,,Mut_Curse2_VFX_2,,,,,,,,,,,,,,,,,,,,,,,,,,,,,,,,,,,,,,,,,,,,,,
Mut_Curse2_Voi_VFX_3,,,,,,,,,,,,,,,,,,,,,,,,,,,,,,,,,,,,,,,,,,,,,,,,,,,,,true,,,,,,,,,,,,,,,,,,,,,,,,,,,,,,,,,,,,,Mut_Curse2_Voi_Major_Damage,3,Equal,,,Mut_Curse2_Voi_Major_Damage,,,,,,,,,,,,,,,,,,,,,,,,,,,,,,,,,,,,,,,,,,,,,,,,,,,,,,,,,,,,,,,,,,,,,,,,,,,,,,,,,,,,,,,,,,,,,,,,,,,,,,,Mut_Curse2_VFX_3,,,,,,,,,,,,,,,,,,,,,,,,,,,,,,,,,,,,,,,,,,,,,,
Mut_Curse2_Nat_VFX_1,,,,,,,,,,,,,,,,,,,,,,,,,,,,,,,,,,,,,,,,,,,,,,,,,,,,,true,,,,,,,,,,,,,,,,,,,,,,,,,,,,,,,,,,,,,Mut_Curse2_Nat_Major_Damage,1,Equal,,,Mut_Curse2_Nat_Major_Damage,,,,,,,,,,,,,,,,,,,,,,,,,,,,,,,,,,,,,,,,,,,,,,,,,,,,,,,,,,,,,,,,,,,,,,,,,,,,,,,,,,,,,,,,,,,,,,,,,,,,,,,Mut_Curse2_VFX_1,,,,,,,,,,,,,,,,,,,,,,,,,,,,,,,,,,,,,,,,,,,,,,
Mut_Curse2_Nat_VFX_2,,,,,,,,,,,,,,,,,,,,,,,,,,,,,,,,,,,,,,,,,,,,,,,,,,,,,true,,,,,,,,,,,,,,,,,,,,,,,,,,,,,,,,,,,,,Mut_Curse2_Nat_Major_Damage,2,Equal,,,Mut_Curse2_Nat_Major_Damage,,,,,,,,,,,,,,,,,,,,,,,,,,,,,,,,,,,,,,,,,,,,,,,,,,,,,,,,,,,,,,,,,,,,,,,,,,,,,,,,,,,,,,,,,,,,,,,,,,,,,,,Mut_Curse2_VFX_2,,,,,,,,,,,,,,,,,,,,,,,,,,,,,,,,,,,,,,,,,,,,,,
Mut_Curse2_Nat_VFX_3,,,,,,,,,,,,,,,,,,,,,,,,,,,,,,,,,,,,,,,,,,,,,,,,,,,,,true,,,,,,,,,,,,,,,,,,,,,,,,,,,,,,,,,,,,,Mut_Curse2_Nat_Major_Damage,3,Equal,,,Mut_Curse2_Nat_Major_Damage,,,,,,,,,,,,,,,,,,,,,,,,,,,,,,,,,,,,,,,,,,,,,,,,,,,,,,,,,,,,,,,,,,,,,,,,,,,,,,,,,,,,,,,,,,,,,,,,,,,,,,,Mut_Curse2_VFX_3,,,,,,,,,,,,,,,,,,,,,,,,,,,,,,,,,,,,,,,,,,,,,,
Mut_Curse2_Ice_VFX_1,,,,,,,,,,,,,,,,,,,,,,,,,,,,,,,,,,,,,,,,,,,,,,,,,,,,,true,,,,,,,,,,,,,,,,,,,,,,,,,,,,,,,,,,,,,Mut_Curse2_Ice_Major_Damage,1,Equal,,,Mut_Curse2_Ice_Major_Damage,,,,,,,,,,,,,,,,,,,,,,,,,,,,,,,,,,,,,,,,,,,,,,,,,,,,,,,,,,,,,,,,,,,,,,,,,,,,,,,,,,,,,,,,,,,,,,,,,,,,,,,Mut_Curse2_VFX_1,,,,,,,,,,,,,,,,,,,,,,,,,,,,,,,,,,,,,,,,,,,,,,
Mut_Curse2_Ice_VFX_2,,,,,,,,,,,,,,,,,,,,,,,,,,,,,,,,,,,,,,,,,,,,,,,,,,,,,true,,,,,,,,,,,,,,,,,,,,,,,,,,,,,,,,,,,,,Mut_Curse2_Ice_Major_Damage,2,Equal,,,Mut_Curse2_Ice_Major_Damage,,,,,,,,,,,,,,,,,,,,,,,,,,,,,,,,,,,,,,,,,,,,,,,,,,,,,,,,,,,,,,,,,,,,,,,,,,,,,,,,,,,,,,,,,,,,,,,,,,,,,,,Mut_Curse2_VFX_2,,,,,,,,,,,,,,,,,,,,,,,,,,,,,,,,,,,,,,,,,,,,,,
Mut_Curse2_Ice_VFX_3,,,,,,,,,,,,,,,,,,,,,,,,,,,,,,,,,,,,,,,,,,,,,,,,,,,,,true,,,,,,,,,,,,,,,,,,,,,,,,,,,,,,,,,,,,,Mut_Curse2_Ice_Major_Damage,3,Equal,,,Mut_Curse2_Ice_Major_Damage,,,,,,,,,,,,,,,,,,,,,,,,,,,,,,,,,,,,,,,,,,,,,,,,,,,,,,,,,,,,,,,,,,,,,,,,,,,,,,,,,,,,,,,,,,,,,,,,,,,,,,,Mut_Curse2_VFX_3,,,,,,,,,,,,,,,,,,,,,,,,,,,,,,,,,,,,,,,,,,,,,,
Mut_Curse2_Minor,,,,,,,,,,,,,,,,,false,false,true,1,,,,,,,,,,,,,,,,,,,,,,,,,,,,,,,,,,,,,,,,,,,,,,,,,,,,,,,,,,,,,,,,,,,,,,,,,,,,,,,,,,,,,,,,,,,,,,,,,,,,,,OnPerform,,,,,,,,,,,,,,,,,,,,,,,,,,,,,,,,,,,,,,,,,,,,,,,,,,,,,,,,,,,,,,,,,,,,,,,,,,,,Mut_Curse2_Affliction_Tick,,,,,,,,,,,,,,,,,,,,,,,,,,,,,,,,,,,,,,,,,,,,,,
CURSE 4 MAJOR (TRUNCATED),,,,,,,,,,,,,,,,,,,,,,,,,,,,,,,,,,,,,,,,,,,,,,,,,,,,,,,,,,,,,,,,,,,,,,,,,,,,,,,,,,,,,,,,,,,,,,,,,,,,,,,,,,,,,,,,,,,,,,,,,,,,,,,,,,,,,,,,,,,,,,,,,,,,,,,,,,,,,,,,,,,,,,,,,,,,,,,,,,,,,,,,,,,,,,,,,,,,,,,,,,,,,,,,,,,,,,,,,,,,,,,,,,,,,,,,,,,,,,,,,,,,
Mut_Curse4_Major,,,,,,,,,,,,,,,,,false,false,true,1,,,,,,,,,,,,,,,,,,,,,,,,,,,,,,,,,,,,,,,,,,,,,,,,,,,,,,,,,,,,,,,,,,,,,,,,,,,,,,,,,,,,,,,,,,,,,,,,,,,,,,OnPerform,,,,,,,,,,,,,,,,,,,,,,,,,,,,,,,,,,,,,,,,,,,,,,,,,,,,,,,,,,,,,,,,,,,,,,,,,,,,Mut_Curse4_Major_Exhaust,,,,,,,,,,,,,,,,,,,,,,,,,,,,,,,,,,,,,,,,,,,,,,
CURSE 4 MAJOR (BLOWBACK),,,,,,,,,,,,,,,,,,,,,,,,,,,,,,,,,,,,,,,,,,,,,,,,,,,,,,,,,,,,,,,,,,,,,,,,,,,,,,,,,,,,,,,,,,,,,,,,,,,,,,,,,,,,,,,,,,,,,,,,,,,,,,,,,,,,,,,,,,,,,,,,,,,,,,,,,,,,,,,,,,,,,,,,,,,,,,,,,,,,,,,,,,,,,,,,,,,,,,,,,,,,,,,,,,,,,,,,,,,,,,,,,,,,,,,,,,,,,,,,,,,,
Mut_Curse4_Minor,,,,,,,,,,,,,,,,,false,false,true,1,,,,,,,,,,,,,,,,,,,,,,,,,,,,,,,,,,,,,,,,,,,,,,,,,,,,,,,,,,,,,,,,,,,,,,,,,,,,,,,,,,,,,,,,,,,,,,,,,,,,,,OnPerform,,,,,,,,,,,,,,,,,,,,,,,,,,,,,,,,,,,,,,,,,,,,,,,,,,,,,,,,,,,,,,,,,,,,,,,,,,,,Mut_Curse4_Affliction,,,,,,,,,,,,,,,,,,,,,,,,,,,,,,,,,,,,,,,,,,,,,,
PvP_Arena_PreRound,,,,,,,,,,,,,,,,,false,false,true,1,,,,,,,,,,,,,,,,,,,,,,,,,,,,,,,,,true,,,,,,,,,,,,,,,,,,,,,,,,,,,,,,,,,,,,,,,,,,PvP_Arena_PreRound,,,,,,,,,,,,,,,,,,,,,,,,,,,,,,,,,,,,,,,,,,,,,,,,,,,,,,,,,,,,,,,,,,,,,,,,,,,,,,,,,,,,,,,,,,,,,,,,,,,,,,,,,,,,,,,,,,,,,,,,,,,,,,,,,,,,,,,,All,,,,,,All,,,,,,,
Mount_Dismount_Cleansing_Any,,,,,,,,,,,,,,,,,false,false,true,1,,,,,,,,,,,,,,,,,,,,,,,,,,,,,,,,,,,,,true,,,,,,,,,,,,,,,,,,,,,,,,,,,,,,,,,,,,,,,,,,,,,,,,,,,,,,,,,,,,,,,,,,,,,,,,,,,,,,,,,,,,,,,,,,,,,,,,,,,,,,,,,,,,,,,,,,,,,,,,,,,,,,,,,,,,,,,,,,,,,,,,,,,,,,,,,3,,,AbilitySpecific,,Debuff,,,,,,,,,,,,,,,,,,,,,,,,,,,,,
Mount_Dismount_Cleansing_Voluntary,,,,,,,,,,,,,,,,,false,false,true,1,,,,,,,,,,,,,,,,,,,,,,,,,,,,,,,,,,,,,true,,,,,,,,,,,,,,,,,,,,,,,,,,,,,,,,,,,,,,,,,,,,,,,,,,,,,,,,,,,,,,,,,,,,,,,,,,,,,,Voluntary,,,,,,,,,,,,,,,,,,,,,,,,,,,,,,,,,,,,,,,,,,,,,,,,,,,,,,,,,,,,,,,,,,,,,,,,,,,3,,,AbilitySpecific,,Debuff,,,,,,,,,,,,,,,,,,,,,,,,,,,,,
Mount_Dismount_Cleansing_Combat_Small,,,,,,,,,,,,,,,,,false,false,true,1,,,,,,,,,,,,,,,,,,,,,,,,,,,,,,,,,,,,,true,,,,,,,,,,,,,,,,,,,,,,,,,,,,,,,,,,,,,,,,,,,,,,,,,,,,,,,,,,,,,,,,,,,,,,,,,,,,,,Combat,,,,,,,,,,,,,,,,,,,,,,,,,,,,,,,,,,,,,,,,,,,,,,,,,,,,,,,,,,,,,,,,,,,,,,,,,,,3,,,AbilitySpecific,,Debilitate,,,,,,,,,,,,,,,,,,,,,,,,,,,,,
Mount_Dismount_Cleansing_Combat_Med,,,,,,,,,,,,,,,,,false,false,true,1,,,,,,,,,,,,,,,,,,,,,,,,,,,,,,,,,,,,,true,,,,,,,,,,,,,,,,,,,,,,,,,,,,,,,,,,,,,,,,,,,,,,,,,,,,,,,,,,,,,,,,,,,,,,,,,,,,,,Combat,,,,,,,,,,,,,,,,,,,,,,,,,,,,,,,,,,,,,,,,,,,,,,,,,,,,,,,,,,,,,,,,,,,,,,,,,,,3,,,AbilitySpecific,,DoT,,,,,,,,,,,,,,,,,,,,,,,,,,,,,
Mount_Dismount_Cleansing_Combat_Large,,,,,,,,,,,,,,,,,false,false,true,1,,,,,,,,,,,,,,,,,,,,,,,,,,,,,,,,,,,,,true,,,,,,,,,,,,,,,,,,,,,,,,,,,,,,,,,,,,,,,,,,,,,,,,,,,,,,,,,,,,,,,,,,,,,,,,,,,,,,Combat,,,,,,,,,,,,,,,,,,,,,,,,,,,,,,,,,,,,,,,,,,,,,,,,,,,,,,,,,,,,,,,,,,,,,,,,,,,3,,,AbilitySpecific,,"DoT,Debilitate",,,,,,,,,,,,,,,,,,,,,,,,,,,,,
Mount_Dismount_Empowered_Any,,,,,,,,,,,,,,,,,false,false,true,1,,,,,,,,,,,,,,,,,,,,,,,,,,,,,,,,,,,,,true,,,,,,,,,,,,,,,,,,,,,,,,,,,,,,,,,,,,,,,,,,,,,,,,,,,,,,,,,,,,,,,,,,,,,,,,,,,,,,,,,,,,,,,,,,,,,,,,,,,,,,,,,,,,,,,,,,,,,,,,,,,,,,,,,,,,,,,,,,,,,Status_Common_Empower_Mount_Large,,,,,,,,,,,,,,,,,,,,,,,,,,,,,,,,,,,,,,,,,,,,,,
Mount_Dismount_Empowered_Voluntary,,,,,,,,,,,,,,,,,false,false,true,1,,,,,,,,,,,,,,,,,,,,,,,,,,,,,,,,,,,,,true,,,,,,,,,,,,,,,,,,,,,,,,,,,,,,,,,,,,,,,,,,,,,,,,,,,,,,,,,,,,,,,,,,,,,,,,,,,,,,Voluntary,,,,,,,,,,,,,,,,,,,,,,,,,,,,,,,,,,,,,,,,,,,,,,,,,,,,,,,,,,,,,,,Status_Common_Empower_Mount_Large,,,,,,,,,,,,,,,,,,,,,,,,,,,,,,,,,,,,,,,,,,,,,,
Mount_Dismount_Empowered_Combat_Small,,,,,,,,,,,,,,,,,false,false,true,1,,,,,,,,,,,,,,,,,,,,,,,,,,,,,,,,,,,,,true,,,,,,,,,,,,,,,,,,,,,,,,,,,,,,,,,,,,,,,,,,,,,,,,,,,,,,,,,,,,,,,,,,,,,,,,,,,,,,Combat,,,,,,,,,,,,,,,,,,,,,,,,,,,,,,,,,,,,,,,,,,,,,,,,,,,,,,,,,,,,,,,Status_Common_Empower_Mount_Small,,,,,,,,,,,,,,,,,,,,,,,,,,,,,,,,,,,,,,,,,,,,,,
Mount_Dismount_Empowered_Combat_Med,,,,,,,,,,,,,,,,,false,false,true,1,,,,,,,,,,,,,,,,,,,,,,,,,,,,,,,,,,,,,true,,,,,,,,,,,,,,,,,,,,,,,,,,,,,,,,,,,,,,,,,,,,,,,,,,,,,,,,,,,,,,,,,,,,,,,,,,,,,,Combat,,,,,,,,,,,,,,,,,,,,,,,,,,,,,,,,,,,,,,,,,,,,,,,,,,,,,,,,,,,,,,,Status_Common_Empower_Mount_Med,,,,,,,,,,,,,,,,,,,,,,,,,,,,,,,,,,,,,,,,,,,,,,
Mount_Dismount_Empowered_Combat_Large,,,,,,,,,,,,,,,,,false,false,true,1,,,,,,,,,,,,,,,,,,,,,,,,,,,,,,,,,,,,,true,,,,,,,,,,,,,,,,,,,,,,,,,,,,,,,,,,,,,,,,,,,,,,,,,,,,,,,,,,,,,,,,,,,,,,,,,,,,,,Combat,,,,,,,,,,,,,,,,,,,,,,,,,,,,,,,,,,,,,,,,,,,,,,,,,,,,,,,,,,,,,,,Status_Common_Empower_Mount_Large,,,,,,,,,,,,,,,,,,,,,,,,,,,,,,,,,,,,,,,,,,,,,,
Mount_Dismount_Fortify_Any,,,,,,,,,,,,,,,,,false,false,true,1,,,,,,,,,,,,,,,,,,,,,,,,,,,,,,,,,,,,,true,,,,,,,,,,,,,,,,,,,,,,,,,,,,,,,,,,,,,,,,,,,,,,,,,,,,,,,,,,,,,,,,,,,,,,,,,,,,,,,,,,,,,,,,,,,,,,,,,,,,,,,,,,,,,,,,,,,,,,,,,,,,,,,,,,,,,,,,,,,,,Status_Common_Fortify_Mount_Large,,,,,,,,,,,,,,,,,,,,,,,,,,,,,,,,,,,,,,,,,,,,,,
Mount_Dismount_Fortify_Voluntary,,,,,,,,,,,,,,,,,false,false,true,1,,,,,,,,,,,,,,,,,,,,,,,,,,,,,,,,,,,,,true,,,,,,,,,,,,,,,,,,,,,,,,,,,,,,,,,,,,,,,,,,,,,,,,,,,,,,,,,,,,,,,,,,,,,,,,,,,,,,Voluntary,,,,,,,,,,,,,,,,,,,,,,,,,,,,,,,,,,,,,,,,,,,,,,,,,,,,,,,,,,,,,,,Status_Common_Fortify_Mount_Large,,,,,,,,,,,,,,,,,,,,,,,,,,,,,,,,,,,,,,,,,,,,,,
Mount_Dismount_Fortify_Combat_Small,,,,,,,,,,,,,,,,,false,false,true,1,,,,,,,,,,,,,,,,,,,,,,,,,,,,,,,,,,,,,true,,,,,,,,,,,,,,,,,,,,,,,,,,,,,,,,,,,,,,,,,,,,,,,,,,,,,,,,,,,,,,,,,,,,,,,,,,,,,,Combat,,,,,,,,,,,,,,,,,,,,,,,,,,,,,,,,,,,,,,,,,,,,,,,,,,,,,,,,,,,,,,,Status_Common_Fortify_Mount_Small,,,,,,,,,,,,,,,,,,,,,,,,,,,,,,,,,,,,,,,,,,,,,,
Mount_Dismount_Fortify_Combat_Med,,,,,,,,,,,,,,,,,false,false,true,1,,,,,,,,,,,,,,,,,,,,,,,,,,,,,,,,,,,,,true,,,,,,,,,,,,,,,,,,,,,,,,,,,,,,,,,,,,,,,,,,,,,,,,,,,,,,,,,,,,,,,,,,,,,,,,,,,,,,Combat,,,,,,,,,,,,,,,,,,,,,,,,,,,,,,,,,,,,,,,,,,,,,,,,,,,,,,,,,,,,,,,Status_Common_Fortify_Mount_Med,,,,,,,,,,,,,,,,,,,,,,,,,,,,,,,,,,,,,,,,,,,,,,
Mount_Dismount_Fortify_Combat_Large,,,,,,,,,,,,,,,,,false,false,true,1,,,,,,,,,,,,,,,,,,,,,,,,,,,,,,,,,,,,,true,,,,,,,,,,,,,,,,,,,,,,,,,,,,,,,,,,,,,,,,,,,,,,,,,,,,,,,,,,,,,,,,,,,,,,,,,,,,,,Combat,,,,,,,,,,,,,,,,,,,,,,,,,,,,,,,,,,,,,,,,,,,,,,,,,,,,,,,,,,,,,,,Status_Common_Fortify_Mount_Large,,,,,,,,,,,,,,,,,,,,,,,,,,,,,,,,,,,,,,,,,,,,,,
Mount_Dismount_Haste_Any,,,,,,,,,,,,,,,,,false,false,true,1,,,,,,,,,,,,,,,,,,,,,,,,,,,,,,,,,,,,,true,,,,,,,,,,,,,,,,,,,,,,,,,,,,,,,,,,,,,,,,,,,,,,,,,,,,,,,,,,,,,,,,,,,,,,,,,,,,,,,,,,,,,,,,,,,,,,,,,,,,,,,,,,,,,,,,,,,,,,,,,,,,,,,,,,,,,,,,,,,,,Status_Common_Haste_Mount_Large,,,,,,,,,,,,,,,,,,,,,,,,,,,,,,,,,,,,,,,,,,,,,,
Mount_Dismount_Haste_Voluntary,,,,,,,,,,,,,,,,,false,false,true,1,,,,,,,,,,,,,,,,,,,,,,,,,,,,,,,,,,,,,true,,,,,,,,,,,,,,,,,,,,,,,,,,,,,,,,,,,,,,,,,,,,,,,,,,,,,,,,,,,,,,,,,,,,,,,,,,,,,,Voluntary,,,,,,,,,,,,,,,,,,,,,,,,,,,,,,,,,,,,,,,,,,,,,,,,,,,,,,,,,,,,,,,Status_Common_Haste_Mount_Large,,,,,,,,,,,,,,,,,,,,,,,,,,,,,,,,,,,,,,,,,,,,,,
Mount_Dismount_Haste_Combat_Small,,,,,,,,,,,,,,,,,false,false,true,1,,,,,,,,,,,,,,,,,,,,,,,,,,,,,,,,,,,,,true,,,,,,,,,,,,,,,,,,,,,,,,,,,,,,,,,,,,,,,,,,,,,,,,,,,,,,,,,,,,,,,,,,,,,,,,,,,,,,Combat,,,,,,,,,,,,,,,,,,,,,,,,,,,,,,,,,,,,,,,,,,,,,,,,,,,,,,,,,,,,,,,Status_Common_Haste_Mount_Small,,,,,,,,,,,,,,,,,,,,,,,,,,,,,,,,,,,,,,,,,,,,,,
Mount_Dismount_Haste_Combat_Med,,,,,,,,,,,,,,,,,false,false,true,1,,,,,,,,,,,,,,,,,,,,,,,,,,,,,,,,,,,,,true,,,,,,,,,,,,,,,,,,,,,,,,,,,,,,,,,,,,,,,,,,,,,,,,,,,,,,,,,,,,,,,,,,,,,,,,,,,,,,Combat,,,,,,,,,,,,,,,,,,,,,,,,,,,,,,,,,,,,,,,,,,,,,,,,,,,,,,,,,,,,,,,Status_Common_Haste_Mount_Med,,,,,,,,,,,,,,,,,,,,,,,,,,,,,,,,,,,,,,,,,,,,,,
Mount_Dismount_Haste_Combat_Large,,,,,,,,,,,,,,,,,false,false,true,1,,,,,,,,,,,,,,,,,,,,,,,,,,,,,,,,,,,,,true,,,,,,,,,,,,,,,,,,,,,,,,,,,,,,,,,,,,,,,,,,,,,,,,,,,,,,,,,,,,,,,,,,,,,,,,,,,,,,Combat,,,,,,,,,,,,,,,,,,,,,,,,,,,,,,,,,,,,,,,,,,,,,,,,,,,,,,,,,,,,,,,Status_Common_Haste_Mount_Large,,,,,,,,,,,,,,,,,,,,,,,,,,,,,,,,,,,,,,,,,,,,,,
Mount_Dismount_Healing_Any,,,,,,,,,,,,,,,,,false,false,true,1,,,,,,,,,,,,,,,,,,,,,,,,,,,,,,,,,,,,,true,,,,,,,,,,,,,,,,,,,,,,,,,,,,,,,,,,,,,,,,,,,,,,,,,,,,,,,,,,,,,,,,,,,,,,,,,,,,,,,,,,,,,,,,,,,,,,,,,,,,,,,,,,,,,,,,,,,,,,,,,,,,,,,,,,,,,,,,,,,,,Status_Common_Heal_Mount_Large,,,,,,,,,,,,,,,,,,,,,,,,,,,,,,,,,,,,,,,,,,,,,,
Mount_Dismount_Healing_Voluntary,,,,,,,,,,,,,,,,,false,false,true,1,,,,,,,,,,,,,,,,,,,,,,,,,,,,,,,,,,,,,true,,,,,,,,,,,,,,,,,,,,,,,,,,,,,,,,,,,,,,,,,,,,,,,,,,,,,,,,,,,,,,,,,,,,,,,,,,,,,,Voluntary,,,,,,,,,,,,,,,,,,,,,,,,,,,,,,,,,,,,,,,,,,,,,,,,,,,,,,,,,,,,,,,Status_Common_Heal_Mount_Large,,,,,,,,,,,,,,,,,,,,,,,,,,,,,,,,,,,,,,,,,,,,,,
Mount_Dismount_Healing_Combat_Small,,,,,,,,,,,,,,,,,false,false,true,1,,,,,,,,,,,,,,,,,,,,,,,,,,,,,,,,,,,,,true,,,,,,,,,,,,,,,,,,,,,,,,,,,,,,,,,,,,,,,,,,,,,,,,,,,,,,,,,,,,,,,,,,,,,,,,,,,,,,Combat,,,,,,,,,,,,,,,,,,,,,,,,,,,,,,,,,,,,,,,,,,,,,,,,,,,,,,,,,,,,,,,Status_Common_Heal_Mount_Small,,,,,,,,,,,,,,,,,,,,,,,,,,,,,,,,,,,,,,,,,,,,,,
Mount_Dismount_Healing_Combat_Med,,,,,,,,,,,,,,,,,false,false,true,1,,,,,,,,,,,,,,,,,,,,,,,,,,,,,,,,,,,,,true,,,,,,,,,,,,,,,,,,,,,,,,,,,,,,,,,,,,,,,,,,,,,,,,,,,,,,,,,,,,,,,,,,,,,,,,,,,,,,Combat,,,,,,,,,,,,,,,,,,,,,,,,,,,,,,,,,,,,,,,,,,,,,,,,,,,,,,,,,,,,,,,Status_Common_Heal_Mount_Med,,,,,,,,,,,,,,,,,,,,,,,,,,,,,,,,,,,,,,,,,,,,,,
Mount_Dismount_Healing_Combat_Large,,,,,,,,,,,,,,,,,false,false,true,1,,,,,,,,,,,,,,,,,,,,,,,,,,,,,,,,,,,,,true,,,,,,,,,,,,,,,,,,,,,,,,,,,,,,,,,,,,,,,,,,,,,,,,,,,,,,,,,,,,,,,,,,,,,,,,,,,,,,Combat,,,,,,,,,,,,,,,,,,,,,,,,,,,,,,,,,,,,,,,,,,,,,,,,,,,,,,,,,,,,,,,Status_Common_Heal_Mount_Large,,,,,,,,,,,,,,,,,,,,,,,,,,,,,,,,,,,,,,,,,,,,,,
AbilityID_ArtemisBoonPotionD1_T1,,,,,,,,,RemoveSpores,,,,,,,,false,false,false,,,,,,,false,false,false,false,false,false,false,false,false,false,false,false,false,false,false,false,false,false,,,,false,,,,,,true,,,,,,,,,,,,,,,,,,,,,,,,,,,,,,,,,,,,,SporeSickness,,,,,SporeSickness,,,,,,,,,,,,,,,,,,,,,,,,,,,,,,,,,,,,,,,,,,,,,,,,,,,,,,,,,,,,,,,,,,,,,,,,,,,,,,,,,,,,,,,,,,,,,,,,,,,,,,,"SE_ArtemisBoonSecondaryD1_T1,RemoveSpores",,,,false,,,,,,,,,,,,,,,,,,,,,,,,,,,,,,,,,,,,,,,,,,
AbilityID_ArtemisBoonPotionD1_T2,,,,,,,,,RemoveSpores,,,,,,,,false,false,false,,,,,,,false,false,false,false,false,false,false,false,false,false,false,false,false,false,false,false,false,false,,,,false,,,,,,true,,,,,,,,,,,,,,,,,,,,,,,,,,,,,,,,,,,,,SporeSickness,,,,,SporeSickness,,,,,,,,,,,,,,,,,,,,,,,,,,,,,,,,,,,,,,,,,,,,,,,,,,,,,,,,,,,,,,,,,,,,,,,,,,,,,,,,,,,,,,,,,,,,,,,,,,,,,,,"SE_ArtemisBoonSecondaryD1_T2,RemoveSpores",,,,false,,,,,,,,,,,,,,,,,,,,,,,,,,,,,,,,,,,,,,,,,,
AbilityID_ArtemisBoonPotionD2_T2,,,,,,,,,RemoveSpores,,,,,,,,false,false,false,,,,,,,false,false,false,false,false,false,false,false,false,false,false,false,false,false,false,false,false,false,,,,false,,,,,,true,,,,,,,,,,,,,,,,,,,,,,,,,,,,,,,,,,,,,SporeSickness,,,,,SporeSickness,,,,,,,,,,,,,,,,,,,,,,,,,,,,,,,,,,,,,,,,,,,,,,,,,,,,,,,,,,,,,,,,,,,,,,,,,,,,,,,,,,,,,,,,,,,,,,,,,,,,,,,"SE_ArtemisBoonSecondaryD2_T2,RemoveSpores",,,,false,,,,,,,,,,,,,,,,,,,,,,,,,,,,,,,,,,,,,,,,,,
AbilityID_ArtemisBoonPotionD2_T3,,,,,,,,,RemoveSpores,,,,,,,,false,false,false,,,,,,,false,false,false,false,false,false,false,false,false,false,false,false,false,false,false,false,false,false,,,,false,,,,,,true,,,,,,,,,,,,,,,,,,,,,,,,,,,,,,,,,,,,,SporeSickness,,,,,SporeSickness,,,,,,,,,,,,,,,,,,,,,,,,,,,,,,,,,,,,,,,,,,,,,,,,,,,,,,,,,,,,,,,,,,,,,,,,,,,,,,,,,,,,,,,,,,,,,,,,,,,,,,,"SE_ArtemisBoonSecondaryD2_T3,RemoveSpores",,,,false,,,,,,,,,,,,,,,,,,,,,,,,,,,,,,,,,,,,,,,,,,
AbilityID_ArtemisBoonPotionD3_T3,,,,,,,,,RemoveSpores,,,,,,,,false,false,false,,,,,,,false,false,false,false,false,false,false,false,false,false,false,false,false,false,false,false,false,false,,,,false,,,,,,true,,,,,,,,,,,,,,,,,,,,,,,,,,,,,,,,,,,,,SporeSickness,,,,,SporeSickness,,,,,,,,,,,,,,,,,,,,,,,,,,,,,,,,,,,,,,,,,,,,,,,,,,,,,,,,,,,,,,,,,,,,,,,,,,,,,,,,,,,,,,,,,,,,,,,,,,,,,,,"SE_ArtemisBoonSecondaryD3_T3,RemoveSpores",,,,false,,,,,,,,,,,,,,,,,,,,,,,,,,,,,,,,,,,,,,,,,,
AbilityID_ArtemisBoonPotionD3_T4,,,,,,,,,RemoveSpores,,,,,,,,false,false,false,,,,,,,false,false,false,false,false,false,false,false,false,false,false,false,false,false,false,false,false,false,,,,false,,,,,,true,,,,,,,,,,,,,,,,,,,,,,,,,,,,,,,,,,,,,SporeSickness,,,,,SporeSickness,,,,,,,,,,,,,,,,,,,,,,,,,,,,,,,,,,,,,,,,,,,,,,,,,,,,,,,,,,,,,,,,,,,,,,,,,,,,,,,,,,,,,,,,,,,,,,,,,,,,,,,"SE_ArtemisBoonSecondaryD3_T4,RemoveSpores",,,,false,,,,,,,,,,,,,,,,,,,,,,,,,,,,,,,,,,,,,,,,,,
AbilityID_ArtemisBoonPotionD4_T4,,,,,,,,,RemoveSpores,,,,,,,,false,false,false,,,,,,,false,false,false,false,false,false,false,false,false,false,false,false,false,false,false,false,false,false,,,,false,,,,,,true,,,,,,,,,,,,,,,,,,,,,,,,,,,,,,,,,,,,,SporeSickness,,,,,SporeSickness,,,,,,,,,,,,,,,,,,,,,,,,,,,,,,,,,,,,,,,,,,,,,,,,,,,,,,,,,,,,,,,,,,,,,,,,,,,,,,,,,,,,,,,,,,,,,,,,,,,,,,,"SE_ArtemisBoonSecondaryD4_T4,RemoveSpores",,,,false,,,,,,,,,,,,,,,,,,,,,,,,,,,,,,,,,,,,,,,,,,
AbilityID_ArtemisBoonPotionD5_T5,,,,,,,,,RemoveSpores,,,,,,,,false,false,false,,,,,,,false,false,false,false,false,false,false,false,false,false,false,false,false,false,false,false,false,false,,,,false,,,,,,true,,,,,,,,,,,,,,,,,,,,,,,,,,,,,,,,,,,,,SporeSickness,,,,,SporeSickness,,,,,,,,,,,,,,,,,,,,,,,,,,,,,,,,,,,,,,,,,,,,,,,,,,,,,,,,,,,,,,,,,,,,,,,,,,,,,,,,,,,,,,,,,,,,,,,,,,,,,,,"SE_ArtemisBoonSecondaryD5_T5,RemoveSpores",,,,false,,,,,,,,,,,,,,,,,,,,,,,,,,,,,,,,,,,,,,,,,,
AbilityID_DemeterBoonPotionD1_T1,,,,,,,,,RemoveSpores,,,,,,,,false,false,false,,,,,,,false,false,false,false,false,false,false,false,false,false,false,false,false,false,false,false,false,false,,,,false,,,,,,true,,,,,,,,,,,,,,,,,,,,,,,,,,,,,,,,,,,,,SporeSickness,,,,,SporeSickness,,,,,,,,,,,,,,,,,,,,,,,,,,,,,,,,,,,,,,,,,,,,,,,,,,,,,,,,,,,,,,,,,,,,,,,,,,,,,,,,,,,,,,,,,,,,,,,,,,,,,,,"SE_DemeterBoonSecondaryD1_T1,RemoveSpores",,,,false,,,,,,,,,,,,,,,,,,,,,,,,,,,,,,,,,,,,,,,,,,
AbilityID_DemeterBoonPotionD1_T2,,,,,,,,,RemoveSpores,,,,,,,,false,false,false,,,,,,,false,false,false,false,false,false,false,false,false,false,false,false,false,false,false,false,false,false,,,,false,,,,,,true,,,,,,,,,,,,,,,,,,,,,,,,,,,,,,,,,,,,,SporeSickness,,,,,SporeSickness,,,,,,,,,,,,,,,,,,,,,,,,,,,,,,,,,,,,,,,,,,,,,,,,,,,,,,,,,,,,,,,,,,,,,,,,,,,,,,,,,,,,,,,,,,,,,,,,,,,,,,,"SE_DemeterBoonSecondaryD1_T2,RemoveSpores",,,,false,,,,,,,,,,,,,,,,,,,,,,,,,,,,,,,,,,,,,,,,,,
AbilityID_DemeterBoonPotionD2_T2,,,,,,,,,RemoveSpores,,,,,,,,false,false,false,,,,,,,false,false,false,false,false,false,false,false,false,false,false,false,false,false,false,false,false,false,,,,false,,,,,,true,,,,,,,,,,,,,,,,,,,,,,,,,,,,,,,,,,,,,SporeSickness,,,,,SporeSickness,,,,,,,,,,,,,,,,,,,,,,,,,,,,,,,,,,,,,,,,,,,,,,,,,,,,,,,,,,,,,,,,,,,,,,,,,,,,,,,,,,,,,,,,,,,,,,,,,,,,,,,"SE_DemeterBoonSecondaryD2_T2,RemoveSpores",,,,false,,,,,,,,,,,,,,,,,,,,,,,,,,,,,,,,,,,,,,,,,,
AbilityID_DemeterBoonPotionD2_T3,,,,,,,,,RemoveSpores,,,,,,,,false,false,false,,,,,,,false,false,false,false,false,false,false,false,false,false,false,false,false,false,false,false,false,false,,,,false,,,,,,true,,,,,,,,,,,,,,,,,,,,,,,,,,,,,,,,,,,,,SporeSickness,,,,,SporeSickness,,,,,,,,,,,,,,,,,,,,,,,,,,,,,,,,,,,,,,,,,,,,,,,,,,,,,,,,,,,,,,,,,,,,,,,,,,,,,,,,,,,,,,,,,,,,,,,,,,,,,,,"SE_DemeterBoonSecondaryD2_T3,RemoveSpores",,,,false,,,,,,,,,,,,,,,,,,,,,,,,,,,,,,,,,,,,,,,,,,
AbilityID_DemeterBoonPotionD3_T3,,,,,,,,,RemoveSpores,,,,,,,,false,false,false,,,,,,,false,false,false,false,false,false,false,false,false,false,false,false,false,false,false,false,false,false,,,,false,,,,,,true,,,,,,,,,,,,,,,,,,,,,,,,,,,,,,,,,,,,,SporeSickness,,,,,SporeSickness,,,,,,,,,,,,,,,,,,,,,,,,,,,,,,,,,,,,,,,,,,,,,,,,,,,,,,,,,,,,,,,,,,,,,,,,,,,,,,,,,,,,,,,,,,,,,,,,,,,,,,,"SE_DemeterBoonSecondaryD3_T3,RemoveSpores",,,,false,,,,,,,,,,,,,,,,,,,,,,,,,,,,,,,,,,,,,,,,,,
AbilityID_DemeterBoonPotionD3_T4,,,,,,,,,RemoveSpores,,,,,,,,false,false,false,,,,,,,false,false,false,false,false,false,false,false,false,false,false,false,false,false,false,false,false,false,,,,false,,,,,,true,,,,,,,,,,,,,,,,,,,,,,,,,,,,,,,,,,,,,SporeSickness,,,,,SporeSickness,,,,,,,,,,,,,,,,,,,,,,,,,,,,,,,,,,,,,,,,,,,,,,,,,,,,,,,,,,,,,,,,,,,,,,,,,,,,,,,,,,,,,,,,,,,,,,,,,,,,,,,"SE_DemeterBoonSecondaryD3_T4,RemoveSpores",,,,false,,,,,,,,,,,,,,,,,,,,,,,,,,,,,,,,,,,,,,,,,,
AbilityID_DemeterBoonPotionD4_T4,,,,,,,,,RemoveSpores,,,,,,,,false,false,false,,,,,,,false,false,false,false,false,false,false,false,false,false,false,false,false,false,false,false,false,false,,,,false,,,,,,true,,,,,,,,,,,,,,,,,,,,,,,,,,,,,,,,,,,,,SporeSickness,,,,,SporeSickness,,,,,,,,,,,,,,,,,,,,,,,,,,,,,,,,,,,,,,,,,,,,,,,,,,,,,,,,,,,,,,,,,,,,,,,,,,,,,,,,,,,,,,,,,,,,,,,,,,,,,,,"SE_DemeterBoonSecondaryD4_T4,RemoveSpores",,,,false,,,,,,,,,,,,,,,,,,,,,,,,,,,,,,,,,,,,,,,,,,
AbilityID_DemeterBoonPotionD5_T5,,,,,,,,,RemoveSpores,,,,,,,,false,false,false,,,,,,,false,false,false,false,false,false,false,false,false,false,false,false,false,false,false,false,false,false,,,,false,,,,,,true,,,,,,,,,,,,,,,,,,,,,,,,,,,,,,,,,,,,,SporeSickness,,,,,SporeSickness,,,,,,,,,,,,,,,,,,,,,,,,,,,,,,,,,,,,,,,,,,,,,,,,,,,,,,,,,,,,,,,,,,,,,,,,,,,,,,,,,,,,,,,,,,,,,,,,,,,,,,,"SE_DemeterBoonSecondaryD5_T5,RemoveSpores",,,,false,,,,,,,,,,,,,,,,,,,,,,,,,,,,,,,,,,,,,,,,,,
Block_StaminaDmgReduction_Tracker,,,,,,,,,,,,,,,,,,,,,,,,,,,,,,,,,,,,,true,,,,,,,,,,,,,,,,,,,,,,,,true,,,,,,,,,,,,,,,,,,,,,,,,,,,,,,,,,Block_Spam_Reduction,,,,,,,,,,,,,,,,,,,,,,,,,,,,,,,,,,,,,,,,,,,,,,,,,,,,,,,,,,,,,,,,,,,,,,,,,,,,,,,,,,,,,,,,,,,,,,,,,,,,,,,,Block_Spam_Reduction,,,,,,,,,,,,,,,,,,,,,,,,,,,,,,,,,,,,,,,,,,,,,,
Block_StaminaDmgReduction_Reduction,,,,,,,,,,,,,,,,,,,,,,,,,,,,,,,,,,,,,true,,,,,,,,,,,,,,,,,,,,,,,,true,,,,,,,,,,,,,,,,,,,,,,,,,,,,,Block_Spam_Reduction,,,,,,,,,,,,,,,,,,,,,,,,,,,,,,,,,,,,,,,,,,,,,,,,,,,0.25,,,,,,,,,,,,,,,,,,,,,,,,,,,,,,,,,,,,,,,,,,,,,,,,,,,,,,,,,,,,,,,,,,,,,,,,,,,,,,,,,,,,,,,,,,,,,,,,,,,,,,,
