TaskID,Type,FailOnCondition,StayActive,RequiredLevel,TargetQty,ItemName,ItemDropVC,ItemDropProbability,ChestDropProbability,EnforceLocationRequirement,TerritoryID,POITag,GameModeID,LootTag,PauseAndClearLootOnTaskComplete,AwardOnlyOnce,ShouldCheckPoints,GuranteedDropAttempts,TargetThreshold,CraftingRecipeId,CraftAnyRecipe,InteractTag,UIScreenTag,TriggerAreaType,KillEnemyType,KillEnemyWeaponID,Duration,TaskBuySellType,IsPurchaseOrEarn,IsExactMatch,UseTypeAffix,TypeAffix,UseMatAffix,MatAffix,UseMagicAffix,MagicAffix,MapMarkerMapIcon,MapMarkerTitleLocTag,MapMarkerDescriptionLocTag,MapMarkerWorldPositionX,MapMarkerWorldPositionY,MapMarkerWorldDistanceThreshold,UseLargeItemDisplay,TP_TargetTag,TP_DescriptionTag,TargetDescriptionTaskId,OverrideLocation,IsHidden,HideDiegeticGatherablePins,ShowDiegeticTaskPin,DiegeticPinZOverride,SS_VariantName,SS_StatePreset,CompletedNotificationId,GridLayout,CommunityGoalTag,HideChildren,TriggerAnalyticsEvent,SubTask1,SubTask2,SubTask3,SubTask4,SubTask5
99F_MSQ_ER_GatherAllies_container,ConsecutiveTaskContainer,,,,,,,,,,,,,,,,,,,,,,,,,,,,,,,,,,,,,,,,,,,,,,,1,,,,,,,,,,,99F_MSQ_ER_GatherAllies_Sun_container,99F_MSQ_ER_GatherAllies_Wardens_container,99F_MSQ_ER_GatherAllies_Grace_container,99F_MSQ_ER_GatherAllies_Camps_container,99F_MSQ_ER_GatherAllies_Return_container
99F_MSQ_ER_GatherAllies_Sun_container,ConsecutiveTaskContainer,,,,,,,,,,,,,,,,,,,,,,,,,,,,,,,,,,,,,,,,,,,,,,,1,,,,,,,,,,,99F_MSQ_ER_GatherAllies_push,99F_MSQ_ER_GatherAllies_Failsafe_Swap_Container,99F_MSQ_ER_GatherAllies_Sun_Swap_Container,99F_MSQ_ER_GatherAllies_GoToSun,99F_MSQ_ER_GatherAllies_TalkToSun2
99F_MSQ_ER_GatherAllies_push,TaskUnlockAchievement,,,,1,ER_Start,,,,,,,,,,,,,,,,,,,,,,,,,,,,,,,,,,,,,,,,,,1,,,,,,,,,,,,,,,
99F_MSQ_ER_GatherAllies_Failsafe_Swap_Container,SimpleTaskContainer,,,,,,,,,,,,,,,,,,,,,,,,,,,,,,,,,,,,,,,,,,,,,,,1,,,,,,,,,,,99F_MSQ_ER_GatherAllies_Yonas_SwapOut,99F_MSQ_ER_GatherAllies_Yash_SwapOut,99F_MSQ_ER_GatherAllies_SliceSwap_99B_Grace_Off,,
99F_MSQ_ER_GatherAllies_Yonas_SwapOut,TaskLockAchievement,,,,1,SwapActive_MSQ_Yash_GC_H,,,,,,,,,,,,,,,,,,,,,,,,,,,,,,,,,,,,,,,,,,1,,,,,,,,,,,,,,,
99F_MSQ_ER_GatherAllies_Yash_SwapOut,TaskLockAchievement,,,,1,SwapActive_MSQ_Yonas_GC_I,,,,,,,,,,,,,,,,,,,,,,,,,,,,,,,,,,,,,,,,,,1,,,,,,,,,,,,,,,
99F_MSQ_ER_GatherAllies_SunTalkTo_container,ConsecutiveTaskContainer,,,,,,,,,,,,,,,,,,,,,,,,,,,,,,,,,,,,,,,,,,,,,,,1,,,,,,,,,,,99F_MSQ_ER_GatherAllies_SliceSwap_99B_Grace_Off,99F_MSQ_ER_GatherAllies_SliceSwap_99F_Grace_On,,,
99F_MSQ_ER_GatherAllies_SliceSwap_99B_Grace_Off,TaskLockAchievement,,,,1,SwapActive_99B_Grace_p2_On,,,,,,,,,,,,,,,,,,,,,,,,,,,,,,,,,,,,,,,,,,1,,,,,,,,,,,,,,,
99F_MSQ_ER_GatherAllies_SliceSwap_99F_Grace_On,TaskUnlockAchievement,,,,1,SwapActive_99F_Grace_p01,,,,,,,,,,,,,,,,,,,,,,,,,,,,,,,,,,,,,,,,,,1,,,,,,,,,,,,,,,
99F_MSQ_ER_GatherAllies_TalkToSun,TaskConversationTopic,,,,1,99E_Sun_p17,,,,,,,,,,,,,,,,,99F_GatherAllies_Sun_TalkTo_01,,,,,,,,,,,,,,,,,,,,,,@99F_MSQ01_GatherAllies_TalkToSun01_Desc,,9262.1973 6558.6201 330.318,,,,,,,,,,,,,,,,
99F_MSQ_ER_GatherAllies_TalkToGraceAddition,TaskConversationTopic,,,,1,99F_Grace_01,,,,,,,,,,,,,,,,,99F_GatherAllies_Grace_TalkTo_00,,,,,,,,,,,,,,,,,,,,,,@99F_MSQ01_GatherAllies_TalkToGraceAddition_Desc,,9256.1807 6563.3491 330.366,,,,,,,,,,,,,,,,
99F_MSQ_ER_GatherAllies_Sun_Swap_Container,SimpleTaskContainer,,,,,,,,,,,,,,,,,,,,,,,,,,,,,,,,,,,,,,,,,,,,,,,1,,,,,,,,,,,99F_MSQ_ER_GatherAllies_SunWalkaway,99F_MSQ_ER_GatherAllies_GraceWalkaway,99F_MSQ_ER_GatherAllies_SunSwap,,
99F_MSQ_ER_GatherAllies_SunWalkaway,TaskLockAchievement,,,,1,SwapActive_MSQ_Sun_EG_p17,,,,,,,,,,,,,,,,,,,,,,,,,,,,,,,,,,,,,,,,,,1,,,,,,,,,,,,,,,
99F_MSQ_ER_GatherAllies_GraceWalkaway,TaskLockAchievement,,,,1,SwapActive_99F_Grace_p01,,,,,,,,,,,,,,,,,,,,,,,,,,,,,,,,,,,,,,,,,,1,,,,,,,,,,,,,,,
99F_MSQ_ER_GatherAllies_SunSwap,TaskUnlockAchievement,,,,1,SwapActive_99F_Sun_p02,,,,,,,,,,,,,,,,,,,,,,,,,,,,,,,,,,,,,,,,,,1,,,,,,,,,,,,,,,
99F_MSQ_ER_GatherAllies_ShrineUnlock_container,ConsecutiveTaskContainer,,,,,,,,,,,,,,,,,,,,,,,,,,,,,,,,,,,,,,,,,,,,,,,1,,,,,,,,,,,99F_MSQ_ER_GatherAllies_ShrineUnlock1,99F_MSQ_ER_GatherAllies_ShrineUnlock2,99F_MSQ_ER_GatherAllies_Partial_container,99F_MSQ_ER_GatherAllies_GoToSun,
99F_MSQ_ER_GatherAllies_ShrineUnlock1,TaskUnlockAchievement,,,,1,spiritshrine_09_42002_discovered,,,,,,,,,,,,,,,,,,,,,,,,,,,,,,,,,,,,,,,,,,1,,,,,,,,,,,,,,,
99F_MSQ_ER_GatherAllies_ShrineUnlock2,TaskUnlockAchievement,,,,1,spiritshrine_09_42002_charted,,,,,,,,,,,,,,,,,,,,,,,,,,,,,,,,,,,,,,,,,,1,,,,,,,,,,,,,,,
99F_MSQ_ER_GatherAllies_Partial_container,PartialTaskContainer,,,,,,,,,,,,,,,,,,,,,,,,,,,,,,,,,,,,,,,,,,,,,,,1,,,,,,,,,,,99F_MSQ_ER_GatherAllies_GoToSun,99F_MSQ_ER_GatherAllies_ShrineOptional,,,
99F_MSQ_ER_GatherAllies_ShrineOptional,TaskGoToPOITag,,,,1,,,,,true,,spiritshrine_09_42002,,,,,,,,,,,,,,,,,,,,,,,,,,,,,,,,,@99F_MSQ01_GatherAllies_ShrineOptional,,,,,,,,,,,,,,,,,,
99F_MSQ_ER_GatherAllies_GoToSun,TaskTriggerArea,,,,1,,,,,,,,,,,,,,,,,,,Enter,,,,,,,,,,,,,,,,,,,,99F_GatherAllies_GoToSun,@99F_MSQ01_GatherAllies_FollowSun_Desc,,8237.054688 5691.176758 97.283096,,,,,,,,,,,,,,,,
99F_MSQ_ER_GatherAllies_TalkToSun2,TaskConversationTopic,,,,1,99F_Sun_02,,,,,,,,,,,,,,,,,99F_GatherAllies_Sun_TalkTo_02,,,,,,,,,,,,,,,,,,,,,,@99F_MSQ01_GatherAllies_TalkToSun02_Desc,,,,,,,,,,,,,,,,,,
99F_MSQ_ER_GatherAllies_FindWardens,TaskTriggerArea,,,,1,,,,,,,,,,,,,,,,,,,Enter,,,,,,,,,,,,,,,,,,,,99F_GatherAllies_FindWardens,@99F_MSQ01_GatherAllies_FindWardens_Desc,,8062.448730 5638.454102 62.351349,,,,,,,,,,,,,,,,
99F_MSQ_ER_GatherAllies_Wardens_container,ConsecutiveTaskContainer,,,,,,,,,,,,,,,,,,,,,,,,,,,,,,,,,,,,,,,,,,,,,,,1,,,,,,,,,,,99F_MSQ_ER_GatherAllies_Warden1_container,99F_MSQ_ER_GatherAllies_Warden2_container,,,
99F_MSQ_ER_GatherAllies_Warden1_container,ConsecutiveTaskContainer,,,,,,,,,,,,,,,,,,,,,,,,,,,,,,,,,,,,,,,,,,,,,,,1,,,,,,,,,,,99F_MSQ_ER_GatherAllies_SamirSwapIn,99F_MSQ_ER_GatherAllies_FindWardens,99F_MSQ_ER_GatherAllies_TalkToSamirSave,99F_MSQ_ER_GatherAllies_SamirWalkaway,
99F_MSQ_ER_GatherAllies_SamirSwapIn,TaskUnlockAchievement,,,,1,SwapActive_99F_Samir_p00,,,,,,,,,,,,,,,,,,,,,,,,,,,,,,,,,,,,,,,,,,1,,,,,,,,,,,,,,,
99F_MSQ_ER_GatherAllies_TalkToSamirSave,TaskConversationTopic,,,,1,99F_Samir_00,,,,,,,,,,,,,,,,,99F_GatherAllies_Samir_TalkTo_00,,,,,,,,,,,,,,,,,,,,,,@99F_MSQ01_GatherAllies_FreeSamir_Desc,,8056.944824 5640.135742 62.310730,,,,,,,,,,,,,,,,
99F_MSQ_ER_GatherAllies_SamirWalkaway,TaskLockAchievement,,,,1,SwapActive_99F_Samir_p00,,,,,,,,,,,,,,,,,,,,,,,,,,,,,,,,,,,,,,,,,,1,,,,,,,,,,,,,,,
99F_MSQ_ER_GatherAllies_FreeSamir,TaskGameEvent,,,,1,99F_MSQ_01_Free_Samir,,,,,,,,,true,,,,,,,IO_99F_MSQ_01_Free_Samir,,,99F_MSQ_01_Free_Samir_interact,,,,,,,,,,,,,,,,,,,,@99F_MSQ01_GatherAllies_FreeSamir_Desc,,8056.944824 5640.135742 62.310730,,,,,,,,,,,,,,,,
99F_MSQ_ER_GatherAllies_SamirSubtitle,TaskTriggerGameEvent,,,,1,,,,,,,,,,,,,,,,,,,,12A_MSQ_07_Miner1_subtitle_interact,,,,,,,,,,,,,,,,,,,,,,,1,TRUE,,,,,,,,,,,,,,
99F_MSQ_ER_GatherAllies_Warden2_container,ConsecutiveTaskContainer,,,,,,,,,,,,,,,,,,,,,,,,,,,,,,,,,,,,,,,,,,,,,,,1,,,,,,,,,,,99F_MSQ_ER_GatherAllies_WayneSwapIn,99F_MSQ_ER_GatherAllies_TalkToWayneSave,99F_MSQ_ER_GatherAllies_WayneWalkaway,,
99F_MSQ_ER_GatherAllies_WayneSwapIn,TaskUnlockAchievement,,,,1,SwapActive_99F_Wayne_p00,,,,,,,,,,,,,,,,,,,,,,,,,,,,,,,,,,,,,,,,,,1,,,,,,,,,,,,,,,
99F_MSQ_ER_GatherAllies_TalkToWayneSave,TaskConversationTopic,,,,1,99F_Wayne_00,,,,,,,,,,,,,,,,,99F_GatherAllies_Wayne_TalkTo_00,,,,,,,,,,,,,,,,,,,,,,@99F_MSQ01_GatherAllies_FreeWayne_Desc,,7962.920410 5774.971680 106.396713,,,,,,,,,,,,,,,,
99F_MSQ_ER_GatherAllies_WayneWalkaway,TaskLockAchievement,,,,1,SwapActive_99F_Wayne_p00,,,,,,,,,,,,,,,,,,,,,,,,,,,,,,,,,,,,,,,,,,1,,,,,,,,,,,,,,,
99F_MSQ_ER_GatherAllies_FreeWayne,TaskGameEvent,,,,1,99F_MSQ_01_Free_Wayne,,,,,,,,,true,,,,,,,IO_99F_MSQ_01_Free_Wayne,,,99F_MSQ_01_Free_Wayne_interact,,,,,,,,,,,,,,,,,,,,@99F_MSQ01_GatherAllies_FreeWayne_Desc,,7962.920410 5774.971680 106.396713,,,,,,,,,,,,,,,,
99F_MSQ_ER_GatherAllies_WayneSubtitle,TaskTriggerGameEvent,,,,1,,,,,,,,,,,,,,,,,,,,12A_MSQ_07_Miner1_subtitle_interact,,,,,,,,,,,,,,,,,,,,,,,1,TRUE,,,,,,,,,,,,,,
99F_MSQ_ER_GatherAllies_Grace_container,ConsecutiveTaskContainer,,,,,,,,,,,,,,,,,,,,,,,,,,,,,,,,,,,,,,,,,,,,,,,1,,,,,,,,,,,99F_MSQ_ER_GatherAllies_Grace_SwapIn,99F_MSQ_ER_GatherAllies_GoToGrace,99F_MSQ_ER_GatherAllies_TalkToGrace,99F_MSQ_ER_GatherAllies_LeaveGrace,99F_MSQ_ER_GatherAllies_Trigger_Whispers
99F_MSQ_ER_GatherAllies_Grace_SwapIn,TaskUnlockAchievement,,,,1,SwapActive_99F_Grace_p02,,,,,,,,,,,,,,,,,,,,,,,,,,,,,,,,,,,,,,,,,,1,,,,,,,,,,,,,,,
99F_MSQ_ER_GatherAllies_GoToGrace,TaskTriggerArea,,,,1,,,,,,,,,,,,,,,,,,,Enter,,,,,,,,,,,,,,,,,,,,99F_GatherAllies_GoToGrace,@99F_MSQ01_GatherAllies_FindGrace_Desc,,8134.162598 5983.628418 136.819244,,,,,,,,,,,,,,,,
99F_MSQ_ER_GatherAllies_TalkToGrace,TaskConversationTopic,,,,1,99F_Grace_02,,,,,,,,,,,,,,,,,99F_GatherAllies_Grace_TalkTo_01,,,,,,,,,,,,,,,,,,,,,,@99F_MSQ01_GatherAllies_TalkToGrace01_Desc,,,,,,,,,,,,,,,,,,
99F_MSQ_ER_GatherAllies_LeaveGrace,TaskTriggerArea,,,,1,,,,,,,,,,,,,,,,,,,Leave,,,,,,,,,,,,,,,,,,,,99F_GatherAllies_GoToGrace,@99F_MSQ01_GatherAllies_CampContainer_Desc,,8132.888672 6414.255371 183.573456,,,,,,,,,,,,,,,,
99F_MSQ_ER_GatherAllies_TempTimer,TaskTimer,,,,,,,,,,,,,,,,,,,,,,,,,,5,,,,,,,,,,,,,,,,,,@99F_MSQ01_GatherAllies_CampContainer_Desc,,,,,,,,,,,,,,,,,,
99F_MSQ_ER_GatherAllies_Trigger_Whispers,TaskTriggerGameEvent,,,,1,,,,,,,,,,,,,,,,,,,,99F_MSQ_ER_GatherAllies_Isabella_A_Whisper,,,,,,,,,,,,,,,,,,,,@99F_MSQ01_GatherAllies_CampContainer_Desc,,,,,,,,,,,,,,,,,,
99F_MSQ_ER_GatherAllies_Camps_container,SimpleTaskContainer,,,,,,,,,,,,,,,,,,,,,,,,,,,,,,,,,,,,,,,,,,,,@99F_MSQ01_GatherAllies_CampContainer_Desc,,,,,,,,,,,,,,99F_MSQ_ER_GatherAllies_Camps1_container,99F_MSQ_ER_GatherAllies_Camps2_container,99F_MSQ_ER_GatherAllies_KillCorrupted,,
99F_MSQ_ER_GatherAllies_KillCorrupted,TaskKillContribution,,,,4,,,,,,,,,,,,,,,,,,,,Corrupted,,,,,,,,,,,,,,,,,,,,@99F_MSQ05_MeetEmpress_StopCorruptWave_Desc,,,,,,,,,,,,,,,,,,
99F_MSQ_ER_GatherAllies_Camps1_container,ConsecutiveTaskContainer,,,,,,,,,,,,,,,,,,,,,,,,,,,,,,,,,,,,,,,,,,,,@99F_MSQ01_GatherAllies_CampContainer_Desc,,,1,,,,,,,,,,,99F_MSQ_ER_GatherAllies_GoToCamp1,99F_MSQ_ER_GatherAllies_CollectFlag1,99F_MSQ_ER_GatherAllies_Camp1_Whispers,,
99F_MSQ_ER_GatherAllies_GoToCamp1,TaskTriggerArea,,,,1,,,,,,,,,,,,,,,,,,,Enter,,,,,,,,,,,,,,,,,,,,99F_GatherAllies_GoToWestCamp,@99F_MSQ01_GatherAllies_CorruptedCamp01_Desc,,8132.888672 6414.255371 183.573456,,,,,,,,,,,,,,,,
99F_MSQ_ER_GatherAllies_CollectFlag1,TaskGatherAndReturnItems,,,,3,99F_ER_Flag_Piece_01,99F_MSQ_01_Flag_Piece_01,100,,,,,,,true,,,,,,,IO_99F_MSQ_01_Flag_Piece_01,,,99F_MSQ_01_Flag_Piece_01_interact,,,,,,,,,,,,,,,,,,,,@99F_MSQ01_GatherAllies_GetFlagPieces01_Desc,,8128.161621 6417.482422 183.973511,,,,,,,,,,,,,,,,
99F_MSQ_ER_GatherAllies_Camp1_Whispers,TaskTriggerGameEvent,,,,1,,,,,,,,,,,,,,,,,,,,99F_MSQ_ER_GatherAllies_Isabella_B_Whisper,,,,,,,,,,,,,,,,,,,,,,,1,,,,,,,,,,,,,,,
99F_MSQ_ER_GatherAllies_Camps2_container,ConsecutiveTaskContainer,,,,,,,,,,,,,,,,,,,,,,,,,,,,,,,,,,,,,,,,,,,,@99F_MSQ01_GatherAllies_CampContainer_Desc,,,1,,,,,,,,,,,99F_MSQ_ER_GatherAllies_GoToCamp2,99F_MSQ_ER_GatherAllies_CollectFlag2,99F_MSQ_ER_GatherAllies_Camp2_Whispers,,
99F_MSQ_ER_GatherAllies_GoToCamp2,TaskGoToPOITag,,,,1,,,,,,,corrupted_camp_40340,,,,,,,,,,,,,,,,,,,,,,,,,,,,,,,,,@99F_MSQ01_GatherAllies_CorruptedCamp02_Desc,,8397.347656 6303.129883 209.500656,,,,,,,,,,,,,,,,
99F_MSQ_ER_GatherAllies_CollectFlag2,TaskGatherAndReturnItems,,,,3,99F_ER_Flag_Piece_02,99F_MSQ_01_Flag_Piece_02,100,,,,,,,true,,,,,,,IO_99F_MSQ_01_Flag_Piece_02,,,99F_MSQ_01_Flag_Piece_02_interact,,,,,,,,,,,,,,,,,,,,@99F_MSQ01_GatherAllies_GetFlagPieces02_Desc,,8401.165039 6309.697754 209.606171,,,,,,,,,,,,,,,,
99F_MSQ_ER_GatherAllies_Camp2_Whispers,TaskTriggerGameEvent,,,,1,,,,,,,,,,,,,,,,,,,,99F_MSQ_ER_GatherAllies_Isabella_C_Whisper,,,,,,,,,,,,,,,,,,,,,,,1,,,,,,,,,,,,,,,
99F_MSQ_ER_GatherAllies_Return_container,ConsecutiveTaskContainer,,,,,,,,,,,,,,,,,,,,,,,,,,,,,,,,,,,,,,,,,,,,,,,1,,,,,,,,,,,99F_MSQ_ER_GatherAllies_SunGrace_Swap2_Container,99F_MSQ_ER_GatherAllies_GoToGrace1,99F_MSQ_ER_GatherAllies_TalkToGrace1,99F_MSQ_ER_GatherAllies_SwapWardensOut_Container,
99F_MSQ_ER_GatherAllies_SunGrace_Swap2_Container,SimpleTaskContainer,,,,,,,,,,,,,,,,,,,,,,,,,,,,,,,,,,,,,,,,,,,,,,,1,,,,,,,,,,,99F_MSQ_ER_GatherAllies_SunSwapOut2,99F_MSQ_ER_GatherAllies_SunSwapIn2,99F_MSQ_ER_GatherAllies_Grace_SwapOut2,99F_MSQ_ER_GatherAllies_Grace_SwapIn2,99F_MSQ_ER_GatherAllies_SwapWardensIn_Container
99F_MSQ_ER_GatherAllies_SunSwapOut2,TaskLockAchievement,,,,1,SwapActive_99F_Sun_p02,,,,,,,,,,,,,,,,,,,,,,,,,,,,,,,,,,,,,,,,,,1,,,,,,,,,,,,,,,
99F_MSQ_ER_GatherAllies_SunSwapIn2,TaskUnlockAchievement,,,,1,SwapActive_99F_Sun_p03,,,,,,,,,,,,,,,,,,,,,,,,,,,,,,,,,,,,,,,,,,1,,,,,,,,,,,,,,,
99F_MSQ_ER_GatherAllies_Grace_SwapOut2,TaskLockAchievement,,,,1,SwapActive_99F_Grace_p02,,,,,,,,,,,,,,,,,,,,,,,,,,,,,,,,,,,,,,,,,,1,,,,,,,,,,,,,,,
99F_MSQ_ER_GatherAllies_Grace_SwapIn2,TaskUnlockAchievement,,,,1,SwapActive_99F_Grace_p03,,,,,,,,,,,,,,,,,,,,,,,,,,,,,,,,,,,,,,,,,,1,,,,,,,,,,,,,,,
99F_MSQ_ER_GatherAllies_SwapWardensIn_Container,SimpleTaskContainer,,,,,,,,,,,,,,,,,,,,,,,,,,,,,,,,,,,,,,,,,,,,,,,1,,,,,,,,,,,99F_MSQ_ER_GatherAllies_SamirSwapIn2,99F_MSQ_ER_GatherAllies_WayneSwapIn2,,,
99F_MSQ_ER_GatherAllies_SamirSwapIn2,TaskUnlockAchievement,,,,1,SwapActive_99F_Samir_p00a,,,,,,,,,,,,,,,,,,,,,,,,,,,,,,,,,,,,,,,,,,1,,,,,,,,,,,,,,,
99F_MSQ_ER_GatherAllies_WayneSwapIn2,TaskUnlockAchievement,,,,1,SwapActive_99F_Wayne_p00a,,,,,,,,,,,,,,,,,,,,,,,,,,,,,,,,,,,,,,,,,,1,,,,,,,,,,,,,,,
99F_MSQ_ER_GatherAllies_GoToGrace1,TaskTriggerArea,,,,1,,,,,,,,,,,,,,,,,,,Enter,,,,,,,,,,,,,,,,,,,,99F_GatherAllies_GoToGrace1,@99F_MSQ01_GatherAllies_ReturnToGrace_Desc,,8242.940430 6392.423828 181.453979,,,,,,,,,,,,,,,,
99F_MSQ_ER_GatherAllies_TalkToGrace1,TaskConversationTopic,,,,1,99F_Grace_03,,,,,,,,,,,,,,,,,99F_GatherAllies_Grace_TalkTo_02,,,,,,,,,,,,,,,,,,,,,,@99F_MSQ01_GatherAllies_TalkToGrace02_Desc,,,,,,,,,,,,,,,,,,
99F_MSQ_ER_GatherAllies_SwapWardensOut_Container,ConsecutiveTaskContainer,,,,,,,,,,,,,,,,,,,,,,,,,,,,,,,,,,,,,,,,,,,,,,,1,,,,,,,,,,,99F_MSQ_ER_GatherAllies_GraceWalkaway2,99F_MSQ_ER_GatherAllies_SamirWalkaway2,99F_MSQ_ER_GatherAllies_WayneWalkaway2,,
99F_MSQ_ER_GatherAllies_SamirWalkaway2,TaskLockAchievement,,,,1,SwapActive_99F_Samir_p00a,,,,,,,,,,,,,,,,,,,,,,,,,,,,,,,,,,,,,,,,,,1,,,,,,,,,,,,,,,
99F_MSQ_ER_GatherAllies_WayneWalkaway2,TaskLockAchievement,,,,1,SwapActive_99F_Wayne_p00a,,,,,,,,,,,,,,,,,,,,,,,,,,,,,,,,,,,,,,,,,,1,,,,,,,,,,,,,,,
99F_MSQ_ER_GatherAllies_GraceWalkaway2,TaskLockAchievement,,,,1,SwapActive_99F_Grace_p03,,,,,,,,,,,,,,,,,,,,,,,,,,,,,,,,,,,,,,,,,,1,,,,,,,,,,,,,,,
99F_MSQ_ER_MeetWiseman_container,ConsecutiveTaskContainer,,,,,,,,,,,,,,,,,,,,,,,,,,,,,,,,,,,,,,,,,,,,,,,1,,,,,,,,,,,99F_MSQ_ER_MeetWiseman_Temple_container,99F_MSQ_ER_MeetWiseman_Cinematic_container,99F_MSQ_ER_MeetWiseman_Swap_Container,,
99F_MSQ_ER_MeetWiseman_Temple_container,ConsecutiveTaskContainer,,,,,,,,,,,,,,,,,,,,,,,,,,,,,,,,,,,,,,,,,,,,,,,1,,,,,,,,,,,99F_MSQ_ER_MeetWiseman_GoToTemple,99F_MSQ_ER_MeetWiseman_FindAlt_container,99F_MSQ_ER_MeetWiseman_TalkToShen,,
99F_MSQ_ER_MeetWiseman_GoToTemple,TaskGoToPOITag,,,,1,,,,,true,,dynasty_temple_40339,,,,,,,,,,,,,,,,,,,,,,,,,,,,,,,,,@99F_MSQ02_MeetWiseman_GoToTemple_Desc,,8359.891602 6462.641602 181.985291,,,,,,,,,,,,,,,,
99F_MSQ_ER_MeetWiseman_FindAndFight_container,SimpleTaskContainer,,,,,,,,,,,,,,,,,,,,,,,,,,,,,,,,,,,,,,,,,,,,,,,1,,,,,,,,,,,99F_MSQ_ER_MeetWiseman_FindShen_container,99F_MSQ_ER_MeetWiseman_KillCorrupted,,,
99F_MSQ_ER_MeetWiseman_KillCorrupted,TaskKillContribution,,,,4,,,,,,,dynasty_temple_40339,,,,,,,,,,,,,Corrupted,,,,,,,,,,,,,,,,,,,,@99F_MSQ05_MeetEmpress_StopCorruptWave_Desc,,,,,,,,,,,,,,,,,,
99F_MSQ_ER_MeetWiseman_FindAlt_container,PartialTaskContainer,,,,,,,,,,,,,,,,,,,,,,,,,,,,,,,,,,,,,,,,,,,,,,,1,,,,,,,,,,,99F_MSQ_ER_MeetWiseman_FindAndFight_container,99F_MSQ_ER_MeetWiseman_GoToShenAlt,99F_MSQ_ER_MeetWiseman_GoToShenAlt2,,
99F_MSQ_ER_MeetWiseman_GoToShenAlt,TaskTriggerArea,,,,1,,,,,,,,,,,,,,,,,,,Enter,,,,,,,,,,,,,,,,,,,,99F_MeetWiseman_Writings04alt,@99F_MSQ02_MeetWiseman_GoToShen_Desc,,,1,,,,,,,,,,,,,,,
99F_MSQ_ER_MeetWiseman_GoToShenAlt2,TaskTriggerArea,,,,1,,,,,,,,,,,,,,,,,,,Enter,,,,,,,,,,,,,,,,,,,,99F_MeetWiseman_Writings04,@99F_MSQ02_MeetWiseman_GoToShen_Desc,,,1,,,,,,,,,,,,,,,
99F_MSQ_ER_MeetWiseman_FindShen_container,ConsecutiveTaskContainer,,,,,,,,,,,,,,,,,,,,,,,,,,,,,,,,,,,,,,,,,,,,,,,1,,,,,,,,,,,99F_MSQ_ER_MeetWiseman_GoToShen,99F_MSQ_ER_MeetWiseman_GoToShen2,99F_MSQ_ER_MeetWiseman_GoToShen3,99F_MSQ_ER_MeetWiseman_GoToShen4,
99F_MSQ_ER_MeetWiseman_GoToShen,TaskTriggerArea,,,,1,,,,,,,,,,,,,,,,,,,Enter,,,,,,,,,,,,,,,,,,,,99F_MeetWiseman_Writings01,@99F_MSQ02_MeetWiseman_GoToShen_Desc,,8323.875977 6557.338379 177.494141,,,TRUE,,,,,,,,,,,,,
99F_MSQ_ER_MeetWiseman_GoToShen2,TaskTriggerArea,,,,1,,,,,,,,,,,,,,,,,,,Enter,,,,,,,,,,,,,,,,,,,,99F_MeetWiseman_Writings02,@99F_MSQ02_MeetWiseman_ShenLoreNotes_Desc,,8366.265625 6654.562012 173.110825,,,TRUE,,,,,,,,,,,,,
99F_MSQ_ER_MeetWiseman_GoToShen3,TaskTriggerArea,,,,1,,,,,,,,,,,,,,,,,,,Enter,,,,,,,,,,,,,,,,,,,,99F_MeetWiseman_Writings03,@99F_MSQ02_MeetWiseman_ShenLoreNotes_Desc,,8329.519531 6622.654785 178.173584,,,TRUE,,,,,,,,,,,,,
99F_MSQ_ER_MeetWiseman_GoToShen4,TaskTriggerArea,,,,1,,,,,,,,,,,,,,,,,,,Enter,,,,,,,,,,,,,,,,,,,,99F_MeetWiseman_Writings04,@99F_MSQ02_MeetWiseman_ShenLoreNotes_Desc,,8288.575195 6687.370605 188.366333,,,TRUE,,,,,,,,,,,,,
99F_MSQ_ER_MeetWiseman_TalkToShen,TaskConversationTopic,,,,1,99F_Qi,,,,,,,,,,,,,,,,,99F_MeetWiseman_Qi_TalkTo_01,,,,,,,,,,,,,,,,,,,,,,@99F_MSQ02_MeetWiseman_TalkToQiShen01_Desc,,8273.679688 6695.917480 188.608063,,,,,,,,,,,,,,,,
99F_MSQ_ER_MeetWiseman_Cinematic_container,ConsecutiveTaskContainer,,,,,,,,,,,,,,,,,,,,,,,,,,,,,,,,,,,,,,,,,,,,,,,1,,,,,,,,,,,99F_MSQ_ER_MeetWiseman_UnlockCine,99F_MSQ_ER_MeetWiseman_Meditate,99F_MSQ_ER_MeetWiseman_TalkToShen3,99F_MSQ_ER_MeetWiseman_Puzzle_container,
99F_MSQ_ER_MeetWiseman_Puzzle_container,ConsecutiveTaskContainer,,,,,,,,,,,,,,,,,,,,,,,,,,,,,,,,,,,,,,,,,,,,,,,1,,,,,,,,,,,99F_MSQ_ER_MeetWiseman_Puzzle,99F_MSQ_ER_MeetWiseman_SolvedPuzzle,99F_MSQ_ER_MeetWiseman_Trigger_Whispers,99F_MSQ_ER_MeetWiseman_TempTimer,99F_MSQ_ER_MeetWiseman_TalkToShen2
99F_MSQ_ER_MeetWiseman_Checkpoint_container,PartialTaskContainer,,,,,,,,,,,,,,,,,,,,,,,,,,,,,,,,,,,,,,,,,,,,,,,1,,,,,,,,,,,99F_MSQ_ER_MeetWiseman_Result_container,99F_MSQ_ER_MeetWiseman_Fail_Timer,,,
99F_MSQ_ER_MeetWiseman_Result_container,SimpleTaskContainer,,,,,,,,,,,,,,,,,,,,,,,,,,,,,,,,,,,,,,,,,,,,,,,1,,,,,,,,,,,99F_MSQ_ER_MeetWiseman_Puzzle1,99F_MSQ_ER_MeetWiseman_Puzzle2,99F_MSQ_ER_MeetWiseman_Puzzle3,,
99F_MSQ_ER_MeetWiseman_Fail_Timer,TaskTimer,,,,,,,,,,,,,,,,,,,,,,,,,,5,,,,,,,,,,,,,,,,,,,,,,,,,,,,,,,,,,,,
99F_MSQ_ER_MeetWiseman_Puzzle,TaskSlayerScript,,1,,1,PuzzleMSQGong,,,,,,,,,,,,,,,,,,,99F_MSQ_02_Puzzle,,,,,,,,,,,,,,,,,,,,@99F_MSQ02_MeetWiseman_StrikeGongPuzzle_Desc,,8271.20 6698.85 188.11,,,,,,,,,,,,,,,,
99F_MSQ_ER_MeetWiseman_SolvedPuzzle,TaskUnlockAchievement,,,,1,99F_MSQ_02_PuzzleSolved,,,,,,,,,,,,,,,,,,,,,,,,,,,,,,,,,,,,,,,,,,1,,,,,,,,,,,,,,,
99F_MSQ_ER_MeetWiseman_Puzzle1,TaskGameEvent,,,,1,,,,,,,,,,,,,,,,,IO_99F_MSQ_02_Puzzle1,,,99F_MSQ_02_Puzzle1_interact,,,,,,,,,,,,,,,,,,,,@99F_MSQ02_MeetWiseman_StrikeGong01_Desc,,8267.346680 6712.622559 189.210388,,,,,,,,,,,,,,,,
99F_MSQ_ER_MeetWiseman_Puzzle2,TaskGameEvent,,,,1,,,,,,,,,,,,,,,,,IO_99F_MSQ_02_Puzzle2,,,99F_MSQ_02_Puzzle2_interact,,,,,,,,,,,,,,,,,,,,@99F_MSQ02_MeetWiseman_StrikeGong02_Desc,,8286.267578 6695.230957 188.601044,,,,,,,,,,,,,,,,
99F_MSQ_ER_MeetWiseman_Puzzle3,TaskGameEvent,,,,1,,,,,,,,,,,,,,,,,IO_99F_MSQ_02_Puzzle3,,,99F_MSQ_02_Puzzle3_interact,,,,,,,,,,,,,,,,,,,,@99F_MSQ02_MeetWiseman_StrikeGong03_Desc,,8263.742188 6687.182129 188.598816,,,,,,,,,,,,,,,,
99F_MSQ_ER_MeetWiseman_TalkToShen2,TaskConversationTopic,,,,1,99F_Qi,,,,,,,,,,,,,,,,,99F_MeetWiseman_Qi_TalkTo_02,,,,,,,,,,,,,,,,,,,,,,@99F_MSQ02_MeetWiseman_TalkToQiShen02_Desc,,,,,,,,,,,,,,,,,,
99F_MSQ_ER_MeetWiseman_UnlockCine,TaskUnlockAchievement,,,,1,99F_WiseManCinematic_Unlock,,,,,,,,,,,,,,,,,,,,,,,,,,,,,,,,,,,,,,,,,,1,,,,,,,,,,,,,,,
99F_MSQ_ER_MeetWiseman_Meditate,TaskInteract,,,,1,,,,,,,,,,,,,,,,,IO_99F_MSQ_02_Meditate,,,99F_MSQ_02_Meditate_interact,,,,,,,,,,,,,,,,,,,,@99F_MSQ02_MeetWiseman_Meditate_Desc,,8273.695312 6693.868164 188.598709,,,,,,,,,,,,,,,,
99F_MSQ_ER_MeetWiseman_Trigger_Whispers,TaskTriggerGameEvent,,,,1,,,,,,,,,,,,,,,,,,,,99F_MSQ_ER_MeetWiseman_Isabella_A_Whisper,,,,,,,,,,,,,,,,,,,,,,,1,,,,,,,,,,,,,,,
99F_MSQ_ER_MeetWiseman_TempTimer,TaskTimer,,,,,,,,,,,,,,,,,,,,,,,,,,12,,,,,,,,,,,,,,,,,,@99F_MSQ02_MeetWiseman_FocusTimer_Desc,,,,,,,,,,,,,,,,,,
99F_MSQ_ER_MeetWiseman_TalkToShen3,TaskConversationTopic,,,,1,99F_Qi,,,,,,,,,,,,,,,,,99F_MeetWiseman_Qi_TalkTo_03,,,,,,,,,,,,,,,,,,,,,,@99F_MSQ02_MeetWiseman_TalkToQiShen02_Desc,,,,,,,,,,,,,,,,,,
99F_MSQ_ER_MeetWiseman_Swap_Container,SimpleTaskContainer,,,,,,,,,,,,,,,,,,,,,,,,,,,,,,,,,,,,,,,,,,,,,,,1,,,,,,,,,,,99F_MSQ_ER_MeetWiseman_SunSwapOut,99F_MSQ_ER_MeetWiseman_Grace_SwapIn,99F_MSQ_ER_MeetWiseman_GoToGrace,,
99F_MSQ_ER_MeetWiseman_SunSwapOut,TaskLockAchievement,,,,1,SwapActive_99F_Sun_p03,,,,,,,,,,,,,,,,,,,,,,,,,,,,,,,,,,,,,,,,,,1,,,,,,,,,,,,,,,
99F_MSQ_ER_MeetWiseman_Grace_SwapIn,TaskUnlockAchievement,,,,1,SwapActive_99F_Grace_p04,,,,,,,,,,,,,,,,,,,,,,,,,,,,,,,,,,,,,,,,,,1,,,,,,,,,,,,,,,
99F_MSQ_ER_MeetWiseman_Scene,TaskInteract,,,,1,,,,,,,,,,,,,,,,,IO_99F_MSQ_02_Puzzle3,,,,,,,,,,,,,,,,,,,,,,,@99F_MSQ02_MeetWiseman_TalkToQiShen02_Desc,,8273.695312 6693.868164 188.598709,,,,,,,,,,,,,,,,
99F_MSQ_ER_MeetWiseman_GoToGrace,TaskTriggerArea,,,,1,,,,,,,,,,,,,,,,,,,Enter,,,,,,,,,,,,,,,,,,,,99F_MeetWiseman_GoToGrace,@99F_MSQ02_MeetWiseman_GoToGrace_Desc,,8067.760254 6468.261719 173.691803,,,,,,,,,,,,,,,,
99F_MSQ_ER_CreateRefuge_container,ConsecutiveTaskContainer,,,,,,,,,,,,,,,,,,,,,,,,,,,,,,,,,,,,,,,,,,,,,,,1,,,,,,,,,,,99F_MSQ_ER_CreateRefuge_Shrine_container,99F_MSQ_ER_CreateRefuge_Refuge_container,99F_MSQ_ER_CreateRefuge_Yash_AfterTalk,,
99F_MSQ_ER_CreateRefuge_Shrine_container,ConsecutiveTaskContainer,,,,,,,,,,,,,,,,,,,,,,,,,,,,,,,,,,,,,,,,,,,,,,,1,,,,,,,,,,,99F_MSQ_ER_CreateRefuge_GoToShrine,99F_MSQ_ER_CreateRefuge_Collect_container,,,
99F_MSQ_ER_CreateRefuge_GoToShrine,TaskGoToPOITag,,,,1,,,,,,,dynasty_shrine_30312,,,,,,,,,,,,,,,,,,,,,,,,,,,,,,,,,@99F_MSQ03_CreateRefuge_SkysongShrine_Desc,,7816.184570 6441.779785 191.157089,,,,,,,,,,,,,,,,
99F_MSQ_ER_CreateRefuge_Collect_container,SimpleTaskContainer,,,,,,,,,,,,,,,,,,,,,,,,,,,,,,,,,,,,,,,,,,,,,,,1,,,,,,,,,,,99F_MSQ_ER_CreateRefuge_CollectSupplies,99F_MSQ_ER_CreateRefuge_CollectWeapons,99F_MSQ_ER_CreateRefuge_KillCorrupted,,
99F_MSQ_ER_CreateRefuge_CollectSupplies,TaskGatherAndReturnItems,,,,1,99F_ER_Supply_Bundle,99F_MSQ_03_Supply_Bundle,100,,,,dynasty_shrine_30312,,,,,,,,,,IO_99F_MSQ_03_Supply_Bundle,,,,,,,,,,,,,,,,,,,,,,,@99F_MSQ03_CreateRefuge_SupplyBundle_Desc,,7787.835449 6482.423340 207.240234,,,,,,,,,,,,,,,,
99F_MSQ_ER_CreateRefuge_CollectWeapons,TaskGatherAndReturnItems,,,,1,99F_ER_Weapons_Crate,99F_MSQ_03_Weapons_Crate,100,,,,dynasty_shrine_30312,,,,,,,,,,IO_99F_MSQ_03_Weapons_Crate,,,,,,,,,,,,,,,,,,,,,,,@99F_MSQ03_CreateRefuge_WeaponsCrate_Desc,,7814.003906 6479.022949 206.204391,,,,,,,,,,,,,,,,
99F_MSQ_ER_CreateRefuge_KillCorrupted,TaskKillContribution,,,,4,,,,,,,dynasty_shrine_30312,,,,,,,,,,,,,Corrupted,,,,,,,,,,,,,,,,,,,,@99F_MSQ05_MeetEmpress_StopCorruptWave_Desc,,7816.184570 6441.779785 191.157089,,,,,,,,,,,,,,,,
99F_MSQ_ER_CreateRefuge_Refuge_container,ConsecutiveTaskContainer,,,,,,,,,,,,,,,,,,,,,,,,,,,,,,,,,,,,,,,,,,,,,,,1,,,,,,,,,,,99F_MSQ_ER_CreateRefuge_Swap_Container,99F_MSQ_ER_CreateRefuge_SwapMinors_Container,99F_MSQ_ER_CreateRefuge_GoToRefuge,,
99F_MSQ_ER_CreateRefuge_Swap_Container,SimpleTaskContainer,,,,,,,,,,,,,,,,,,,,,,,,,,,,,,,,,,,,,,,,,,,,,,,1,,,,,,,,,,,99F_MSQ_ER_CreateRefuge_Grace_SwapOut,99F_MSQ_ER_CreateRefuge_Yash_SwapIn,99F_MSQ_ER_CreateRefuge_Sun_SwapIn,99F_MSQ_ER_CreateRefuge_Swap_CaerDunYash_Off,99F_MSQ_ER_CreateRefuge_Swap_CaerDunMorgaine_Off
99F_MSQ_ER_CreateRefuge_Grace_SwapOut,TaskLockAchievement,,,,1,SwapActive_99F_Grace_p04,,,,,,,,,,,,,,,,,,,,,,,,,,,,,,,,,,,,,,,,,,1,,,,,,,,,,,,,,,
99F_MSQ_ER_CreateRefuge_Yash_SwapIn,TaskUnlockAchievement,,,,1,SwapActive_99F_Yash_p02a,,,,,,,,,,,,,,,,,,,,,,,,,,,,,,,,,,,,,,,,,,1,,,,,,,,,,,,,,,
99F_MSQ_ER_CreateRefuge_Sun_SwapIn,TaskUnlockAchievement,,,,1,SwapActive_99F_Sun_p04,,,,,,,,,,,,,,,,,,,,,,,,,,,,,,,,,,,,,,,,,,1,,,,,,,,,,,,,,,
99F_MSQ_ER_CreateRefuge_Swap_CaerDunYash_Off,TaskLockAchievement,,,,1,SwapActive_MSQ_Yash_EG_p3,,,,,,,,,,,,,,,,,,,,,,,,,,,,,,,,,,,,,,,,,,1,,,,,,,,,,,,,,,
99F_MSQ_ER_CreateRefuge_Swap_CaerDunMorgaine_Off,TaskLockAchievement,,,,1,SwapActive_MSQ_Morgaine_EG_p12,,,,,,,,,,,,,,,,,,,,,,,,,,,,,,,,,,,,,,,,,,1,,,,,,,,,,,,,,,
99F_MSQ_ER_CreateRefuge_SwapMinors_Container,SimpleTaskContainer,,,,,,,,,,,,,,,,,,,,,,,,,,,,,,,,,,,,,,,,,,,,,,,1,,,,,,,,,,,99F_MSQ_ER_CreateRefuge_Constance_SwapIn,99F_MSQ_ER_CreateRefuge_Eliza_SwapIn,99F_MSQ_ER_CreateRefuge_Samir_SwapIn,99F_MSQ_ER_CreateRefuge_Walker_SwapIn,99F_MSQ_ER_CreateRefuge_Wayne_SwapIn
99F_MSQ_ER_CreateRefuge_Constance_SwapIn,TaskUnlockAchievement,,,,1,SwapActive_99F_Constance_p01,,,,,,,,,,,,,,,,,,,,,,,,,,,,,,,,,,,,,,,,,,1,,,,,,,,,,,,,,,
99F_MSQ_ER_CreateRefuge_Eliza_SwapIn,TaskUnlockAchievement,,,,1,SwapActive_99F_Eliza_p01,,,,,,,,,,,,,,,,,,,,,,,,,,,,,,,,,,,,,,,,,,1,,,,,,,,,,,,,,,
99F_MSQ_ER_CreateRefuge_Samir_SwapIn,TaskUnlockAchievement,,,,1,SwapActive_99F_Samir_p01,,,,,,,,,,,,,,,,,,,,,,,,,,,,,,,,,,,,,,,,,,1,,,,,,,,,,,,,,,
99F_MSQ_ER_CreateRefuge_Walker_SwapIn,TaskUnlockAchievement,,,,1,SwapActive_99F_Walker_P01,,,,,,,,,,,,,,,,,,,,,,,,,,,,,,,,,,,,,,,,,,1,,,,,,,,,,,,,,,
99F_MSQ_ER_CreateRefuge_Wayne_SwapIn,TaskUnlockAchievement,,,,1,SwapActive_99F_Wayne_P01,,,,,,,,,,,,,,,,,,,,,,,,,,,,,,,,,,,,,,,,,,1,,,,,,,,,,,,,,,
99F_MSQ_ER_CreateRefuge_GoToRefuge,TaskTriggerArea,,,,1,,,,,,,,,,,,,,,,,,,Enter,,,,,,,,,,,,,,,,,,,,99F_CreateRefuge_GoToRefuge,@99F_MSQ03_CreateRefuge_SoulwardenRefuge_Desc,,7293.224609 6239.784668 203.401932,,,,,,,,,,,,,,,,
99F_MSQ_ER_CreateRefuge_TalkToYash,TaskConversationTopic,,,,1,99F_Yash_02,,,,,,,,,,,,,,,,,99F_CreateRefuge_Yash_TalkTo_01,,,,,,,,,,,,,,,,,,,,,,@99F_MSQ03_CreateRefuge_TalkToYash01_Desc,,,,,,,,,,,,,,,,,,
99F_MSQ_ER_CreateRefuge_Cover_container,SimpleTaskContainer,,,,,,,,,,,,,,,,,,,,,,,,,,,,,,,,,,,,,,,,,,,,,,,1,,,,,,,,,,,99F_MSQ_ER_CreateRefuge_Cover1,99F_MSQ_ER_CreateRefuge_Cover2,,,
99F_MSQ_ER_CreateRefuge_GatherVines,TaskGatherAndReturnItems,,,,1,99F_ER_Supply_Bundle,99F_MSQ_03_Supply_Bundle,100,,,,dynasty_shrine_30312,,,,,,,,,,IO_99F_MSQ_03_Supply_Bundle,,,,,,,,,,,,,,,,,,,,,,,@99F_MSQ03_CreateRefuge_SupplyBundle_Desc,,7787.835449 6482.423340 207.240234,,,,,,,,,,,,,,,,
99F_MSQ_ER_CreateRefuge_GatherBamboo,TaskGatherAndReturnItems,,,,1,99F_ER_Supply_Bundle,99F_MSQ_03_Supply_Bundle,100,,,,dynasty_shrine_30312,,,,,,,,,,IO_99F_MSQ_03_Supply_Bundle,,,,,,,,,,,,,,,,,,,,,,,@99F_MSQ03_CreateRefuge_SupplyBundle_Desc,,7787.835449 6482.423340 207.240234,,,,,,,,,,,,,,,,
99F_MSQ_ER_CreateRefuge_Cover1,TaskGameEvent,,,,1,,,,,,,,,,,,,,,,,IO_99F_MSQ_03_Cover1,,,99F_MSQ_03_Cover1_interact,,,,,,,,,,,,,,,,,,,,@99F_MSQ03_CreateRefuge_Camo01_Desc,,7319.773926 6219.416992 202.888214,,,,,,,,,,,,,,,,
99F_MSQ_ER_CreateRefuge_Cover2,TaskGameEvent,,,,1,,,,,,,,,,,,,,,,,IO_99F_MSQ_03_Cover2,,,99F_MSQ_03_Cover2_interact,,,,,,,,,,,,,,,,,,,,@99F_MSQ03_CreateRefuge_Camo02_Desc,,7315.701172 6241.864746 204.225403,,,,,,,,,,,,,,,,
99F_MSQ_ER_CreateRefuge_TalkToYash2,TaskConversationTopic,,,,1,99F_Yash_02,,,,,,,,,,,,,,,,,99F_CreateRefuge_Yash_TalkTo_02,,,,,,,,,,,,,,,,,,,,,,@99F_MSQ03_CreateRefuge_TalkToYash02_Desc,,,,,,,,,,,,,,,,,,
99F_MSQ_ER_CreateRefuge_Yash_AfterTalk,TaskUnlockAchievement,,,,1,99F_Yash_MSQ04_TalkToEndingState,,,,,,,,,,,,,,,,,,,,,,,,,,,,,,,,,,,,,,,,,,1,,,,,,,,,,,,,,,
99F_MSQ_ER_InspireAllies_container,ConsecutiveTaskContainer,,,,,,,,,,,,,,,,,,,,,,,,,,,,,,,,,,,,,,,,,,,,,,,1,,,,,,,,,,,99F_MSQ_ER_InspireAllies_Swap_Container,99F_MSQ_ER_InspireAllies_Camp_container,99F_MSQ_ER_InspireAllies_Yash_container,,
99F_MSQ_ER_InspireAllies_Swap_Container,SimpleTaskContainer,,,,,,,,,,,,,,,,,,,,,,,,,,,,,,,,,,,,,,,,,,,,,,,1,,,,,,,,,,,99F_MSQ_ER_InspireAllies_SunWalkaway,99F_MSQ_ER_InspireAllies_Grace_SwapIn,99F_MSQ_ER_InspireAllies_FlagOff,,
99F_MSQ_ER_InspireAllies_SunWalkaway,TaskLockAchievement,,,,1,SwapActive_99F_Sun_p04,,,,,,,,,,,,,,,,,,,,,,,,,,,,,,,,,,,,,,,,,,1,,,,,,,,,,,,,,,
99F_MSQ_ER_InspireAllies_Grace_SwapIn,TaskUnlockAchievement,,,,1,SwapActive_99F_Grace_p05,,,,,,,,,,,,,,,,,,,,,,,,,,,,,,,,,,,,,,,,,,1,,,,,,,,,,,,,,,
99F_MSQ_ER_InspireAllies_FlagOff,TaskLockAchievement,,,,1,99F_MSQ_ER_SwapSoulFlag,,,,,,,,,,,,,,,,,,,,,,,,,,,,,,,,,,,,,,,,,,1,,,,,,,,,,,,,,,
99F_MSQ_ER_InspireAllies_Camp_container,ConsecutiveTaskContainer,,,,,,,,,,,,,,,,,,,,,,,,,,,,,,,,,,,,,,,,,,,,,,,1,,,,,,,,,,,99F_MSQ_ER_InspireAllies_Grace_container,99F_MSQ_ER_InspireAllies_Collect_container,99F_MSQ_ER_InspireAllies_MakeBanner_container,99F_MSQ_ER_InspireAllies_PlaceFlag_container,
99F_MSQ_ER_InspireAllies_Grace_container,ConsecutiveTaskContainer,,,,,,,,,,,,,,,,,,,,,,,,,,,,,,,,,,,,,,,,,,,,,,,1,,,,,,,,,,,99F_MSQ_ER_InspireAllies_TalkToGrace,99F_MSQ_ER_InspireAllies_RecipeIngredients_Container,,,
99F_MSQ_ER_InspireAllies_GoToGrace,TaskTriggerArea,,,,1,,,,,,,,,,,,,,,,,,,Enter,,,,,,,,,,,,,,,,,,,,99F_InspireAllies_GoToGrace,@99F_MSQ04_InspireAllies_GoToGrace_Desc,,7298.390137 6252.280762 207.025116,,,,,,,,,,,,,,,,
99F_MSQ_ER_InspireAllies_TalkToGrace,TaskConversationTopic,,,,1,99F_Grace_05,,,,,,,,,,,,,,,,,99F_InspireAllies_Grace_TalkTo_01,,,,,,,,,,,,,,,,,,,,,,@99F_MSQ04_InspireAllies_TalkToGrace_Desc,,,,,,,,,,,,,,,,,,
99F_MSQ_ER_InspireAllies_RecipeIngredients_Container,SimpleTaskContainer,,,,,,,,,,,,,,,,,,,,,,,,,,,,,,,,,,,,,,,,,,,,,,,1,,,,,,,,,,,99F_MSQ_ER_InspireAllies_BannerRecipe,99F_MSQ_ER_InspireAllies_BannerPiece01,99F_MSQ_ER_InspireAllies_BannerPiece02,,
99F_MSQ_ER_InspireAllies_BannerPiece01,TaskGiveItem,,,,1,99F_ER_Flag_Piece_01,,,,,,,,,,,,,,,,,,,,,,,,,,,,,,,,,,,,,,,,,,1,,,,,,,,,,,,,,,
99F_MSQ_ER_InspireAllies_BannerPiece02,TaskGiveItem,,,,1,99F_ER_Flag_Piece_02,,,,,,,,,,,,,,,,,,,,,,,,,,,,,,,,,,,,,,,,,,1,,,,,,,,,,,,,,,
99F_MSQ_ER_InspireAllies_BannerRecipe,TaskGiveItem,,,,1,99F_ER_Recipe_Soulwarden_Banner,,,,,,,,,,,,,,,,,,,,,,,,,,,,,,,,,,,,,,,,,,1,,,,,,,,,,,,,,,
99F_MSQ_ER_InspireAllies_Collect_container,SimpleTaskContainer,,,,,,,,,,,,,,,,,,,,,,,,,,,,,,,,,,,,,,,,,,,,,,,1,,,,,,,,,,,99F_MSQ_ER_InspireAllies_CollectWood,99F_MSQ_ER_InspireAllies_CollectThread,,,
99F_MSQ_ER_InspireAllies_CollectWood,TaskHaveItems,,,,5,WoodT1,,,,,,,,,,,,,,,,,,,,,,,,,,,,,,,,,,,,,,,@99F_MSQ04_InspireAllies_CollectWood_Desc,,7303.117188 6237.398438 203.697571,,,,,,,,,,,,,,,,
99F_MSQ_ER_InspireAllies_CollectThread,TaskGatherAndReturnItems,,,,1,99F_ER_Camp_Thread,99F_MSQ_04_CollectThread,100,,,,,,,,,,,,,,IO_99F_MSQ_04_CollectThread,,,99F_MSQ_04_CollectThread_interact,,,,,,,,,,,,,,,,,,,,@99F_MSQ04_InspireAllies_CollectThread_Desc,,7273.471191 6245.443848 200.119873,,,,,,,,,,,,,,,,
99F_MSQ_ER_InspireAllies_MakeBanner_container,SimpleTaskContainer,,,,,,,,,,,,,,,,,,,,,,,,,,,,,,,,,,,,,,,,,,,,,,,1,,,,,,,,,,,99F_MSQ_ER_InspireAllies_HaveBanner,99F_MSQ_ER_InspireAllies_CraftFlag,,,
99F_MSQ_ER_InspireAllies_HaveBanner,TaskHaveItems,,,,1,99F_ER_Soulwarden_Banner,,,,,,,,,,,,,,,,,,,,,,,,,,,,,,,,,,,,,,,@99F_MSQ04_InspireAllies_CollectWood_Desc,,7303.117188 6237.398438 203.697571,1,,,,,,,,,,,,,,,
99F_MSQ_ER_InspireAllies_CraftFlag,TaskCraftRecipe,,,,1,,,,,,,,,,,,,,,99F_MSQ04_SoulwardenBanner,,,,,,,,,,,,,,,,,,,,,,,,,@99F_MSQ04_InspireAllies_CraftBanner_Desc,,7274.665527 6245.893066 200.211899,,,1,,,,,,,,,,,,,
99F_MSQ_ER_InspireAllies_PlaceFlag_container,ConsecutiveTaskContainer,,,,,,,,,,,,,,,,,,,,,,,,,,,,,,,,,,,,,,,,,,,,,,,1,,,,,,,,,,,99F_MSQ_ER_InspireAllies_PlaceFlag,99F_MSQ_ER_InspireAllies_FlagOn,,,
99F_MSQ_ER_InspireAllies_PlaceFlag,TaskGameEvent,,,,1,,,,,,,,,,,,,,,,,IO_99F_MSQ_04_PlaceFlag,,,99F_MSQ_04_PlaceFlag_interact,,,,,,,,,,,,,,,,,,,,@99F_MSQ04_InspireAllies_PlaceBanner_Desc,,7289.849609 6236.498047 202.091110,,,,,,,,,,,,,,,,
99F_MSQ_ER_InspireAllies_FlagOn,TaskUnlockAchievement,,,,1,99F_MSQ_ER_SwapSoulFlag,,,,,,,,,,,,,,,,,,,,,,,,,,,,,,,,,,,,,,,,,,1,,,,,,,,,,,,,,,
99F_MSQ_ER_InspireAllies_Yash_container,ConsecutiveTaskContainer,,,,,,,,,,,,,,,,,,,,,,,,,,,,,,,,,,,,,,,,,,,,,,,1,,,,,,,,,,,99F_MSQ_ER_InspireAllies_TalkToYash,99F_MSQ_ER_InspireAllies_YashWalkaway,99F_MSQ_ER_InspireAllies_Sun_SwapIn,,
99F_MSQ_ER_InspireAllies_Sun_SwapIn,TaskUnlockAchievement,,,,1,SwapActive_99F_Sun_p04a,,,,,,,,,,,,,,,,,,,,,,,,,,,,,,,,,,,,,,,,,,1,,,,,,,,,,,,,,,
99F_MSQ_ER_InspireAllies_TalkToYash,TaskConversationTopic,,,,1,99F_Yash_02,,,,,,,,,,,,,,,,,99F_InspireAllies_Yash_TalkTo_01,,,,,,,,,,,,,,,,,,,,,,@99F_MSQ04_InspireAllies_TalkToYash_Desc,,,,,,,,,,,,,,,,,,
99F_MSQ_ER_InspireAllies_YashWalkaway,TaskLockAchievement,,,,1,SwapActive_99F_Yash_p02a,,,,,,,,,,,,,,,,,,,,,,,,,,,,,,,,,,,,,,,,,,1,,,,,,,,,,,,,,,
99F_MSQ_ER_MeetEmpress_container,ConsecutiveTaskContainer,,,,,,,,,,,,,,,,,,,,,,,,,,,,,,,,,,,,,,,,,,,,,,,1,,,,,,,,,,,99F_MSQ_ER_MeetEmpress_GoToTea,99F_MSQ_ER_MeetEmpress_Temple_container,99F_MSQ_ER_MeetEmpress_Gate_container,99F_MSQ_ER_MeetEmpress_Zhou_SwapIn,99F_MSQ_ER_MeetEmpress_Portal_Unlock
99F_MSQ_ER_MeetEmpress_Temple_container,ConsecutiveTaskContainer,,,,,,,,,,,,,,,,,,,,,,,,,,,,,,,,,,,,,,,,,,,,,,,1,,,,,,,,,,,99F_MSQ_ER_MeetEmpress_CollectTea_container,99F_MSQ_ER_MeetEmpress_GoToTemple,,,
99F_MSQ_ER_MeetEmpress_CollectTea_container,PartialTaskContainer,,,,,,,,,,,,,,,,,,,,,,,,,,,,,,,,,,,,,,,,,,,,@99F_MSQ05_MeetEmpress_GoToTea_Desc,,7249.045410 5832.924316 161.548737,,,,,,,,,,,,99F_MSQ_ER_MeetEmpress_HaveTea,99F_MSQ_ER_MeetEmpress_CollectTeaRedux_container,,,
99F_MSQ_ER_MeetEmpress_HaveTea,TaskHaveItems,,,,5,99F_ER_Tea_Leaves,,,,,,,,,,,,,,,,,,,,,,,,,,,,,,,,,,,,,,,@99F_MSQ05_MeetEmpress_CollectTea_Desc,,,,,,,,,,,,,,,,,,
99F_MSQ_ER_MeetEmpress_CollectTeaRedux_container,SimpleTaskContainer,,,,,,,,,,,,,,,,,,,,,,,,,,,,,,,,,,,,,,,,,,,,,,,1,,,,,,,,,,,99F_MSQ_ER_MeetEmpress_CollectTea,99F_MSQ_ER_MeetEmpress_CollectTea02,99F_MSQ_ER_MeetEmpress_CollectTea03,,
99F_MSQ_ER_MeetEmpress_GoToTea,TaskTriggerArea,,,,1,,,,,,,,,,,,,,,,,,,Enter,,,,,,,,,,,,,,,,,,,,99F_MeetEmpress_GoToTea,@99F_MSQ05_MeetEmpress_GoToTea_Desc,,7336.879395 5899.132324 114.222351,,,TRUE,,,,,,,,,,,,,
99F_MSQ_ER_MeetEmpress_CollectTea,TaskGatherAndReturnItems,,,,5,99F_ER_Tea_Leaves,99F_MSQ_05_Tea_Leaf_Bush,100,,,,,,,,,,,,,,IO_99F_MSQ_05_Tea_Leaf_Bush,,,,,,,,,,,,,,,,,,,,,,,@99F_MSQ05_MeetEmpress_CollectTea_Desc,,,1,,,,,,,,,,,,,,,
99F_MSQ_ER_MeetEmpress_CollectTea02,TaskGatherAndReturnItems,,,,5,99F_ER_Tea_Leaves,99F_MSQ_05_Tea_Leaf_Bush02,100,,,,,,,,,,,,,,IO_99F_MSQ_05_Tea_Leaf_Bush02,,,,,,,,,,,,,,,,,,,,,,,@99F_MSQ05_MeetEmpress_CollectTea_Desc,,,1,,,,,,,,,,,,,,,
99F_MSQ_ER_MeetEmpress_CollectTea03,TaskGatherAndReturnItems,,,,5,99F_ER_Tea_Leaves,99F_MSQ_05_Tea_Leaf_Bush03,100,,,,,,,,,,,,,,IO_99F_MSQ_05_Tea_Leaf_Bush03,,,,,,,,,,,,,,,,,,,,,,,@99F_MSQ05_MeetEmpress_CollectTea_Desc,,,1,,,,,,,,,,,,,,,
99F_MSQ_ER_MeetEmpress_GoToTemple,TaskGoToPOITag,,,,1,,,,,,,dynasty_mountaintemple_30235,,,,,,,,,,,,,,,,,,,,,,,,,,,,,,,,,@99F_MSQ05_MeetEmpress_GoToTemple_Desc,,,,,,,,,,,,,,,,,,
99F_MSQ_ER_MeetEmpress_Gate_container,SimpleTaskContainer,,,,,,,,,,,,,,,,,,,,,,,,,,,,,,,,,,,,,,,,,,,,,,,1,,,,,,,,,,,99F_MSQ_ER_MeetEmpress_GoToGate,99F_MSQ_ER_MeetEmpress_KillGuards,,,
99F_MSQ_ER_MeetEmpress_GoToGate,TaskTriggerArea,,,,1,,,,,,,,,,,,,,,,,,,Enter,,,,,,,,,,,,,,,,,,,,99F_MeetEmpress_GoToGate,@99F_MSQ05_MeetEmpress_GoToGate_Desc,,7034.470215 5556.534668 305.088837,,,TRUE,,,,,,,,,,,,,
99F_MSQ_ER_MeetEmpress_KillGuards,TaskKillContribution,,,,4,,,,,,,dynasty_mountaintemple_30235,,,,,,,,,,,,,Corrupted,,,,,,,,,,,,,,,,,,,,@99F_MSQ05_MeetEmpress_StopCorruptWave_Desc,,,,,,,,,,,,,,,,,,
99F_MSQ_ER_MeetEmpress_Zhou_SwapIn,TaskUnlockAchievement,,,,1,SwapActive_99F_Empress_p01,,,,,,,,,,,,,,,,,,,,,,,,,,,,,,,,,,,,,,,,,,1,,,,,,,,,,,,,,,
99F_MSQ_ER_MeetEmpress_Portal_Unlock,TaskUnlockAchievement,,,,1,99F_09_Portal_Empress,,,,,,,,,,,,,,,,,,,,,,,,,,,,,,,,,,,,,,,,,,1,,,,,,,,,,,,,,,
99F_MSQ_ER_MeetEmpress_GoToRetreat,TaskTriggerArea,,,,1,,,,,,,,,,,,,,,,,,,Enter,,,,,,,,,,,,,,,,,,,,99F_MeetEmpress_GoToRetreat,@99F_MSQ05_MeetEmpress_GoToRetreat_Desc,,7124.695801 5492.342285 347.508240,,,TRUE,,,,,,,,,,,,,
99F_MSQ_ER_AscendPeak_container,ConsecutiveTaskContainer,,,,,,,,,,,,,,,,,,,,,,,,,,,,,,,,,,,,,,,,,,,,,,,1,,,,,,,,,,,99F_MSQ_ER_AscendPeak_Zhou_Failsafe,99F_MSQ_ER_AscendPeak_Bell_container,99F_MSQ_ER_AscendPeak_Swappings_container,,
99F_MSQ_ER_AscendPeak_Zhou_Failsafe,TaskUnlockAchievement,,,,1,SwapActive_99F_Empress_p01,,,,,,,,,,,,,,,,,,,,,,,,,,,,,,,,,,,,,,,,,,1,,,,,,,,,,,,,,,
99F_MSQ_ER_AscendPeak_Bell_container,ConsecutiveTaskContainer,,,,,,,,,,,,,,,,,,,,,,,,,,,,,,,,,,,,,,,,,,,,@99F_MSQ06_AscendPeak_BellRitual_Desc,,,,,,,,,,,,,,99F_MSQ_ER_AscendPeak_GoToPeak,99F_MSQ_ER_AscendPeak_Trail_container,99F_MSQ_ER_AscendPeak_Peak_container,99F_MSQ_ER_AscendPeak_RingBell,
99F_MSQ_ER_AscendPeak_GoToPeak,TaskTriggerArea,,,,1,,,,,,,,,,,,,,,,,,,Enter,,,,,,,,,,,,,,,,,,,,99F_AscendPeak_GoToTemple,@99F_MSQ06_AscendPeak_AscendPeak_Desc,,7066.925293 5549.665527 359.751587,,,TRUE,,,,,,,,,,,,,
99F_MSQ_ER_AscendPeak_Trail_container,SimpleTaskContainer,,,,,,,,,,,,,,,,,,,,,,,,,,,,,,,,,,,,,,,,,,,,,,,1,,,,,,,,,,,99F_MSQ_ER_AscendPeak_Incense1,99F_MSQ_ER_AscendPeak_Incense2,99F_MSQ_ER_AscendPeak_Incense3,99F_MSQ_ER_AscendPeak_KillCorrupted,
99F_MSQ_ER_AscendPeak_Incense1,TaskInteract,,,,1,99F_MSQ_06_Incense1,,,,,,,,,,,,,,,,IO_99F_MSQ_06_Incense1,,,,,,,,,,,,,,,,,,,,,,,@99F_MSQ06_AscendPeak_LightIncense01_Desc,,6941.495117 5598.467285 371.132172,,,,,,,,,,,,,,,,
99F_MSQ_ER_AscendPeak_Incense2,TaskInteract,,,,1,99F_MSQ_06_Incense2,,,,,,,,,,,,,,,,IO_99F_MSQ_06_Incense2,,,,,,,,,,,,,,,,,,,,,,,@99F_MSQ06_AscendPeak_LightIncense02_Desc,,7104.376465 5636.803711 395.085754,,,,,,,,,,,,,,,,
99F_MSQ_ER_AscendPeak_Incense3,TaskInteract,,,,1,99F_MSQ_06_Incense3,,,,,,,,,,,,,,,,IO_99F_MSQ_06_Incense3,,,,,,,,,,,,,,,,,,,,,,,@99F_MSQ06_AscendPeak_LightIncense03_Desc,,7138.548340 5555.372559 419.149811,,,,,,,,,,,,,,,,
99F_MSQ_ER_AscendPeak_KillCorrupted,TaskKillContribution,,,,4,,,,,,,dynasty_mountaintemple_30235,,,,,,,,,,,,,Corrupted,,,,,,,,,,,,,,,,,,,,@99F_MSQ05_MeetEmpress_StopCorruptWave_Desc,,7008.167480 5567.384277 292.323425,,,,,,,,,,,,,,,,
99F_MSQ_ER_AscendPeak_Peak_container,SimpleTaskContainer,,,,,,,,,,,,,,,,,,,,,,,,,,,,,,,,,,,,,,,,,,,,,,,1,,,,,,,,,,,99F_MSQ_ER_AscendPeak_KillNamed1,99F_MSQ_ER_AscendPeak_KillNamed2,,,
99F_MSQ_ER_AscendPeak_KillNamed1,TaskKillContribution,,,,1,,,,,,,,,,,,,,,,,,,,Dynasty_Spearman_Named_08QP02,,,,,,,,,,,,,,,,,,,,@99F_MSQ06_AscendPeak_KillCorruptMonk01_Desc,,7045.186035 5617.299316 435.145905,,,,,,,,,,,,,,,,
99F_MSQ_ER_AscendPeak_KillNamed2,TaskKillContribution,,,,1,,,,,,,,,,,,,,,,,,,,Dynasty_Warrior_Named_08QP02,,,,,,,,,,,,,,,,,,,,@99F_MSQ06_AscendPeak_KillCorruptMonk02_Desc,,6952.330078 5710.037598 445.748749,,,,,,,,,,,,,,,,
99F_MSQ_ER_AscendPeak_RingBell,TaskInteract,,,,1,99F_MSQ_06_RingBell,,,,,,,,,,,,,,,,IO_99F_MSQ_06_RingBell,,,,,,,,,,,,,,,,,,,,,,,@99F_MSQ06_AscendPeak_RingBell_Desc,,6957.550293 5704.222168 444.620087,,,,,,,,,,,,,,,,
99F_MSQ_ER_AscendPeak_Swappings_container,SimpleTaskContainer,,,,,,,,,,,,,,,,,,,,,,,,,,,,,,,,,,,,,,,,,,,,,,,1,,,,,,,,,,,99F_MSQ_ER_AscendPeak_ZhouOut,99F_MSQ_ER_AscendPeak_ZhouIn,99F_MSQ_ER_AscendPeak_BellTeleportUnlock,99F_MSQ_ER_AscendPeak_PortalReturn_container,
99F_MSQ_ER_AscendPeak_ZhouOut,TaskLockAchievement,,,,1,SwapActive_99F_Empress_p01,,,,,,,,,,,,,,,,,,,,,,,,,,,,,,,,,,,,,,,,,,1,,,,,,,,,,,,,,,
99F_MSQ_ER_AscendPeak_ZhouIn,TaskUnlockAchievement,,,,1,SwapActive_99F_Empress_p01a,,,,,,,,,,,,,,,,,,,,,,,,,,,,,,,,,,,,,,,,,,1,,,,,,,,,,,,,,,
99F_MSQ_ER_AscendPeak_BellTeleportUnlock,TaskUnlockAchievement,,,,1,99F_Teleport_BellToEmpress,,,,,,,,,,,,,,,,,,,,,,,,,,,,,,,,,,,,,,,,,,1,,,,,,,,,,,,,,,
99F_MSQ_ER_AscendPeak_PortalReturn_container,PartialTaskContainer,,,,,,,,,,,,,,,,,,,,,,,,,,,,,,,,,,,,,,,,,,,,,,,1,,,,,,,,,,,99F_MSQ_ER_AscendPeak_ReturnZhou,99F_MSQ_ER_AscendPeak_OptionalPortal,,,
99F_MSQ_ER_AscendPeak_ReturnZhou,TaskTriggerArea,,,,1,,,,,,,,,,,,,,,,,,,Enter,,,,,,,,,,,,,,,,,,,,99F_MeetEmpress_GoToRetreat,@99F_MSQ07_AscendPeak_ReturnZhou_Desc,,7124.695801 5492.342285 347.508240,,,,,,,,,,,,,,,,
99F_MSQ_ER_AscendPeak_OptionalPortal,TaskTriggerArea,,,,1,,,,,,,,,,,,,,,,,,,Enter,,,,,,,,,,,,,,,,,,,,99F_MeetEmpress_GoToRetreat,@99F_MSQ07_AscendPeak_BellPortal_Desc,,6951.304199 5710.408203 445.807434,,,TRUE,,,,,,,,,,,,,
99F_MSQ_ER_CreateIncense_container,ConsecutiveTaskContainer,,,,,,,,,,,,,,,,,,,,,,,,,,,,,,,,,,,,,,,,,,,,,,,1,,,,,,,,,,,99F_MSQ_ER_CreateIncense_Cine_container,99F_MSQ_ER_CreateIncense_Zhou_SwapOut,99F_MSQ_ER_CreateIncense_VillageTeleportUnlock,99F_MSQ_ER_CreateIncense_Village_container,99F_MSQ_ER_CreateIncense_IncenseSwap_Container
99F_MSQ_ER_CreateIncense_Cine_container,ConsecutiveTaskContainer,,,,,,,,,,,,,,,,,,,,,,,,,,,,,,,,,,,,,,,,,,,,,,,1,,,,,,,,,,,99F_MSQ_ER_CreateIncense_BellTeleportLock,99F_MSQ_ER_CreateIncense_UnlockCine,99F_MSQ_ER_CreateIncense_ReadPoetry,99F_MSQ_ER_CreateIncense_TalkEmpress,
99F_MSQ_ER_CreateIncense_BellTeleportLock,TaskLockAchievement,,,,1,99F_Teleport_BellToEmpress,,,,,,,,,,,,,,,,,,,,,,,,,,,,,,,,,,,,,,,,,,1,,,,,,,,,,,,,,,
99F_MSQ_ER_CreateIncense_UnlockCine,TaskUnlockAchievement,,,,1,99F_MothersHopeCinematic_Unlock,,,,,,,,,,,,,,,,,,,,,,,,,,,,,,,,,,,,,,,,,,1,,,,,,,,,,,,,,,
99F_MSQ_ER_CreateIncense_ReadPoetry,TaskInteract,,,,1,,,,,,,,,,,,,,,,,IO_99F_MSQ_07_EmpressPoetry,,,99F_MSQ_07_EmpressPoetry_interact,,,,,,,,,,,,,,,,,,,,@99F_MSQ07_CreateIncense_ReadBook_Desc,,7131.9692 5483.7329 348.5204,,,TRUE,,,,,,,,,,,,,
99F_MSQ_ER_CreateIncense_TalkEmpress,TaskConversationTopic,,,,1,99F_Empress_01,,,,,,,,,,,,,,,,,99F_CreateIncense_Zhou_TalkTo_01,,,,,,,,,,,,,,,,,,,,,,@99F_MSQ07_CreateIncense_TalkToZhou_Desc,,7134.062988 5485.054688 347.510986,,,TRUE,,,,,,,,,,,,,
99F_MSQ_ER_CreateIncense_Village_container,ConsecutiveTaskContainer,,,,,,,,,,,,,,,,,,,,,,,,,,,,,,,,,,,,,,,,,,,,,,,1,,,,,,,,,,,99F_MSQ_ER_CreateIncense_OptionalPortal_container,99F_MSQ_ER_CreateIncense_VillageTeleportLock,99F_MSQ_ER_CreateIncense_Swap_Container,99F_MSQ_ER_CreateIncense_TalkToSun,99F_MSQ_ER_CreateIncense_Collect_container
99F_MSQ_ER_CreateIncense_VillageTeleportUnlock,TaskUnlockAchievement,,,,1,99F_Teleport_EmpressToSettlement,,,,,,,,,,,,,,,,,,,,,,,,,,,,,,,,,,,,,,,,,,1,,,,,,,,,,,,,,,
99F_MSQ_ER_CreateIncense_OptionalPortal_container,PartialTaskContainer,,,,,,,,,,,,,,,,,,,,,,,,,,,,,,,,,,,,,,,,,,,,,,,1,,,,,,,,,,,99F_MSQ_ER_CreateIncense_GoToVillage,99F_MSQ_ER_CreateIncense_OptionalPortal,,,
99F_MSQ_ER_CreateIncense_GoToVillage,TaskGoToPOITag,,,,1,,,,,,,EbonscaleReach_Settlement_01,,,,,,,,,,,,,,,,,,,,,,,,,,,,,,,,,@99F_MSQ07_CreateIncense_GoToSettlement_Desc,,,,,,,,,,,,,,,,,,
99F_MSQ_ER_CreateIncense_OptionalPortal,TaskGoToPOITag,,,,1,,,,,,,EbonscaleReach_Settlement_01,,,,,,,,,,,,,,,,,,,,,,,,,,,,,,,,,@99F_MSQ07_CreateIncense_RetreatPortal_Desc,,7128.853516 5496.901855 347.528534,,,TRUE,,,,,,,,,,,,,
99F_MSQ_ER_CreateIncense_VillageTeleportLock,TaskLockAchievement,,,,1,99F_Teleport_EmpressToSettlement,,,,,,,,,,,,,,,,,,,,,,,,,,,,,,,,,,,,,,,,,,1,,,,,,,,,,,,,,,
99F_MSQ_ER_CreateIncense_Swap_Container,SimpleTaskContainer,,,,,,,,,,,,,,,,,,,,,,,,,,,,,,,,,,,,,,,,,,,,,,,1,,,,,,,,,,,99F_MSQ_ER_CreateIncense_Sun_SwapOut,99F_MSQ_ER_CreateIncense_Sun_SwapIn,,,
99F_MSQ_ER_CreateIncense_Zhou_SwapOut,TaskLockAchievement,,,,1,SwapActive_99F_Empress_p01a,,,,,,,,,,,,,,,,,,,,,,,,,,,,,,,,,,,,,,,,,,1,,,,,,,,,,,,,,,
99F_MSQ_ER_CreateIncense_Sun_SwapOut,TaskLockAchievement,,,,1,SwapActive_99F_Sun_p04a,,,,,,,,,,,,,,,,,,,,,,,,,,,,,,,,,,,,,,,,,,1,,,,,,,,,,,,,,,
99F_MSQ_ER_CreateIncense_Sun_SwapIn,TaskUnlockAchievement,,,,1,SwapActive_99F_Sun_p05,,,,,,,,,,,,,,,,,,,,,,,,,,,,,,,,,,,,,,,,,,1,,,,,,,,,,,,,,,
99F_MSQ_ER_CreateIncense_TalkToSun,TaskConversationTopic,,,,1,99F_Sun_05,,,,,,,,,,,,,,,,,99F_CreateIncense_Sun_TalkTo_01,,,,,,,,,,,,,,,,,,,,,,@99F_MSQ07_CreateIncense_TalkToSun_Desc,,7301.1914 5408.9727 93.7278,,,,,,,,,,,,,,,,
99F_MSQ_ER_CreateIncense_IncenseRecipe,TaskGiveItem,,,,1,99F_ER_Recipe_Panacea_Incense,,,,,,,,,,,,,,,,,,,,,,,,,,,,,,,,,,,,,,,,,,1,,,,,,,,,,,,,,,
99F_MSQ_ER_CreateIncense_Collect_container,SimpleTaskContainer,,,,,,,,,,,,,,,,,,,,,,,,,,,,,,,,,,,,,,,,,,,,@99F_MSQ07_CreateIncense_CollectIncense_Desc,,,,,,,,,,,,,,99F_MSQ_ER_CreateIncense_CollectMetalPlant,99F_MSQ_ER_CreateIncense_CollectFirePlant,99F_MSQ_ER_CreateIncense_CollectWaterPlant,99F_MSQ_ER_CreateIncense_CollectEarthPlant,
99F_MSQ_ER_CreateIncense_GatherMetal_container,ConsecutiveTaskContainer,,,,,,,,,,,,,,,,,,,,,,,,,,,,,,,,,,,,,,,,,,,,,,,1,,,,,,,,,,,99F_MSQ_ER_CreateIncense_CollectMetalPlant,,,,
99F_MSQ_ER_CreateIncense_CollectMetalPlant,TaskGatherAndReturnItems,,,,3,99F_ER_Elemental_Ingredient_Metal,99F_MSQ_07_CollectMetalPlant,100,,,,,,,,,,,,,,IO_99F_MSQ_07_CollectMetalPlant,,,,,,,,,,,,,,,,,,,,,,,@99F_MSQ07_CreateIncense_CollectMetalPlant_Desc,,7431.505371 5286.687500 116.984818,,,,,,,,,,,,,,,,
99F_MSQ_ER_CreateIncense_GatherFire_container,ConsecutiveTaskContainer,,,,,,,,,,,,,,,,,,,,,,,,,,,,,,,,,,,,,,,,,,,,,,,1,,,,,,,,,,,99F_MSQ_ER_CreateIncense_CollectFirePlant,,,,
99F_MSQ_ER_CreateIncense_CollectFirePlant,TaskGatherAndReturnItems,,,,2,99F_ER_Elemental_Ingredient_Fire,99F_MSQ_07_CollectFirePlant,100,,,,dynasty_fireshrine_30228,,,,,,,,,,IO_99F_MSQ_07_CollectFirePlant,,,,,,,,,,,,,,,,,,,,,,,@99F_MSQ07_CreateIncense_CollectFirePlant_Desc,,7754.727539 5098.005859 52.657978,,,,,,,,,,,,,,,,
99F_MSQ_ER_CreateIncense_GatherWater_container,ConsecutiveTaskContainer,,,,,,,,,,,,,,,,,,,,,,,,,,,,,,,,,,,,,,,,,,,,,,,1,,,,,,,,,,,99F_MSQ_ER_CreateIncense_CollectWaterPlant,,,,
99F_MSQ_ER_CreateIncense_CollectWaterPlant,TaskGatherAndReturnItems,,,,2,99F_ER_Elemental_Ingredient_Water,99F_MSQ_07_CollectWaterPlant,100,,,,,,,,,,,,,,IO_99F_MSQ_07_CollectWaterPlant,,,,,,,,,,,,,,,,,,,,,,,@99F_MSQ07_CreateIncense_CollectWaterPlant_Desc,,7881.167969 5185.694336 46.921104,,,,,,,,,,,,,,,,
99F_MSQ_ER_CreateIncense_GatherEarth_container,ConsecutiveTaskContainer,,,,,,,,,,,,,,,,,,,,,,,,,,,,,,,,,,,,,,,,,,,,,,,1,,,,,,,,,,,99F_MSQ_ER_CreateIncense_CollectEarthPlant,,,,
99F_MSQ_ER_CreateIncense_CollectEarthPlant,TaskGatherAndReturnItems,,,,3,99F_ER_Elemental_Ingredient_Earth,99F_MSQ_07_CollectEarthPlant,100,,,,dynasty_earthshrine_30231,,,,,,,,,,IO_99F_MSQ_07_CollectEarthPlant,,,,,,,,,,,,,,,,,,,,,,,@99F_MSQ07_CreateIncense_CollectEarthPlant_Desc,,7864.300781 5349.045410 49.197464,,,,,,,,,,,,,,,,
99F_MSQ_ER_CreateIncense_KillCorruptedForPlants,TaskKillContribution,,,,6,,,,,,,dynasty_earthshrine_30231,,,,,,,,,,,,,Corrupted,,,,,,,,,,,,,,,,,,,,@99F_MSQ05_MeetEmpress_StopCorruptWave_Desc,,7864.888184 5349.543457 49.099018,,,,,,,,,,,,,,,,
99F_MSQ_ER_CreateIncense_CraftIncense,TaskCraftRecipe,,,,1,,,,,,,,,,,,,,,99F_MSQ07_PanaceaIncense,,,,,,,,,,,,,,,,,,,,,,,,,@99F_MSQ07_CreateIncense_CraftPanacea_Desc,,7008.167480 5567.384277 292.323425,,,1,,,,,,,,,,,,,
99F_MSQ_ER_CreateIncense_IncenseSwap_Container,SimpleTaskContainer,,,,,,,,,,,,,,,,,,,,,,,,,,,,,,,,,,,,,,,,,,,,,,,1,,,,,,,,,,,99F_MSQ_ER_CreateIncense_Sun_SwapOut2,99F_MSQ_ER_CreateIncense_Sun_SwapIn2,99F_MSQ_ER_CreateIncense_GoToSun,,
99F_MSQ_ER_CreateIncense_Sun_SwapOut2,TaskLockAchievement,,,,1,SwapActive_99F_Sun_p05,,,,,,,,,,,,,,,,,,,,,,,,,,,,,,,,,,,,,,,,,,1,,,,,,,,,,,,,,,
99F_MSQ_ER_CreateIncense_Sun_SwapIn2,TaskUnlockAchievement,,,,1,SwapActive_99F_Sun_p05a,,,,,,,,,,,,,,,,,,,,,,,,,,,,,,,,,,,,,,,,,,1,,,,,,,,,,,,,,,
99F_MSQ_ER_CreateIncense_GoToSun,TaskTriggerArea,,,,1,,,,,,,,,,,,,,,,,,,Enter,,,,,,,,,,,,,,,,,,,,99F_CreateIncense_GoToSun,@99F_MSQ07_CreateIncense_GoToSun_Desc,,7947.079590 5540.826660 48.395100,,,,,,,,,,,,,,,,
99F_MSQ_ER_FightLiang_container,ConsecutiveTaskContainer,,,,,,,,,,,,,,,,,,,,,,,,,,,,,,,,,,,,,,,,,,,,,,,1,,,,,,,,,,,99F_MSQ_ER_FightLiang_Failsafe_Reset_container,99F_MSQ_ER_FightLiang_Sun_Walkaway,99F_MSQ_ER_FightLiang_Sun_SwapIn,99F_MSQ_ER_FightLiang_Prison_container,99F_MSQ_ER_FightLiang_Return_container
99F_MSQ_ER_FightLiang_Prison_container,ConsecutiveTaskContainer,,,,,,,,,,,,,,,,,,,,,,,,,,,,,,,,,,,,,,,,,,,,,,,1,,,,,,,,,,,99F_MSQ_ER_FightLiang_GoToPrison,99F_MSQ_ER_FightLiang_TalkToSunA,99F_MSQ_ER_FightLiang_Incense,99F_MSQ_ER_FightLiang_Trial_container,
99F_MSQ_ER_FightLiang_Sun_Failsafe_Reset,TaskLockAchievement,,,,1,SwapActive_99F_Sun_p06,,,,,,,,,,,,,,,,,,,,,,,,,,,,,,,,,,,,,,,,,,1,,,,,,,,,,,,,,,
99F_MSQ_ER_FightLiang_Liang_Failsafe_Reset,TaskLockAchievement,,,,1,SwapActive_99F_Liang_p01,,,,,,,,,,,,,,,,,,,,,,,,,,,,,,,,,,,,,,,,,,1,,,,,,,,,,,,,,,
99F_MSQ_ER_FightLiang_LiangAchievement_Reset,TaskLockAchievement,,,,1,99F_Sun_Greet_FightLiang_00Complete,,,,,,,,,,,,,,,,,,,,,,,,,,,,,,,,,,,,,,,,,,1,,,,,,,,,,,,,,,
99F_MSQ_ER_FightLiang_SunAchievement_Reset,TaskLockAchievement,,,,1,99F_MSQ_ER_FightLiang_SunAchievement,,,,,,,,,,,,,,,,,,,,,,,,,,,,,,,,,,,,,,,,,,1,,,,,,,,,,,,,,,
99F_MSQ_ER_FightLiang_Failsafe_Reset_container,ConsecutiveTaskContainer,,,,,,,,,,,,,,,,,,,,,,,,,,,,,,,,,,,,,,,,,,,,,,,1,,,,,,,,,,,99F_MSQ_ER_FightLiang_Sun_Failsafe_Reset,99F_MSQ_ER_FightLiang_Liang_Failsafe_Reset,99F_MSQ_ER_FightLiang_LiangAchievement_Reset,99F_MSQ_ER_FightLiang_SunAchievement_Reset,
99F_MSQ_ER_FightLiang_Sun_Walkaway,TaskLockAchievement,,,,1,SwapActive_99F_Sun_p05a,,,,,,,,,,,,,,,,,,,,,,,,,,,,,,,,,,,,,,,,,,1,,,,,,,,,,,,,,,
99F_MSQ_ER_FightLiang_Sun_SwapIn,TaskUnlockAchievement,,,,1,SwapActive_99F_Sun_p06,,,,,,,,,,,,,,,,,,,,,,,,,,,,,,,,,,,,,,,,,,1,,,,,,,,,,,,,,,
99F_MSQ_ER_FightLiang_GoToPrison,TaskGoToPOITag,,,,1,,,,,,,Dryad_Ruins_30233,,,,,,,,,,,,,,,,,,,,,,,,,,,,,,,,,@99F_MSQ08_FightLiang_GoToAgavaid_Desc,,8057.659180 5449.039551 62.642078,,,,,,,,,,,,,,,,
99F_MSQ_ER_FightLiang_TalkSun01_container,ConsecutiveTaskContainer,,,,,,,,,,,,,,,,,,,,,,,,,,,,,,,,,,,,,,,,,,,,,,,1,,,,,,,,,,,99F_MSQ_ER_FightLiang_TalkToSunAUnlock,99F_MSQ_ER_FightLiang_TalkToSunA,99F_MSQ_ER_FightLiang_TalkToSunALock,,
99F_MSQ_ER_FightLiang_TalkToSunAUnlock,TaskUnlockAchievement,,,,1,99F_MSQ_ER_FightLiang_TalkSun01,,,,,,,,,,,,,,,,,,,,,,,,,,,,,,,,,,,,,,,,,,1,,,,,,,,,,,,,,,
99F_MSQ_ER_FightLiang_TalkToSunA,TaskConversationTopic,,,,1,99F_Sun_06,,,,,,,,,,,,,,,,,99F_FightLiang_Sun_TalkTo_00,,,,,,,,,,,,,,,,,,,,,,@99F_MSQ08_FightLiang_TalkToSunA_Desc,,,,,,,,,,,,,,,,,,
99F_MSQ_ER_FightLiang_TalkToSunALock,TaskLockAchievement,,,,1,99F_MSQ_ER_FightLiang_TalkSun01,,,,,,,,,,,true,,,,,,,,,,,,,,,,,,,,,,,,,,,,,,,1,,,,,,,,,,,,,,,
99F_MSQ_ER_FightLiang_Incense,TaskInteract,,,,1,99F_MSQ_08_Incense,,,,,,,,,,,,,,,,IO_99F_MSQ_08_Incense,,,,,,,,,,,,,,,,,,,,,,,@99F_MSQ08_FightLiang_LightIncense_Desc,,8057.048828 5452.585938 62.362907,,,,,,,,,,,,,,,,
99F_MSQ_ER_FightLiang_TempTimer,TaskTimer,,,,,,,,,,,,,,,,,,,,,,,,,,5,,,,,,,,,,,,,,,,,,@99F_MSQ08_FightLiang_SubdueLiang_Desc,,,,,,,,,,,,,,,,,,
99F_MSQ_ER_FightLiang_Trial_container,ConsecutiveTaskContainer,,,,,,,,,,,,,,,,,,,,,,,,,,,,,,,,,,,,,,,,,,,,,,8064.735352 5452.250977 55.438068,1,,1,,,,,,,,,99F_MSQ_ER_FightLiang_UnlockTrial,99F_MSQ_ER_FightLiang_TrialFix_container,99F_MSQ_ER_FightLiang_KillLiang,99F_MSQ_ER_FightLiang_SoulExtract,99F_MSQ_ER_FightLiang_LiangAchievement
99F_MSQ_ER_FightLiang_TrialFix_container,PartialTaskContainer,,,,,,,,,,,,,,,,,,,,,,,,,,,,,,,,,,,,,,,,,,,,,,,1,,,,,,,,,,,99F_MSQ_ER_FightLiang_EnterTrial,99F_MSQ_ER_FightLiang_EnterTrialFix,,,
99F_MSQ_ER_FightLiang_UnlockTrial,TaskUnlockAchievement,,,,1,99F_Sun_Greet_FightLiang_00,,,,,,,,,,,,,,,,,,,,,,,,,,,,,,,,,,,,,,,,,,1,,,,,,,,,,,,,,,
99F_MSQ_ER_FightLiang_EnterTrial,TaskTriggerArea,,,,1,,,,,,,,,,,,,,,,,,,Enter,,,,,,,,,,,,,,,,,,,,99F_FightLiang_GoToWoodShrine,@99F_MSQ08_FightLiang_EnterWoodShrine_Desc,,8064.735352 5452.250977 55.438068,,,1,,,,,,,,,,,,,
99F_MSQ_ER_FightLiang_EnterTrialFix,TaskGameMode,,,,1,,,,,,,,QuestLiang,,,,,,,,,,,,,,,,,,,,,,,,,,,,,,,,@99F_MSQ08_FightLiang_EnterWoodShrine_Desc,,,1,,1,,,,,,,,,,,,,
99F_MSQ_ER_FightLiang_KillLiang,TaskGameEvent,,,,1,,,,,,,,QuestLiang,,,,,,,,,,,,99F_MSQ_08_Liang_Soul_Separation_interact,,,,,,,,,,,,,,,,,,,,@99F_MSQ08_FightLiang_SubdueLiang_Desc,,,,,,,,,,,,,,,,,,
99F_MSQ_ER_FightLiang_LiangAchievement,TaskUnlockAchievement,,,,1,99F_Sun_Greet_FightLiang_00Complete,,,,,,,,,,,,,,,,,,,,,,,,,,,,,,,,,,,,,,,,,,1,,,,,,,,,,,,,,,
99F_MSQ_ER_FightLiang_SoulExtract,TaskGameEvent,,,,1,,,,,,,,QuestLiang,,,,,,,,,,,,MSQ_AbominableLiang_Soul_interact,,,,,,,,,,,,,,,,,,,,@99F_Enc_Liang_Objective_Phase4FIX,,,,,1,,,,,,,,,,,,,
99F_MSQ_ER_FightLiang_Event_container,PartialTaskContainer,,,,,,,,,,,,,,,,,,,,,,,,,,,,,,,,,,,,,,,,,,,,,,8064.735352 5452.250977 55.438068,1,,1,,,,,,,,,99F_MSQ_ER_FightLiang_EventStart,99F_MSQ_ER_FightLiang_EventAdded,,,
99F_MSQ_ER_FightLiang_EventStart,TaskGameEvent,,,,1,,,,,,,,,,,,,,,,,,,,99F_MSQ_08_Liang_Soul_SeparationStart,,,,,,,,,,,,,,,,,,,,@99F_MSQ08_FightLiang_EnterWoodShrine_Desc,,8064.973633 5452.293945 55.566162,,,1,,,,,,,,,,,,,
99F_MSQ_ER_FightLiang_EventAdded,TaskGameEvent,,,,1,,,,,,,,,,,,,,,,,,,,99F_MSQ_08_Liang_Soul_SeparationAdd,,,,,,,,,,,,,,,,,,,,,,8065.941406 5452.069824 56.315434,1,,1,,,,,,,,,,,,,
99F_MSQ_ER_FightLiang_EventUpdate,TaskGameEvent,,,,1,,,,,,,,,,,,,,,,,,,,99F_MSQ_08_Liang_Soul_Separation_interact,,,,,,,,,,,,,,,,,,,,@99F_MSQ08_FightLiang_SubdueLiang_Desc,,8065.941406 5452.069824 56.315434,,,,,,,,,,,,,,,,
99F_MSQ_ER_FightLiang_Return_container,ConsecutiveTaskContainer,,,,,,,,,,,,,,,,,,,,,,,,,,,,,,,,,,,,,,,,,,,,,,,1,,,,,,,,,,,99F_MSQ_ER_FightLiang_LockTrial,99F_MSQ_ER_FightLiang_Liang_SwapIn,99F_MSQ_ER_FightLiang_TalkToSun,99F_MSQ_ER_FightLiang_SunAchievement,
99F_MSQ_ER_FightLiang_LockTrial,TaskLockAchievement,,,,1,99F_Sun_Greet_FightLiang_00,,,,,,,,,,,,,,,,,,,,,,,,,,,,,,,,,,,,,,,,,,1,,,,,,,,,,,,,,,
99F_MSQ_ER_FightLiang_Liang_SwapIn,TaskUnlockAchievement,,,,1,SwapActive_99F_Liang_p01,,,,,,,,,,,,,,,,,,,,,,,,,,,,,,,,,,,,,,,,,,1,,,,,,,,,,,,,,,
99F_MSQ_ER_FightLiang_GoToSun,TaskTriggerArea,,,,1,,,,,,,,,,,,,,,,,,,Enter,,,,,,,,,,,,,,,,,,,,99F_FightLiang_GoToSun,@99F_MSQ08_FightLiang_EnterWoodShrine_Desc,,8057.659180 5449.039551 62.642078,,,,,,,,,,,,,,,,
99F_MSQ_ER_FightLiang_TalkSun02_container,ConsecutiveTaskContainer,,,,,,,,,,,,,,,,,,,,,,,,,,,,,,,,,,,,,,,,,,,,,,,1,,,,,,,,,,,99F_MSQ_ER_FightLiang_TalkToSunBUnlock,99F_MSQ_ER_FightLiang_TalkToSun,99F_MSQ_ER_FightLiang_TalkToSunBLock,,
99F_MSQ_ER_FightLiang_TalkToSunBUnlock,TaskUnlockAchievement,,,,1,99F_MSQ_ER_FightLiang_TalkSun02,,,,,,,,,,,,,,,,,,,,,,,,,,,,,,,,,,,,,,,,,,1,,,,,,,,,,,,,,,
99F_MSQ_ER_FightLiang_TalkToSun,TaskConversationTopic,,,,1,99F_Sun_06,,,,,,,,,,,,,,,,,99F_FightLiang_Sun_TalkTo_01,,,,,,,,,,,,,,,,,,,,,,@99F_MSQ08_FightLiang_TalkToSun_Desc,,,,,,,,,,,,,,,,,,
99F_MSQ_ER_FightLiang_TalkToSunBLock,TaskLockAchievement,,,,1,99F_MSQ_ER_FightLiang_TalkSun02,,,,,,,,,,,true,,,,,,,,,,,,,,,,,,,,,,,,,,,,,,,1,,,,,,,,,,,,,,,
99F_MSQ_ER_FightLiang_SunAchievement,TaskUnlockAchievement,,,,1,99F_MSQ_ER_FightLiang_SunAchievement,,,,,,,,,,,,,,,,,,,,,,,,,,,,,,,,,,,,,,,,,,1,,,,,,,,,,,,,,,
99F_MSQ_ER_ReuniteFamily_container,ConsecutiveTaskContainer,,,,,,,,,,,,,,,,,,,,,,,,,,,,,,,,,,,,,,,,,,,,,,,1,,,,,,,,,,,99F_MSQ_ER_ReuniteFamily_SwapOut_container,99F_MSQ_ER_ReuniteFamily_Collect_container,99F_MSQ_ER_ReuniteFamily_Temple_container,99F_MSQ_ER_ReuniteFamily_Portal_container,
99F_MSQ_ER_ReuniteFamily_SwapOut_container,SimpleTaskContainer,,,,,,,,,,,,,,,,,,,,,,,,,,,,,,,,,,,,,,,,,,,,,,,1,,,,,,,,,,,99F_MSQ_ER_ReuniteFamily_Sun_Walkaway,99F_MSQ_ER_ReuniteFamily_Liang_Walkaway,99F_MSQ_ER_ReuniteFamily_Grace_SwapOut,,
99F_MSQ_ER_ReuniteFamily_Sun_Walkaway,TaskLockAchievement,,,,1,SwapActive_99F_Sun_p06,,,,,,,,,,,,,,,,,,,,,,,,,,,,,,,,,,,,,,,,,,1,,,,,,,,,,,,,,,
99F_MSQ_ER_ReuniteFamily_Liang_Walkaway,TaskLockAchievement,,,,1,SwapActive_99F_Liang_p01,,,,,,,,,,,,,,,,,,,,,,,,,,,,,,,,,,,,,,,,,,1,,,,,,,,,,,,,,,
99F_MSQ_ER_ReuniteFamily_Grace_SwapOut,TaskLockAchievement,,,,1,SwapActive_99F_Grace_p05,,,,,,,,,,,,,,,,,,,,,,,,,,,,,,,,,,,,,,,,,,1,,,,,,,,,,,,,,,
99F_MSQ_ER_ReuniteFamily_Collect_container,ConsecutiveTaskContainer,,,,,,,,,,,,,,,,,,,,,,,,,,,,,,,,,,,,,,,,,,,,,,,1,,,,,,,,,,,99F_MSQ_ER_ReuniteFamily_Wreck_container,99F_MSQ_ER_ReuniteFamily_Sun_container,,,
99F_MSQ_ER_ReuniteFamily_Wreck_container,ConsecutiveTaskContainer,,,,,,,,,,,,,,,,,,,,,,,,,,,,,,,,,,,,,,,,,,,,,,,1,,,,,,,,,,,99F_MSQ_ER_ReuniteFamily_GoToWreck,99F_MSQ_ER_ReuniteFamily_CollectCarving,99F_MSQ_ER_ReuniteFamily_SwapIn_container,99F_MSQ_ER_ReuniteFamily_GoToVillage,
99F_MSQ_ER_ReuniteFamily_MidShrineUnlock,TaskUnlockAchievement,,,,1,spiritshrine_30262_charted,,,,,,,,,,,,,,,,,,,,,,,,,,,,,,,,,,,,,,,,,,1,,,,,,,,,,,,,,,
99F_MSQ_ER_ReuniteFamily_MidShrineOptional,TaskGoToPOITag,,,,1,,,,,true,,spiritshrine_30262,,,,,,,,,,,,,,,,,,,,,,,,,,,,,,,,,@99F_MSQ01_GatherAllies_ShrineOptional,,,,,,,,,,,,,,,,,,
99F_MSQ_ER_ReuniteFamily_WreckPartial_container,PartialTaskContainer,,,,,,,,,,,,,,,,,,,,,,,,,,,,,,,,,,,,,,,,,,,,,,,1,,,,,,,,,,,,,,,
99F_MSQ_ER_ReuniteFamily_GoToWreck,TaskGoToPOITag,,,,1,,,,,,,dynasty_shipwreck_30227,,,,,,,,,,,,,,,,,,,,,,,,,,,,,,,,,@99F_MSQ09_ReuniteFamily_GoToShipwrecks_Desc,,7587.523438 4868.765625 42.219067,,,TRUE,,,,,,,,,,,,,
99F_MSQ_ER_ReuniteFamily_CollectCarving,TaskGatherAndReturnItems,,,,3,99F_ER_Liang_Wood_Carving_Kit,99F_MSQ_09_Liang_Wood_Carving_Kit,100,,,,dynasty_shipwreck_30227,,,true,,,,,,,IO_99F_MSQ_09_Liang_Wood_Carving_Kit,,,,,,,,,,,,,,,,,,,,,,,@99F_MSQ09_ReuniteFamily_FindCarvingKit_Desc,,7587.523438 4868.765625 42.219067,,,,,,,,,,,,,,,,
99F_MSQ_ER_ReuniteFamily_SwapIn_container,SimpleTaskContainer,,,,,,,,,,,,,,,,,,,,,,,,,,,,,,,,,,,,,,,,,,,,,,,1,,,,,,,,,,,99F_MSQ_ER_ReuniteFamily_Liang_SwapIn,99F_MSQ_ER_ReuniteFamily_Sun_SwapIn,99F_MSQ_ER_ReuniteFamily_Grace_SwapIn,,
99F_MSQ_ER_ReuniteFamily_Liang_SwapIn,TaskUnlockAchievement,,,,1,SwapActive_99F_Liang_p02,,,,,,,,,,,,,,,,,,,,,,,,,,,,,,,,,,,,,,,,,,1,,,,,,,,,,,,,,,
99F_MSQ_ER_ReuniteFamily_Sun_SwapIn,TaskUnlockAchievement,,,,1,SwapActive_99F_Sun_p07,,,,,,,,,,,,,,,,,,,,,,,,,,,,,,,,,,,,,,,,,,1,,,,,,,,,,,,,,,
99F_MSQ_ER_ReuniteFamily_Grace_SwapIn,TaskUnlockAchievement,,,,1,SwapActive_99F_Grace_p06,,,,,,,,,,,,,,,,,,,,,,,,,,,,,,,,,,,,,,,,,,1,,,,,,,,,,,,,,,
99F_MSQ_ER_ReuniteFamily_makeLiangGiftVisible,TaskUnlockAchievement,,,,1,Swap_08_EbonscaleReach_Title_13_01,,,,,,,,,,,,,,,,,,,,,,,,,,,,,,,,,,,,,,,,,,1,,,,,,,,,,,,,,,
99F_MSQ_ER_ReuniteFamily_OptionalShrine_container,PartialTaskContainer,,,,,,,,,,,,,,,,,,,,,,,,,,,,,,,,,,,,,,,,,,,,,,,1,,,,,,,,,,,99F_MSQ_ER_ReuniteFamily_GoToVillage,99F_MSQ_ER_ReuniteFamily_OptionalShrine,,,
99F_MSQ_ER_ReuniteFamily_GoToVillage,TaskGoToPOITag,,,,1,,,,,,,EbonscaleReach_Settlement_01,,,,,,,,,,,,,,,,,,,,,,,,,,,,,,,,,@99F_MSQ09_ReuniteFamily_GoToSettlement_Desc,,7282.054688 5379.218262 81.933144,,,,,,,,,,,,,,,,
99F_MSQ_ER_ReuniteFamily_OptionalShrine,TaskGoToPOITag,,,,1,,,,,,,EbonscaleReach_Settlement_01,,,,,,,,,,,,,,,,,,,,,,,,,,,,,,,,,@99F_MSQ01_GatherAllies_ShrineOptional,,7316.392090 4661.389160 42.487335,,,,,,,,,,,,,,,,
99F_MSQ_ER_ReuniteFamily_Sun_container,ConsecutiveTaskContainer,,,,,,,,,,,,,,,,,,,,,,,,,,,,,,,,,,,,,,,,,,,,,,,1,,,,,,,,,,,99F_MSQ_ER_ReuniteFamily_GoToSun,99F_MSQ_ER_ReuniteFamily_TalkToLiang,99F_MSQ_ER_ReuniteFamily_TalkToSun,99F_MSQ_ER_ReuniteFamily_TalkToGracePoem,99F_MSQ_ER_ReuniteFamily_Grace_container
99F_MSQ_ER_ReuniteFamily_GoToSun,TaskTriggerArea,,,,1,,,,,,,,,,,,,,,,,,,Enter,,,,,,,,,,,,,,,,,,,,99F_ReuniteFamily_GoToSun,@99F_MSQ09_ReuniteFamily_GoToSunInCity_Desc,,7306.298340 5409.275391 94.113838,,,,,,,,,,,,,,,,
99F_MSQ_ER_ReuniteFamily_TalkToLiang,TaskConversationTopic,,,,1,99F_Liang_02,,,,,,,,,,,,,,,,,99F_ReuniteFamily_Liang_TalkTo_01,,,,,,,,,,,,,,,,,,,,,,@99F_MSQ09_ReuniteFamily_TalkToLiang01_Desc,,7307.8232 5412.6187 93.6886,,,,,,,,,,,,,,,,
99F_MSQ_ER_ReuniteFamily_TalkToSun,TaskConversationTopic,,,,1,99F_Sun_07,,,,,,,,,,,,,,,,,99F_ReuniteFamily_Sun_TalkTo_01,,,,,,,,,,,,,,,,,,,,,,@99F_MSQ09_ReuniteFamily_TalkToSun01_Desc,,7307.6548 5410.7407 93.6886,,,,,,,,,,,,,,,,
99F_MSQ_ER_ReuniteFamily_TempTimer,TaskTimer,,,,,,,,,,,,,,,,,,,,,,,,,,5,,,,,,,,,,,,,,,,,,@99F_MSQ09_ReuniteFamily_ReadLiangPoem_Desc,,,,,,,,,,,,,,,,,,
99F_MSQ_ER_ReuniteFamily_LiangGift_container,ConsecutiveTaskContainer,,,,,,,,,,,,,,,,,,,,,,,,,,,,,,,,,,,,,,,,,,,,,,,1,,,,,,,,,,,99F_MSQ_ER_ReuniteFamily_makeLiangGiftVisible,99F_MSQ_ER_ReuniteFamily_readLiangGift,99F_MSQ_ER_ReuniteFamily_hearLiangGift,99F_MSQ_ER_ReuniteFamily_makeLiangGiftInvisible,
99F_MSQ_ER_ReuniteFamily_readLiangGift,TaskAchievement,,,,1,Lore_unlock_08_EbonscaleReach_Title_13_01,,,,,,,,,,,,,,,,,,,,,,,,,,,,,,,,,,,,,,,@99F_MSQ09_ReuniteFamily_ReadLiangPoem_Desc,,7235.894043 5391.072754 102.044617,,,,,,,,,,,,,,,,
99F_MSQ_ER_ReuniteFamily_hearLiangGift,TaskTriggerGameEvent,,,,,,,,,,,,,,,,,,,,,,,,99F_LiangGift_VoicedLoreNote_interact,,,,,,,,,,,,,,,,,,,,,,,1,1,,,,,,,,,,,,,,
99F_MSQ_ER_ReuniteFamily_makeLiangGiftInvisible,TaskLockAchievement,,,,1,Swap_08_EbonscaleReach_Title_13_01,,,,,,,,,,,,,,,,,,,,,,,,,,,,,,,,,,,,,,,,,,1,,,,,,,,,,,,,,,
99F_MSQ_ER_ReuniteFamily_TalkToGracePoem,TaskConversationTopic,,,,1,99F_Grace_06,,,,,,,,,,,,,,,,,99F_ReuniteFamily_Grace_TalkTo_01,,,,,,,,,,,,,,,,,,,,,,@99F_MSQ09_ReuniteFamily_TalkToGrace01_Desc,,7303.2539 5415.0947 93.6889,,,,,,,,,,,,,,,,
99F_MSQ_ER_ReuniteFamily_Grace_container,ConsecutiveTaskContainer,,,,,,,,,,,,,,,,,,,,,,,,,,,,,,,,,,,,,,,,,,,,,,,1,,,,,,,,,,,99F_MSQ_ER_ReuniteFamily_Liang_Walkaway2,99F_MSQ_ER_ReuniteFamily_Grace_Walkaway,99F_MSQ_ER_ReuniteFamily_TalkToSun02,99F_MSQ_ER_ReuniteFamily_Grace2_container,
99F_MSQ_ER_ReuniteFamily_Liang_Walkaway2,TaskLockAchievement,,,,1,SwapActive_99F_Liang_p02,,,,,,,,,,,,,,,,,,,,,,,,,,,,,,,,,,,,,,,,,,1,,,,,,,,,,,,,,,
99F_MSQ_ER_ReuniteFamily_Grace_Walkaway,TaskLockAchievement,,,,1,SwapActive_99F_Grace_p06,,,,,,,,,,,,,,,,,,,,,,,,,,,,,,,,,,,,,,,,,,1,,,,,,,,,,,,,,,
99F_MSQ_ER_ReuniteFamily_TalkToSun02,TaskConversationTopic,,,,1,99F_Sun_07,,,,,,,,,,,,,,,,,99F_ReuniteFamily_Sun_TalkTo_02,,,,,,,,,,,,,,,,,,,,,,@99F_MSQ09_ReuniteFamily_TalkToSun02_Desc,,,,,,,,,,,,,,,,,,
99F_MSQ_ER_ReuniteFamily_Grace2_container,ConsecutiveTaskContainer,,,,,,,,,,,,,,,,,,,,,,,,,,,,,,,,,,,,,,,,,,,,,,,1,,,,,,,,,,,99F_MSQ_ER_ReuniteFamily_Grace_SwapIn2,99F_MSQ_ER_ReuniteFamily_GoToGrace,99F_MSQ_ER_ReuniteFamily_TalkToGrace,99F_MSQ_ER_ReuniteFamily_Grace_Walkaway2,
99F_MSQ_ER_ReuniteFamily_Grace_SwapIn2,TaskUnlockAchievement,,,,1,SwapActive_99F_Grace_p07,,,,,,,,,,,,,,,,,,,,,,,,,,,,,,,,,,,,,,,,,,1,,,,,,,,,,,,,,,
99F_MSQ_ER_ReuniteFamily_SouthShrineUnlock,TaskUnlockAchievement,,,,1,spiritshrine_30261_charted,,,,,,,,,,,,,,,,,,,,,,,,,,,,,,,,,,,,,,,,,,1,,,,,,,,,,,,,,,
99F_MSQ_ER_ReuniteFamily_SouthShrineOptional,TaskGoToPOITag,,,,1,,,,,true,,spiritshrine_30261,,,,,,,,,,,,,,,,,,,,,,,,,,,,,,,,,@99F_MSQ01_GatherAllies_ShrineOptional,,,,,,,,,,,,,,,,,,
99F_MSQ_ER_ReuniteFamily_GracePartial_container,PartialTaskContainer,,,,,,,,,,,,,,,,,,,,,,,,,,,,,,,,,,,,,,,,,,,,,,,1,,,,,,,,,,,99F_MSQ_ER_ReuniteFamily_GoToGrace,99F_MSQ_ER_ReuniteFamily_SouthShrineOptional,,,
99F_MSQ_ER_ReuniteFamily_GoToGrace,TaskTriggerArea,,,,1,,,,,,,,,,,,,,,,,,,Enter,,,,,,,,,,,,,,,,,,,,99F_ReuniteFamily_GoToGrace,@99F_MSQ09_ReuniteFamily_GoToGrace_Desc,,6724.154785 4356.926270 82.370323,,,,,,,,,,,,,,,,
99F_MSQ_ER_ReuniteFamily_TalkToGrace,TaskConversationTopic,,,,1,99F_Grace_07,,,,,,,,,,,,,,,,,99F_ReuniteFamily_Grace_TalkTo_02,,,,,,,,,,,,,,,,,,,,,,@99F_MSQ09_ReuniteFamily_TalkToGrace02_Desc,,,,,,,,,,,,,,,,,,
99F_MSQ_ER_ReuniteFamily_Grace_Walkaway2,TaskLockAchievement,,,,1,SwapActive_99F_Grace_p07,,,,,,,,,,,,,,,,,,,,,,,,,,,,,,,,,,,,,,,,,,1,,,,,,,,,,,,,,,
99F_MSQ_ER_ReuniteFamily_Temple_container,ConsecutiveTaskContainer,,,,,,,,,,,,,,,,,,,,,,,,,,,,,,,,,,,,,,,,,,,,,,,1,,,,,,,,,,,99F_MSQ_ER_ReuniteFamily_StartClimb_container,99F_MSQ_ER_ReuniteFamily_MidClimb_container,99F_MSQ_ER_ReuniteFamily_UpperClimb_container,99F_MSQ_ER_ReuniteFamily_Poem_container,
99F_MSQ_ER_ReuniteFamily_StartClimb_container,ConsecutiveTaskContainer,,,,,,,,,,,,,,,,,,,,,,,,,,,,,,,,,,,,,,,,,,,,,,,1,,,,,,,,,,,99F_MSQ_ER_ReuniteFamily_ClimbingA,99F_MSQ_ER_ReuniteFamily_ClimbingB,99F_MSQ_ER_ReuniteFamily_ClimbingC,99F_MSQ_ER_ReuniteFamily_GoToTemple,
99F_MSQ_ER_ReuniteFamily_ClimbingA,TaskTriggerArea,,,,1,,,,,,,,,,,,,,,,,,,Enter,,,,,,,,,,,,,,,,,,,,99F_ReuniteFamily_GoToTempleA,@99F_MSQ09_ReuniteFamily_GoToSerenity_Desc,,6425.552246 4272.498535 78.146759,,,TRUE,,,,,,,,,,,,,
99F_MSQ_ER_ReuniteFamily_ClimbingB,TaskTriggerArea,,,,1,,,,,,,,,,,,,,,,,,,Enter,,,,,,,,,,,,,,,,,,,,99F_ReuniteFamily_GoToTempleB,@99F_MSQ09_ReuniteFamily_GoToSerenity_Desc,,6575.682129 4460.432129 152.953674,,,TRUE,,,,,,,,,,,,,
99F_MSQ_ER_ReuniteFamily_ClimbingC,TaskTriggerArea,,,,1,,,,,,,,,,,,,,,,,,,Enter,,,,,,,,,,,,,,,,,,,,99F_ReuniteFamily_GoToTempleC,@99F_MSQ09_ReuniteFamily_GoToSerenity_Desc,,6442.905273 4581.274414 222.591827,,,TRUE,,,,,,,,,,,,,
99F_MSQ_ER_ReuniteFamily_GoToTemple,TaskTriggerArea,,,,1,,,,,,,,,,,,,,,,,,,Enter,,,,,,,,,,,,,,,,,,,,99F_ReuniteFamily_GoToTemple,@99F_MSQ09_ReuniteFamily_GoToSerenity_Desc,,6358.572754 4532.019531 234.195282,,,TRUE,,,,,,,,,,,,,
99F_MSQ_ER_ReuniteFamily_MidClimb_container,ConsecutiveTaskContainer,,,,,,,,,,,,,,,,,,,,,,,,,,,,,,,,,,,,,,,,,,,,,,,1,,,,,,,,,,,99F_MSQ_ER_ReuniteFamily_GoToTemple2,99F_MSQ_ER_ReuniteFamily_GoToTemple3,99F_MSQ_ER_ReuniteFamily_GoToTemple4,99F_MSQ_ER_ReuniteFamily_GoToTemple5,
99F_MSQ_ER_ReuniteFamily_GoToTemple2,TaskTriggerArea,,,,1,,,,,,,,,,,,,,,,,,,Enter,,,,,,,,,,,,,,,,,,,,99F_ReuniteFamily_GoToTemple2,@99F_MSQ09_ReuniteFamily_GoToSerenity_Desc,,6407.688477 4532.282715 268.665375,,,TRUE,,,,,,,,,,,,,
99F_MSQ_ER_ReuniteFamily_GoToTemple3,TaskTriggerArea,,,,1,,,,,,,,,,,,,,,,,,,Enter,,,,,,,,,,,,,,,,,,,,99F_ReuniteFamily_GoToTemple3,@99F_MSQ09_ReuniteFamily_GoToSerenity_Desc,,6408.622559 4613.310059 279.031097,,,TRUE,,,,,,,,,,,,,
99F_MSQ_ER_ReuniteFamily_GoToTemple4,TaskTriggerArea,,,,1,,,,,,,,,,,,,,,,,,,Enter,,,,,,,,,,,,,,,,,,,,99F_ReuniteFamily_GoToTemple4,@99F_MSQ09_ReuniteFamily_GoToSerenity_Desc,,6463.039551 4650.945312 316.584839,,,TRUE,,,,,,,,,,,,,
99F_MSQ_ER_ReuniteFamily_GoToTemple5,TaskTriggerArea,,,,1,,,,,,,,,,,,,,,,,,,Enter,,,,,,,,,,,,,,,,,,,,99F_ReuniteFamily_GoToTemple5,@99F_MSQ09_ReuniteFamily_GoToSerenity_Desc,,6477.119141 4738.797852 335.191681,,,TRUE,,,,,,,,,,,,,
99F_MSQ_ER_ReuniteFamily_UpperClimb_container,ConsecutiveTaskContainer,,,,,,,,,,,,,,,,,,,,,,,,,,,,,,,,,,,,,,,,,,,,,,,1,,,,,,,,,,,99F_MSQ_ER_ReuniteFamily_GoToTemple6,99F_MSQ_ER_ReuniteFamily_GoToTemple7,99F_MSQ_ER_ReuniteFamily_GoToTemple8,99F_MSQ_ER_ReuniteFamily_SwapIn2_container,
99F_MSQ_ER_ReuniteFamily_GoToTemple6,TaskTriggerArea,,,,1,,,,,,,,,,,,,,,,,,,Enter,,,,,,,,,,,,,,,,,,,,99F_ReuniteFamily_GoToTemple6,@99F_MSQ09_ReuniteFamily_GoToSerenity_Desc,,6450.310059 4661.561035 347.715515,,,TRUE,,,,,,,,,,,,,
99F_MSQ_ER_ReuniteFamily_GoToTemple7,TaskTriggerArea,,,,1,,,,,,,,,,,,,,,,,,,Enter,,,,,,,,,,,,,,,,,,,,99F_ReuniteFamily_GoToTemple7,@99F_MSQ09_ReuniteFamily_GoToSerenity_Desc,,6445.456055 4739.560059 370.600342,,,TRUE,,,,,,,,,,,,,
99F_MSQ_ER_ReuniteFamily_GoToTemple8,TaskTriggerArea,,,,1,,,,,,,,,,,,,,,,,,,Enter,,,,,,,,,,,,,,,,,,,,99F_ReuniteFamily_GoToTemple8,@99F_MSQ09_ReuniteFamily_GoToSerenity_Desc,,6397.334961 4652.903809 407.098999,,,TRUE,,,,,,,,,,,,,
99F_MSQ_ER_ReuniteFamily_SwapIn2_container,SimpleTaskContainer,,,,,,,,,,,,,,,,,,,,,,,,,,,,,,,,,,,,,,,,,,,,,,,1,,,,,,,,,,,99F_MSQ_ER_ReuniteFamily_Liang_SwapIn2,99F_MSQ_ER_ReuniteFamily_Zhou_SwapIn,99F_MSQ_ER_ReuniteFamily_Unlock_portal_top,,
99F_MSQ_ER_ReuniteFamily_Liang_SwapIn2,TaskUnlockAchievement,,,,1,SwapActive_99F_Liang_p03,,,,,,,,,,,,,,,,,,,,,,,,,,,,,,,,,,,,,,,,,,1,,,,,,,,,,,,,,,
99F_MSQ_ER_ReuniteFamily_Zhou_SwapIn,TaskUnlockAchievement,,,,1,SwapActive_99F_Empress_p02,,,,,,,,,,,,,,,,,,,,,,,,,,,,,,,,,,,,,,,,,,1,,,,,,,,,,,,,,,
99F_MSQ_ER_ReuniteFamily_Unlock_portal_top,TaskUnlockAchievement,,,,1,99F_09_Portal_Top,,,,,,,,,,,,,,,,,,,,,,,,,,,,,,,,,,,,,,,,,,,1,,,,,,,,,,,,,,
99F_MSQ_ER_ReuniteFamily_DestroyNodes,TaskInteract,,,,3,,,,,,,,,,,,,,,,,99F_World_CorruptionWall,,,,,,,,,,,,,,,,,,,,,,,@99F_MSQ09_ReuniteFamily_DestroyNodes_Desc,,6370.431152 4588.960938 235.976013,,,,,,,,,,,,,,,,
99F_MSQ_ER_ReuniteFamily_IGC_container,ConsecutiveTaskContainer,,,,,,,,,,,,,,,,,,,,,,,,,,,,,,,,,,,,,,,,,,,,,,,1,,,,,,,,,,,99F_MSQ_ER_ReuniteFamily_Poem_container,99F_MSQ_ER_ReuniteFamily_MiniBossIGC_Fallthrough,,,
99F_MSQ_ER_ReuniteFamily_ClimbAndKill_container,SimpleTaskContainer,,,,,,,,,,,,,,,,,,,,,,,,,,,,,,,,,,,,,,,,,,,,,,,1,,,,,,,,,,,,,,,
99F_MSQ_ER_ReuniteFamily_KillCorrupted,TaskKillContribution,,,,4,,,,,,,dynasty_monastery_30240,,,,,,,,,,,,,Corrupted,,,,,,,,,,,,,,,,,,,,@99F_MSQ05_MeetEmpress_StopCorruptWave_Desc,,6362.898438 4646.244141 435.913330,,,,,,,,,,,,,,,,
99F_MSQ_ER_ReuniteFamily_Poem_container,ConsecutiveTaskContainer,,,,,,,,,,,,,,,,,,,,,,,,,,,,,,,,,,,,,,,,,,,,,,,1,,,,,,,,,,,99F_MSQ_ER_ReuniteFamily_GoToEmpressPoem,99F_MSQ_ER_ReuniteFamily_TalkToEmpressPoem,99F_MSQ_ER_ReuniteFamily_Liang_Walkaway3,99F_MSQ_ER_ReuniteFamily_Zhou_Walkaway,
99F_MSQ_ER_ReuniteFamily_GoToEmpressPoem,TaskTriggerArea,,,,1,,,,,,,,,,,,,,,,,,,Enter,,,,,,,,,,,,,,,,,,,,99F_ReuniteFamily_GoToEmpressPoem,@99F_MSQ09_ReuniteFamily_GoToZhou_Desc,,6374.054199 4658.295410 440.433075,,,TRUE,,,,,,,,,,,,,
99F_MSQ_ER_ReuniteFamily_TalkToEmpressPoem,TaskConversationTopic,,,,1,99F_Empress_02,,,,,,,,,,,,,,,,,99F_ReuniteFamily_Zhou_TalkTo_01,,,,,,,,,,,,,,,,,,,,,,@99F_MSQ09_ReuniteFamily_TalkToZhou_Desc,,,,,,,,,,,,,,,,,,
99F_MSQ_ER_ReuniteFamily_Liang_Walkaway3,TaskLockAchievement,,,,1,SwapActive_99F_Liang_p03,,,,,,,,,,,,,,,,,,,,,,,,,,,,,,,,,,,,,,,,,,1,,,,,,,,,,,,,,,
99F_MSQ_ER_ReuniteFamily_Zhou_Walkaway,TaskLockAchievement,,,,1,SwapActive_99F_Empress_p02,,,,,,,,,,,,,,,,,,,,,,,,,,,,,,,,,,,,,,,,,,1,,,,,,,,,,,,,,,
99F_MSQ_ER_ReuniteFamily_GoPoemStart,TaskTriggerArea,,,,1,,,,,,,,,,,,,,,,,,,Enter,,,,,,,,,,,,,,,,,,,,99F_ReuniteFamily_GoToEmpressPoem,@99F_MSQ09_ReuniteFamily_FollowZhou_Desc,,6138.7729 8599.4619 185.7107,,,,,,,,,,,,,,,,
99F_MSQ_ER_ReuniteFamily_MiniBossIGC_unlock,TaskUnlockAchievement,,,,1,99F_09_Portal_Top,,,,,,,,,,,,,,,,,,,,,,,,,,,,,,,,,,,,,,,,,,,1,,,,,,,,,,,,,,
99F_MSQ_ER_ReuniteFamily_MiniBossIGC_Fallthrough,PartialTaskContainer,,,,,,,,,,,,,,,,,,,,,,,,,,,,,,,,,,,,,,,,,,,,,,,1,1,,,,,,,,,,99F_MSQ_ER_ReuniteFamily_MiniBossIGC_timer,99F_MSQ_ER_ReuniteFamily_MiniBossIGC_HUDcheck,99F_MSQ_ER_ReuniteFamily_MiniBossIGC_watched,,
99F_MSQ_ER_ReuniteFamily_MiniBossIGC_timer,TaskTimer,,,,1,,,,,,,,,,,,,,,,,,,,,,20,,,,,,,,,,,,,,,,,,,,,,1,,,,,,,,,,,,,,
99F_MSQ_ER_ReuniteFamily_MiniBossIGC_HUDcheck,TaskOpenUiScreen,,,,1,,,,,,,,,,,,,,,,,,,HUD,,,,,,,,,,,,,,,,,,,,,,,,,1,,,,,,,,,,,,,,
99F_MSQ_ER_ReuniteFamily_MiniBossIGC_watched,TaskUnlockAchievement,,,,1,99F_09_Portal_Top,,,,,,,,,,,,,,,,,,,,,,,,,,,,,,,,,,,,,,,,,,,1,,,,,,,,,,,,,,
99F_MSQ_ER_ReuniteFamily_Portal_container,ConsecutiveTaskContainer,,,,,,,,,,,,,,,,,,,,,,,,,,,,,,,,,,,,,,,,,,,,,,,1,,,,,,,,,,,99F_MSQ_ER_ReuniteFamily_KillZhang,99F_MSQ_ER_ReuniteFamily_SwapIn3_container,,,
99F_MSQ_ER_ReuniteFamily_FollowEmpress,TaskTriggerArea,,,,1,,,,,,,,,,,,,,,,,,,Enter,,,,,,,,,,,,,,,,,,,,99F_ReuniteFamily_FollowEmpress,@99F_MSQ09_ReuniteFamily_FollowZhou_Desc,,6374.629395 4673.124512 440.422058,,,,,,,,,,,,,,,,
99F_MSQ_ER_ReuniteFamily_KillZhang,TaskKillContribution,,,,1,,,,,,,,,,,,,,,,,,,,Dynasty_Heavy_Named_08QP06,,,,,,,,,,,,,,,,,,,,@99F_MSQ09_ReuniteFamily_DefeatZhang_Desc,,6372.061523 4685.892578 440.421539,,,,,,,,,,,,,,,,
99F_MSQ_ER_ReuniteFamily_TempTimer2,TaskTimer,,,,,,,,,,,,,,,,,,,,,,,,,,5,,,,,,,,,,,,,,,,,,@99F_MSQ09_ReuniteFamily_EnterPortal_Desc,,,,,,,,,,,,,,,,,,
99F_MSQ_ER_ReuniteFamily_Unlock_portal,TaskUnlockAchievement,,,,1,99F_09_Portal_Exit,,,,,,,,,,,,,,,,,,,,,,,,,,,,,,,,,,,,,,,,,,,1,,,,,,,,,,,,,,
99F_MSQ_ER_ReuniteFamily_UsePortal_Fallthrough,PartialTaskContainer,,,,,,,,,,,,,,,,,,,,,,,,,,,,,,,,,,,,,,,,,,,,,,,1,,,,,,,,,,,99F_MSQ_ER_ReuniteFamily_UsePortal,99F_MSQ_ER_ReuniteFamily_UsePortal_IMPOSSIBLE,,,
99F_MSQ_ER_ReuniteFamily_UsePortal,TaskTriggerArea,,,,1,,,,,,,,,,,,,,,,,,,Enter,,,,,,,,,,,,,,,,,,,,99F_ReuniteFamily_UsePortal,@99F_MSQ09_ReuniteFamily_EnterPortal_Desc,,6107.334961 4254.120117 80.473724,,,,,,,,,,,,,,,,
99F_MSQ_ER_ReuniteFamily_UsePortal_IMPOSSIBLE,TaskGameEvent,,,,1,,,,,,,,,,,,,,,,,IO_99F_MSQ_09_UsePortal,,,,,,,,,,,,,,,,,,,,,,,@99F_MSQ09_ReuniteFamily_EnterPortal_Desc,,6366.8389 4694.688 441.4117,1,,1,,,,,,,,,,,,,
99F_MSQ_ER_ReuniteFamily_SwapIn3_container,ConsecutiveTaskContainer,,,,,,,,,,,,,,,,,,,,,,,,,,,,,,,,,,,,,,,,,,,,,,,1,,,,,,,,,,,99F_MSQ_ER_ReuniteFamily_Grace_SwapIn3,99F_MSQ_ER_ReuniteFamily_Unlock_portal,99F_MSQ_ER_ReuniteFamily_UsePortal_Fallthrough,,
99F_MSQ_ER_ReuniteFamily_FinalFinal_container,SimpleTaskContainer,,,,,,,,,,,,,,,,,,,,,,,,,,,,,,,,,,,,,,,,,,,,,,,1,,,,,,,,,,,,,,,
99F_MSQ_ER_ReuniteFamily_Grace_SwapIn3,TaskUnlockAchievement,,,,1,SwapActive_99F_Grace_p08a,,,,,,,,,,,,,,,,,,,,,,,,,,,,,,,,,,,,,,,,,,1,,,,,,,,,,,,,,,
99F_MSQ_ER_ReuniteFamily_Lock_portal,TaskLockAchievement,,,,1,99F_09_Portal_Exit,,,,,,,,,,,,,,,,,,,,,,,,,,,,,,,,,,,,,,,,,,,1,,,,,,,,,,,,,,
99F_MSQ_ER_StealBoat_container,ConsecutiveTaskContainer,,,,,,,,,,,,,,,,,,,,,,,,,,,,,,,,,,,,,,,,,,,,,,,1,,,,,,,,,,,99F_MSQ_ER_StealBoat_GraceSwap_container,99F_MSQ_ER_StealBoat_GoToBridge,99F_MSQ_ER_StealBoat_CauseB_container,99F_MSQ_ER_StealBoat_Causeway_container,99F_MSQ_ER_StealBoat_Ship2_container
99F_MSQ_ER_StealBoat_GoToBridge,TaskTriggerArea,,,,1,,,,,,,,,,,,,,,,,,,,,,,,,,,,,,,,,,,,,,,99F_StealBoat_GoToBridge,@99F_MSQ10_StealBoat_BridgeIntro_Desc,,6051.284180 4437.072266 87.245110,,,TRUE,,,,,,,,,,,,,
99F_MSQ_ER_StealBoat_CauseB_container,PartialTaskContainer,,,,,,,,,,,,,,,,,,,,,,,,,,,,,,,,,,,,,,,,,,,,,,,1,,,,,,,,,,,99F_MSQ_ER_StealBoat_BridgeKill_container,99F_MSQ_ER_StealBoat_GoToCausewayAlt,,,
99F_MSQ_ER_StealBoat_GoToCausewayAlt,TaskTriggerArea,,,,1,,,,,,,causeways_20222,,,,,,,,,,,,,,,,,,,,,,,,,,,,,,,,99F_StealBoat_GoToCauseway,@99F_MSQ10_StealBoat_GoToCauseway_Desc,,5732.352539 4423.392090 109.484451,1,,,,,,,,,,,,,,,
99F_MSQ_ER_StealBoat_GoToCauseway,TaskTriggerArea,,,,1,,,,,,,causeways_20222,,,,,,,,,,,,,,,,,,,,,,,,,,,,,,,,99F_StealBoat_GoToCauseway,@99F_MSQ10_StealBoat_GoToCauseway_Desc,,5732.352539 4423.392090 109.484451,,,,,,,,,,,,,,,,
99F_MSQ_ER_StealBoat_KillCauseway,TaskKillContribution,,,,4,,,,,,,,,,,,,,,,,,,,Corrupted,,,,,,,,,,,,,,,,,,,,@99F_MSQ05_MeetEmpress_StopCorruptWave_Desc,,,,,,,,,,,,,,,,,,
99F_MSQ_ER_StealBoat_GraceSwap_container,SimpleTaskContainer,,,,,,,,,,,,,,,,,,,,,,,,,,,,,,,,,,,,,,,,,,,,,,,1,,,,,,,,,,,99F_MSQ_ER_StealBoat_Grace_SwapOut,99F_MSQ_ER_StealBoat_Grace_SwapIn,,,
99F_MSQ_ER_StealBoat_BridgeKill_container,SimpleTaskContainer,,,,,,,,,,,,,,,,,,,,,,,,,,,,,,,,,,,,,,,,,,,,,,,1,,,,,,,,,,,99F_MSQ_ER_StealBoat_GoToCauseway,99F_MSQ_ER_StealBoat_KillCorrupted,,,
99F_MSQ_ER_StealBoat_Grace_SwapOut,TaskLockAchievement,,,,1,SwapActive_99F_Grace_p08a,,,,,,,,,,,,,,,,,,,,,,,,,,,,,,,,,,,,,,,,,,1,,,,,,,,,,,,,,,
99F_MSQ_ER_StealBoat_Grace_SwapIn,TaskUnlockAchievement,,,,1,SwapActive_99F_Grace_p09,,,,,,,,,,,,,,,,,,,,,,,,,,,,,,,,,,,,,,,,,,1,,,,,,,,,,,,,,,
99F_MSQ_ER_StealBoat_Causeway_container,SimpleTaskContainer,,,,,,,,,,,,,,,,,,,,,,,,,,,,,,,,,,,,,,,,,,,,@99F_MSQ10_StealBoat_HarborContainer_Desc,,,,,,,,,,,,,,99F_MSQ_ER_StealBoat_KillGeneral1Drop,99F_MSQ_ER_StealBoat_KillGeneral2Drop,99F_MSQ_ER_StealBoat_KillCorrupted,,
99F_MSQ_ER_StealBoat_KillGeneral1Drop,TaskHaveAndReturnItems,,,,1,99F_ER_Seal_of_Command01,Dynasty_Heavy_08QP08a,100,,,,causeways_20222,,,,,,,,,,,,,,,,,,,,,,,,,,,,,,,,,@99F_MSQ10_StealBoat_DefeatGeneral01_Desc,,5710.368164 4400.631836 106.951111,,,,,,,,,,,,,,,,
99F_MSQ_ER_StealBoat_KillGeneral1,TaskKillContribution,,,,1,99F_ER_Seal_of_Command01,,100,,,,causeways_20222,,,,,,,,,,,,,Dynasty_Heavy_08QP08a,,,,,,,,,,,,,,,,,,,,@99F_MSQ10_StealBoat_DefeatGeneral01_Desc,,5710.368164 4400.631836 106.951111,,,,,,,,,,,,,,,,
99F_MSQ_ER_StealBoat_CollectSeal1,TaskGatherAndReturnItems,,,,1,99F_ER_Seal_of_Command01,99F_MSQ_10_CommandSeal01,100,,,,causeways_20222,,,,,,,,,,IO_99F_MSQ_10_CommandSeal01,,,,,,,,,,,,,,,,,,,,,,,@99F_MSQ10_StealBoat_RetrieveSeal01_Desc,,5710.368164 4400.631836 106.951111,,,,,,,,,,,,,,,,
99F_MSQ_ER_StealBoat_KillGeneral2Drop,TaskHaveAndReturnItems,,,,1,99F_ER_Seal_of_Command02,Dynasty_Heavy_08QP08b,100,,,,causeways_20222,,,,,,,,,,,,,,,,,,,,,,,,,,,,,,,,,@99F_MSQ10_StealBoat_DefeatGeneral02_Desc,,5668.952637 4398.440918 107.556099,,,,,,,,,,,,,,,,
99F_MSQ_ER_StealBoat_KillGeneral2,TaskKillContribution,,,,1,99F_ER_Seal_of_Command02,,100,,,,causeways_20222,,,,,,,,,,,,,Dynasty_Heavy_08QP08b,,,,,,,,,,,,,,,,,,,,@99F_MSQ10_StealBoat_DefeatGeneral02_Desc,,5668.952637 4398.440918 107.556099,,,,,,,,,,,,,,,,
99F_MSQ_ER_StealBoat_CollectSeal2,TaskGatherAndReturnItems,,,,1,99F_ER_Seal_of_Command02,99F_MSQ_10_CommandSeal02,100,,,,causeways_20222,,,,,,,,,,IO_99F_MSQ_10_CommandSeal02,,,,,,,,,,,,,,,,,,,,,,,@99F_MSQ10_StealBoat_RetrieveSeal02_Desc,,5668.952637 4398.440918 107.556099,,,,,,,,,,,,,,,,
99F_MSQ_ER_StealBoat_KillCorrupted,TaskKillContribution,,,,4,,,,,,,causeways_20222,,,,,,,,,,,,,Corrupted,,,,,,,,,,,,,,,,,,,,@99F_MSQ05_MeetEmpress_StopCorruptWave_Desc,,,,,,,,,,,,,,,,,,
99F_MSQ_ER_StealBoat_Ship2_container,SimpleTaskContainer,,,,,,,,,,,,,,,,,,,,,,,,,,,,,,,,,,,,,,,,,,,,,,,1,,,,,,,,,,,99F_MSQ_ER_StealBoat_KillGeneral3Drop,,,,
99F_MSQ_ER_StealBoat_GoToShip2,TaskTriggerArea,,,,1,,,,,,,,,,,,,,,,,,,,,,,,,,,,,,,,,,,,,,,99F_StealBoat_GoToShip2,@99F_MSQ10_StealBoat_GoToDocks_Desc,,5460.315918 4297.884766 60.112038,,,TRUE,,,,,,,,,,,,,
99F_MSQ_ER_StealBoat_KillGeneral3Drop,TaskHaveAndReturnItems,,,,1,99F_ER_Seal_of_Command03,Dynasty_Heavy_08QP08c,100,,,,dynasty_harborage_20209,,,,,,,,,,,,,,,,,,,,,,,,,,,,,,,,,@99F_MSQ10_StealBoat_DefeatGeneral03_Desc,,5385.949707 4279.127441 48.499996,,,,,,,,,,,,,,,,
99F_MSQ_ER_StealBoat_KillGeneral3,TaskKillContribution,,,,1,99F_ER_Seal_of_Command03,99F_MSQ_10_CommandSeal03,100,,,,dynasty_harborage_20209,,,,,,,,,,,,,Dynasty_Heavy_08QP08c,,,,,,,,,,,,,,,,,,,,@99F_MSQ10_StealBoat_DefeatGeneral03_Desc,,5385.949707 4279.127441 48.499996,,,,,,,,,,,,,,,,
99F_MSQ_ER_StealBoat_CollectSeal3,TaskGatherAndReturnItems,,,,1,99F_ER_Seal_of_Command03,99F_MSQ_10_CommandSeal03,100,,,,dynasty_harborage_20209,,,,,,,,,,IO_99F_MSQ_10_CommandSeal03,,,,,,,,,,,,,,,,,,,,,,,@99F_MSQ10_StealBoat_RetrieveSeal03_Desc,,5385.949707 4279.127441 48.499996,,,,,,,,,,,,,,,,
99F_MSQ_ER_FightEmpress_container,ConsecutiveTaskContainer,,,,,,,,,,,,,,,,,,,,,,,,,,,,,,,,,,,,,,,,,,,,,,,1,,,,,,,,,,,99F_MSQ_ER_FightEmpress_UnlockTrial,99F_MSQ_ER_FightEmpress_reset_container,99F_MSQ_ER_FightEmpress_Trial_container,99F_MSQ_ER_FightEmpress_Swap_container,99F_MSQ_ER_FightEmpress_ReturnToSun
99F_MSQ_ER_FightEmpress_UnlockTrial,TaskUnlockAchievement,,,,1,Trial_Quest_EmpressZhou_Unlocked,,,,,,,,,,,,,,,,,,,,,,,,,,,,,,,,,,,,,,,@99F_MSQ11_FightEmpress_GoToPierGate_Desc,,5354.316895 4300.689941 42.712795,1,,,,,,,,,,,,,,,
99F_MSQ_ER_FightEmpress_reset_container,ConsecutiveTaskContainer,,,,,,,,,,,,,,,,,,,,,,,,,,,,,,,,,,,,,,,,,,,,,,,1,,,,,,,,,,,99F_MSQ_ER_FightEmpress_TrialComplete_Reset,99F_MSQ_ER_FightEmpress_PreLoadIGC_Reset,,,
99F_MSQ_ER_FightEmpress_TrialComplete_Reset,TaskLockAchievement,,,,1,Trial_Quest_EmpressZhou_Complete,,,,,,,,,,,,,,,,,,,,,,,,,,,,,,,,,,,,,,,,,,1,,,,,,,,,,,,,,,
99F_MSQ_ER_FightEmpress_PreLoadIGC_Reset,TaskLockAchievement,,,,1,IGC_Preload_Trial_Quest_EmpressZhou,,,,,,,,,,,,,,,,,,,,,,,,,,,,,,,,,,,,,,,,,,1,,,,,,,,,,,,,,,
99F_MSQ_ER_FightEmpress_Trial_container,ConsecutiveTaskContainer,,,,,,,,,,,,,,,,,,,,,,,,,,,,,,,,,,,,,,,,,,,,,,5354.298828 4300.669922 42.722610,1,,TRUE,,,,,,,,,99F_MSQ_ER_FightEmpress_GoTo_container,99F_MSQ_ER_FightEmpress_PreLoadIGC,99F_MSQ_ER_FightEmpress_KillEmpress,99F_MSQ_ER_FightEmpress_TrialComplete,99F_MSQ_ER_FightEmpress_IGCComplete
99F_MSQ_ER_FightEmpress_GoTo_container,PartialTaskContainer,,,,,,,,,,,,,,,,,,,,,,,,,,,,,,,,,,,,,,,,,,,,,,,1,,,,,,,,,,,99F_MSQ_ER_FightEmpress_GoToTrial,99F_MSQ_ER_FightEmpress_EnterTrial,,,
99F_MSQ_ER_FightEmpress_GoToTrial,TaskTriggerArea,,,,1,,,,,,,,,,,,,,,,,,,Enter,,,,,,,,,,,,,,,,,,,,99F_FightEmpress_EnterTrial,@99F_MSQ11_FightEmpress_GoToPierGate_Desc,,5354.298828 4300.669922 42.722610,,,TRUE,,,,,,,,,,,,,
99F_MSQ_ER_FightEmpress_EnterTrial,TaskGameMode,,,,1,,,,,,,,QuestEmpressZhou,,,,,,,,,,,,,,,,,,,,,,,,,,,,,,,,@99F_MSQ11_FightEmpress_GoToPierGate_Desc,,5352.654297 4301.883789 42.721046,1,,1,,,,,,,,,,,,,
99F_MSQ_ER_FightEmpress_PreLoadIGC,TaskUnlockAchievement,,,,1,IGC_Preload_Trial_Quest_EmpressZhou,,,,,,,,,,,,,,,,,,,,,,,,,,,,,,,,,,,,,,,,,,1,,,,,,,,,,,,,,,
99F_MSQ_ER_FightEmpress_KillEmpress,TaskKillContribution,,,,1,,,,,,,,QuestEmpressZhou,,,,,,,,,,,,Dynasty_Empress_Solo,,,,,,,,,,,,,,,,,,,,@99F_MSQ11_FightEmpress_DefeatZhou_Desc,,5290.630859 4375.414062 47.212727,,,,,,,,,,,,,,,,
99F_MSQ_ER_FightEmpress_TrialComplete,TaskUnlockAchievement,,,,1,Trial_Quest_EmpressZhou_Complete,,,,,,,,,,,,,,,,,,,,,,,,,,,,,,,,,,,,,,,,,,1,,,,,,,,,,,,,,,
99F_MSQ_ER_FightEmpress_IGCComplete,TaskCutsceneComplete,,,,1,99F_MSQ_11_GracesFarewell_IGC,,,,,,,,,,,,,,,,,,,,,,,,,,,,,,,,,,,,,,,,,,1,,,,,,,,,,,,,,,
99F_MSQ_ER_FightEmpress_UnloadIGC,TaskLockAchievement,,,,1,IGC_Preload_Trial_Quest_EmpressZhou,,,,,,,,,,,,,,,,,,,,,,,,,,,,,,,,,,,,,,,,,,1,,,,,,,,,,,,,,,
99F_MSQ_ER_FightEmpress_Movie_Container,ConsecutiveTaskContainer,,,,,,,,,,,,,,,,,,,,,,,,,,,,,,,,,,,,,,,,,,,,,,,1,,,,,,,,,,,99F_MSQ_ER_FightEmpress_Cinematic,99F_MSQ_ER_FightEmpress_Swap_container,,,
99F_MSQ_ER_FightEmpress_Cinematic,TaskGameEvent,,,,1,MB_MSQ2_Robes_Chest,,,,,,,,,,,,,,,,,,,MB_MSQ2_Robes_Chest,,,,,,,,,,,,,,,,,,,,,,,1,,,,,,,,,,,,,,,
99F_MSQ_ER_FightEmpress_Swap_container,SimpleTaskContainer,,,,,,,,,,,,,,,,,,,,,,,,,,,,,,,,,,,,,,,,,,,,,,,1,,,,,,,,,,,99F_MSQ_ER_FightEmpress_IGCWatched,99F_MSQ_ER_FightEmpress_Grace_SwapOut,99F_MSQ_ER_FightEmpress_Sun_SwapOut,99F_MSQ_ER_FightEmpress_Sun_SwapIn,99F_MSQ_ER_FightEmpress_Liang_SwapIn
99F_MSQ_ER_FightEmpress_IGCWatched,TaskUnLockAchievement,,,,1,99F_MSQ_11_GracesFarewell_IGC_Watched,,,,,,,,,,,,,,,,,,,,,,,,,,,,,,,,,,,,,,,,,,1,,,,,,,,,,,,,,,
99F_MSQ_ER_FightEmpress_Grace_SwapOut,TaskLockAchievement,,,,1,SwapActive_99F_Grace_p09,,,,,,,,,,,,,,,,,,,,,,,,,,,,,,,,,,,,,,,,,,1,,,,,,,,,,,,,,,
99F_MSQ_ER_FightEmpress_Sun_SwapOut,TaskLockAchievement,,,,1,SwapActive_99F_Sun_p07,,,,,,,,,,,,,,,,,,,,,,,,,,,,,,,,,,,,,,,,,,1,,,,,,,,,,,,,,,
99F_MSQ_ER_FightEmpress_Sun_SwapIn,TaskUnlockAchievement,,,,1,SwapActive_99F_Sun_p08,,,,,,,,,,,,,,,,,,,,,,,,,,,,,,,,,,,,,,,,,,1,,,,,,,,,,,,,,,
99F_MSQ_ER_FightEmpress_Liang_SwapIn,TaskUnlockAchievement,,,,1,SwapActive_99F_Liang_p04,,,,,,,,,,,,,,,,,,,,,,,,,,,,,,,,,,,,,,,,,,1,,,,,,,,,,,,,,,
99F_MSQ_ER_FightEmpress_ReturnToSun,TaskTriggerArea,,,,1,,,,,,,,,,,,,,,,,,,Enter,,,,,,,,,,,,,,,,,,,,99F_FightEmpress_ReturnToSun,@99F_MSQ11_FightEmpress_GoToSun_Desc,,5420.931152 4366.309570 40.150539,,,TRUE,,,,,,,,,,,,,
99F_MSQ_ER_DeliverPoem_container,ConsecutiveTaskContainer,,,,,,,,,,,,,,,,,,,,,,,,,,,,,,,,,,,,,,,,,,,,,,,1,,,,,,,,,,,99F_MSQ_ER_DeliverPoem_Walkaways_container,99F_MSQ_ER_DeliverPoem_CollectPoem,99F_MSQ_ER_DeliverPoem_Retreat_container,,
99F_MSQ_ER_DeliverPoem_Walkaways_container,ConsecutiveTaskContainer,,,,,,,,,,,,,,,,,,,,,,,,,,,,,,,,,,,,,,,,,,,,,,,1,,,,,,,,,,,99F_MSQ_ER_DeliverPoem_Sun_Walkaway,99F_MSQ_ER_DeliverPoem_Liang_Walkaway,,,
99F_MSQ_ER_DeliverPoem_Sun_Walkaway,TaskLockAchievement,,,,1,SwapActive_99F_Sun_p08,,,,,,,,,,,,,,,,,,,,,,,,,,,,,,,,,,,,,,,,,,1,,,,,,,,,,,,,,,
99F_MSQ_ER_DeliverPoem_Liang_Walkaway,TaskLockAchievement,,,,1,SwapActive_99F_Liang_p04,,,,,,,,,,,,,,,,,,,,,,,,,,,,,,,,,,,,,,,,,,1,,,,,,,,,,,,,,,
99F_MSQ_ER_DeliverPoem_TempTimer,TaskTimer,,,,,,,,,,,,,,,,,,,,,,,,,,5,,,,,,,,,,,,,,,,,,@99F_MSQ12_DeliverPoem_CollectPoem_Desc,,,,,,,,,,,,,,,,,,
99F_MSQ_ER_DeliverPoem_CollectPoem,TaskGatherAndReturnItems,,,,1,99F_ER_EmpressPoem,99F_MSQ_12_EmpressPoem,100,,,,,,,,,,,,,,IO_99F_MSQ_12_EmpressPoem,,,,,,,,,,,,,,,,,,,,,,,@99F_MSQ12_DeliverPoem_CollectPoem_Desc,,5414.881836 4367.719238 39.688328,,,,,,,,,,,,,,,,
99F_MSQ_ER_DeliverPoem_makeEmpressPoemVisible,TaskUnlockAchievement,,,,1,Swap_08_EbonscaleReach_Title_13_02,,,,,,,,,,,,,,,,,,,,,,,,,,,,,,,,,,,,,,,,,,1,,,,,,,,,,,,,,,
99F_MSQ_ER_DeliverPoem_EmpressPoem_container,ConsecutiveTaskContainer,,,,,,,,,,,,,,,,,,,,,,,,,,,,,,,,,,,,,,,,,,,,,,,1,,,,,,,,,,,99F_MSQ_ER_DeliverPoem_readEmpressPoem,99F_MSQ_ER_DeliverPoem_hearEmpressPoem,99F_MSQ_ER_DeliverPoem_makeEmpressPoemInvisible,,
99F_MSQ_ER_DeliverPoem_readEmpressPoem,TaskAchievement,,,,1,Lore_unlock_08_EbonscaleReach_Title_13_02,,,,,,,,,,,,,,,,,,,,,,,,,,,,,,,,,,,,,,,@99F_MSQ12_DeliverPoem_CollectPoem_Desc,,5414.881836 4367.719238 39.688328,,,,,,,,,,,,,,,,
99F_MSQ_ER_DeliverPoem_hearEmpressPoem,TaskTriggerGameEvent,,,,,,,,,,,,,,,,,,,,,,,,99F_EmpressPoem_VoicedLoreNote_interact,,,,,,,,,,,,,,,,,,,,,,,1,1,,,,,,,,,,,,,,
99F_MSQ_ER_DeliverPoem_makeEmpressPoemInvisible,TaskLockAchievement,,,,1,Swap_08_EbonscaleReach_Title_13_02,,,,,,,,,,,,,,,,,,,,,,,,,,,,,,,,,,,,,,,,,,1,,,,,,,,,,,,,,,
99F_MSQ_ER_DeliverPoem_Retreat_container,ConsecutiveTaskContainer,,,,,,,,,,,,,,,,,,,,,,,,,,,,,,,,,,,,,,,,,,,,,,,1,,,,,,,,,,,99F_MSQ_ER_DeliverPoem_Swap_container,99F_MSQ_ER_DeliverPoem_GoToRetreat,99F_MSQ_ER_DeliverPoem_TalkToLiang,99F_MSQ_ER_DeliverPoem_TalkToSun,99F_MSQ_ER_DeliverPoem_SunAchievement
99F_MSQ_ER_DeliverPoem_GoToRetreat,TaskGoToPOITag,,,,1,,,,,,,EbonscaleReach_Settlement_01,,,,,,,,,,,,,,,,,,,,,,,,,,,,,,,,,@99F_MSQ12_DeliverPoem_GoToRetreat_Desc,,7281.594238 5379.753906 81.942200,,,TRUE,,,,,,,,,,,,,
99F_MSQ_ER_DeliverPoem_GoToRetreatOldTV,TaskTriggerArea,,,,1,,,,,,,,,,,,,,,,,,,Enter,,,,,,,,,,,,,,,,,,,,99F_MeetEmpress_GoToRetreat,@99F_MSQ12_DeliverPoem_GoToRetreat_Desc,,7281.594238 5379.753906 81.942200,,,,,,,,,,,,,,,,
99F_MSQ_ER_DeliverPoem_Swap_container,SimpleTaskContainer,,,,,,,,,,,,,,,,,,,,,,,,,,,,,,,,,,,,,,,,,,,,,,,1,,,,,,,,,,,99F_MSQ_ER_DeliverPoem_Sun_SwapIn,99F_MSQ_ER_DeliverPoem_Liang_SwapIn,99F_MSQ_ER_DeliverPoem_Yash_SwapIn,,
99F_MSQ_ER_DeliverPoem_Sun_SwapIn,TaskUnlockAchievement,,,,1,SwapActive_99F_Sun_p09,,,,,,,,,,,,,,,,,,,,,,,,,,,,,,,,,,,,,,,,,,1,,,,,,,,,,,,,,,
99F_MSQ_ER_DeliverPoem_Liang_SwapIn,TaskUnlockAchievement,,,,1,SwapActive_99F_Liang_p05,,,,,,,,,,,,,,,,,,,,,,,,,,,,,,,,,,,,,,,,,,1,,,,,,,,,,,,,,,
99F_MSQ_ER_DeliverPoem_Yash_SwapIn,TaskUnlockAchievement,,,,1,SwapActive_99F_Yash_p03,,,,,,,,,,,,,,,,,,,,,,,,,,,,,,,,,,,,,,,,,,1,,,,,,,,,,,,,,,
99F_MSQ_ER_DeliverPoem_TalkToLiang,TaskConversationTopic,,,,1,99F_Liang_05,,,,,,,,,,,,,,,,,99F_DeliverPoem_Liang_TalkTo_01,,,,,,,,,,,,,,,,,,,,,,@99F_MSQ12_DeliverPoem_TalkToLiang_Desc,,,,,,,,,,,,,,,,,,
99F_MSQ_ER_DeliverPoem_TalkToSun,TaskConversationTopic,,,,1,99F_Sun_09,,,,,,,,,,,,,,,,,99F_DeliverPoem_Sun_TalkTo_01,,,,,,,,,,,,,,,,,,,,,,@99F_MSQ12_DeliverPoem_TalkToSun_Desc,,,,,,,,,,,,,,,,,,
99F_MSQ_ER_DeliverPoem_SunAchievement,TaskUnlockAchievement,,,,1,99F_Sun_09_TalkTo_Achievement,,,,,,,,,,,,,,,,,,,,,,,,,,,,,,,,,,,,,,,,,,1,,,,,,,,,,,,,,,
99F_MSQ_ER_General_TempTimer,TaskTimer,,,,,,,,,,,,,,,,,,,,,,,,,,5,,,,,,,,,,,,,,,,,,,,,,,,,,,,,,,,,,,,
